Rk,Player,Nation,Pos,Squad,Age,Born,MP,Starts,Min,90s,Gls,Ast,G+A,G-PK,PK,PKatt,CrdY,CrdR,Gls.1,Ast.1,G+A.1,G-PK.1,G+A-PK,Matches,Pos_Primary,Is_Multi_Pos,Player_Key,Season,Table_Type,Sh,SoT,SoT%,Sh/90,SoT/90,G/Sh,G/SoT,Mn/MP,Min%,Mn/Start,Compl,Subs,Mn/Sub,unSub,PPM,onG,onGA,+/-,+/-90,On-Off,2CrdY,Fls,Fld,Off,Crs,Int,TklW,PKwon,PKcon,OG,MP_gk,Starts_gk,Min_gk,90s_gk,GA,GA90,SoTA,Saves,Save%,W,D,L,CS,CS%,PKatt_gk,PKA,PKsv,PKm,Save%.1,Squad_Original
60,Daniel Bentley,eng ENG,GK,Bristol City,26.0,1993.0,43,42,"3,843",42.7,0.0,0.0,0.0,0.0,0.0,0.0,0.02,0.0,0.0,0.0,0.0,0.0,0.0,Matches,GK,False,daniel bentley,2019-2020,standard,0.0,0.0,,0.0,0.0,,,89,92.8,90.0,0.98,0.02,63.0,0.02,1.42,1.33,1.43,-0.09,-0.09,0.21,0.0,0.0,10.0,0.0,0.0,2.0,1.0,,,0.0,43.0,42.0,"3,843",42.7,61.0,1.43,191.0,134.0,70.2,17.0,10.0,15.0,10.0,23.8,4.0,4.0,0.0,0.0,0.0,Bristol City
65,Marcus Bettinelli,eng ENG,GK,Fulham,27.0,1992.0,14,13,"1,242",13.8,0.0,0.0,0.0,0.0,0.0,0.0,0.22,0.0,0.0,0.0,0.0,0.0,0.0,Matches,GK,False,marcus bettinelli,2019-2020,standard,0.0,0.0,,0.0,0.0,,,89,30.0,90.0,0.94,0.07,72.0,2.25,1.43,1.45,1.09,0.36,0.36,0.02,0.0,1.0,7.0,0.0,0.0,1.0,0.0,,,0.0,14.0,13.0,"1,242",13.8,15.0,1.09,35.0,21.0,60.0,5.0,4.0,4.0,4.0,30.8,1.0,1.0,0.0,0.0,0.0,Fulham
66,Bartosz Białkowski,pl POL,GK,Millwall,32.0,1987.0,46,45,"4,098",45.5,0.0,0.0,0.0,0.0,0.0,0.0,0.02,0.0,0.0,0.0,0.0,0.0,0.0,Matches,GK,False,bartosz biakowski,2019-2020,standard,0.0,0.0,,0.0,0.0,,,89,99.0,90.0,0.99,0.02,48.0,0.0,1.48,1.23,1.12,0.11,0.11,-2.03,0.0,1.0,3.0,0.0,0.0,1.0,0.0,,,1.0,46.0,45.0,"4,098",45.5,51.0,1.12,190.0,141.0,74.2,16.0,17.0,12.0,16.0,35.6,3.0,2.0,1.0,0.0,33.3,Millwall
107,Jack Butland,eng ENG,GK,Stoke,26.0,1993.0,35,35,"3,150",35.0,0.0,0.0,0.0,0.0,0.0,0.0,0.0,0.0,0.0,0.0,0.0,0.0,0.0,Matches,GK,False,jack butland,2019-2020,standard,0.0,0.0,,0.0,0.0,,,90,76.1,90.0,1.0,0.0,,0.23,1.14,1.4,1.6,-0.2,-0.2,-0.29,0.0,0.0,3.0,0.0,0.0,0.0,0.0,,,1.0,35.0,35.0,"3,150",35.0,56.0,1.6,125.0,73.0,58.4,11.0,7.0,17.0,9.0,25.7,4.0,4.0,0.0,0.0,0.0,Stoke City
112,Rafael Cabral,br BRA,GK,Reading,29.0,1990.0,44,44,"3,960",44.0,0.0,0.0,0.0,0.0,0.0,0.0,0.02,0.0,0.0,0.0,0.0,0.0,0.0,Matches,GK,False,rafael cabral,2019-2020,standard,0.0,0.0,,0.0,0.0,,,90,95.7,90.0,1.0,0.0,,0.0,1.27,1.3,1.2,0.09,0.09,1.59,0.0,0.0,3.0,0.0,0.0,0.0,0.0,,,0.0,44.0,44.0,"3,960",44.0,53.0,1.2,198.0,148.0,74.7,15.0,11.0,18.0,13.0,29.5,3.0,3.0,0.0,0.0,0.0,Reading
115,Lee Camp,nir NIR,GK,Birmingham,34.0,1984.0,36,36,"3,240",36.0,0.0,0.03,0.03,0.0,0.0,0.0,0.0,0.0,0.0,0.03,0.03,0.0,0.03,Matches,GK,False,lee camp,2019-2020,standard,0.0,0.0,,0.0,0.0,,,90,78.3,90.0,1.0,0.0,,0.28,1.19,1.08,1.47,-0.39,-0.39,0.31,0.0,0.0,5.0,0.0,0.0,0.0,0.0,,,0.0,36.0,36.0,"3,240",36.0,53.0,1.47,120.0,76.0,60.8,11.0,10.0,15.0,7.0,19.4,9.0,6.0,3.0,0.0,33.3,Birmingham City
126,Kiko Casilla,es ESP,GK,Leeds,32.0,1986.0,36,36,"3,240",36.0,0.0,0.0,0.0,0.0,0.0,0.0,0.06,0.0,0.0,0.0,0.0,0.0,0.0,Matches,GK,False,kiko casilla,2019-2020,standard,0.0,0.0,,0.0,0.0,,,90,78.3,90.0,1.0,0.0,,0.03,1.89,1.47,0.86,0.61,0.61,-1.39,0.0,0.0,5.0,0.0,0.0,2.0,0.0,,,0.0,36.0,36.0,"3,240",36.0,31.0,0.86,99.0,71.0,71.7,20.0,8.0,8.0,15.0,41.7,3.0,3.0,0.0,0.0,0.0,Leeds United
145,Joel Coleman,eng ENG,GK,Huddersfield,23.0,1995.0,3,2,188,2.1,0.0,0.0,0.0,0.0,0.0,0.0,0.0,0.0,0.0,0.0,0.0,0.0,0.0,Matches,GK,False,joel coleman,2019-2020,standard,0.0,0.0,,0.0,0.0,,,63,4.5,90.0,0.95,0.48,8.0,13.3,1.0,1.9,3.33,-1.43,-1.44,-1.09,0.0,0.0,0.0,0.0,0.0,0.0,0.0,,,0.0,3.0,2.0,188,2.1,7.0,3.35,13.0,6.0,46.2,0.0,0.0,2.0,0.0,0.0,0.0,0.0,0.0,0.0,,Huddersfield
147,Bradley Collins,eng ENG,GK,Barnsley,22.0,1997.0,19,19,"1,710",19.0,0.0,0.0,0.0,0.0,0.0,0.0,0.05,0.0,0.0,0.0,0.0,0.0,0.0,Matches,GK,False,bradley collins,2019-2020,standard,0.0,0.0,,0.0,0.0,,,90,41.3,90.0,1.0,0.0,,1.32,0.79,0.95,1.63,-0.68,-0.68,-0.42,0.0,0.0,4.0,0.0,0.0,0.0,1.0,,,0.0,19.0,19.0,"1,710",19.0,31.0,1.63,84.0,56.0,66.7,3.0,6.0,10.0,4.0,21.1,3.0,3.0,0.0,0.0,0.0,Barnsley
171,Adam Davies,wls WAL,GK,Stoke,27.0,1992.0,4,4,360,4.0,0.0,0.0,0.0,0.0,0.0,0.0,0.0,0.0,0.0,0.0,0.0,0.0,0.0,Matches,GK,False,adam davies,2019-2020,standard,0.0,0.0,,0.0,0.0,,,90,8.7,90.0,1.0,0.0,,5.5,2.5,2.0,0.5,1.5,1.5,1.79,0.0,0.0,0.0,0.0,0.0,0.0,1.0,,,0.0,4.0,4.0,360,4.0,2.0,0.5,9.0,7.0,77.8,3.0,1.0,0.0,2.0,50.0,0.0,0.0,0.0,0.0,,Stoke City
178,Cameron Dawson,eng ENG,GK,Sheffield Wed,24.0,1995.0,24,23,"2,079",23.1,0.0,0.0,0.0,0.0,0.0,0.0,0.0,0.0,0.0,0.0,0.0,0.0,0.0,Matches,GK,False,cameron dawson,2019-2020,standard,0.0,0.0,,0.0,0.0,,,87,50.2,90.0,1.0,0.04,9.0,0.95,1.38,1.26,1.47,-0.22,-0.22,-0.09,0.0,0.0,1.0,0.0,0.0,0.0,0.0,,,1.0,24.0,23.0,"2,079",23.1,34.0,1.47,83.0,51.0,61.4,8.0,6.0,9.0,7.0,30.4,3.0,2.0,0.0,1.0,0.0,Sheffield Weds
180,Joe Day,eng ENG,GK,Cardiff,28.0,1990.0,1,0,35,0.4,0.0,0.0,0.0,0.0,0.0,0.0,0.0,0.0,0.0,0.0,0.0,0.0,0.0,Matches,GK,False,joe day,2019-2020,standard,0.0,0.0,,0.0,0.0,,,35,0.8,,0.0,2.5,35.0,17.5,0.0,2.5,7.5,-5.0,-5.14,-5.41,0.0,0.0,0.0,0.0,0.0,0.0,0.0,,,0.0,1.0,0.0,35,0.4,3.0,7.71,4.0,1.0,25.0,0.0,0.0,0.0,0.0,,0.0,0.0,0.0,0.0,,Cardiff City
218,Neil Etheridge,ph PHI,GK,Cardiff,29.0,1990.0,16,16,"1,405",15.6,0.0,0.0,0.0,0.0,0.0,0.0,0.0,0.0,0.0,0.0,0.0,0.0,0.0,Matches,GK,False,neil etheridge,2019-2020,standard,0.0,0.0,,0.0,0.0,,,88,33.9,88.0,0.96,0.0,,1.54,1.31,1.47,1.54,-0.06,-0.06,-0.43,0.0,1.0,3.0,0.0,0.0,0.0,1.0,,,0.0,16.0,16.0,"1,405",15.6,24.0,1.54,61.0,38.0,62.3,5.0,6.0,5.0,3.0,18.8,2.0,1.0,0.0,1.0,0.0,Cardiff City
223,Adam Federici,au AUS,GK,Stoke,34.0,1985.0,7,7,630,7.0,0.0,0.0,0.0,0.0,0.0,0.0,0.0,0.0,0.0,0.0,0.0,0.0,0.0,Matches,GK,False,adam federici,2019-2020,standard,0.14,0.0,0.0,0.14,0.0,0.0,,90,15.2,90.0,1.0,0.0,,2.0,0.86,0.71,1.43,-0.71,-0.71,-0.69,0.0,0.0,1.0,0.0,0.0,0.0,0.0,,,0.0,7.0,7.0,630,7.0,10.0,1.43,31.0,22.0,71.0,2.0,0.0,5.0,1.0,14.3,1.0,1.0,0.0,0.0,0.0,Stoke City
228,Frank Fielding,eng ENG,GK,Millwall,31.0,1988.0,1,1,42,0.5,0.0,0.0,0.0,0.0,0.0,0.0,0.0,0.0,0.0,0.0,0.0,0.0,0.0,Matches,GK,False,frank fielding,2019-2020,standard,0.0,0.0,,0.0,0.0,,,42,1.0,42.0,0.0,0.0,,2.0,3.0,2.0,0.0,2.0,2.14,2.03,0.0,0.0,0.0,0.0,0.0,0.0,0.0,,,0.0,1.0,1.0,42,0.5,0.0,0.0,0.0,0.0,,1.0,0.0,0.0,1.0,100.0,0.0,0.0,0.0,0.0,,Millwall
264,Kamil Grabara,pl POL,GK,Huddersfield,20.0,1999.0,28,28,"2,512",27.9,0.0,0.0,0.0,0.0,0.0,0.0,0.11,0.0,0.0,0.0,0.0,0.0,0.0,Matches,GK,False,kamil grabara,2019-2020,standard,0.0,0.0,,0.0,0.0,,,90,60.7,90.0,0.97,0.0,,0.0,1.11,1.15,1.61,-0.47,-0.47,-0.19,0.0,1.0,7.0,0.0,0.0,0.0,0.0,,,0.0,28.0,28.0,"2,512",27.9,45.0,1.61,104.0,61.0,58.7,8.0,7.0,13.0,5.0,17.9,2.0,2.0,0.0,0.0,0.0,Huddersfield
281,Ben Hamer,eng ENG,GK,Derby,31.0,1987.0,25,24,"2,235",24.8,0.0,0.0,0.0,0.0,0.0,0.0,0.08,0.0,0.0,0.0,0.0,0.0,0.0,Matches,GK,False,ben hamer,2019-2020,standard,0.0,0.0,,0.0,0.0,,,89,54.0,90.0,0.97,0.04,75.0,0.77,1.56,1.57,1.37,0.2,0.2,0.53,0.0,1.0,5.0,0.0,0.0,1.0,0.0,,,0.0,25.0,24.0,"2,235",24.8,34.0,1.37,96.0,67.0,69.8,10.0,6.0,8.0,4.0,16.7,5.0,5.0,0.0,0.0,0.0,Derby County
315,Matt Ingram,eng ENG,GK,Hull,25.0,1993.0,1,1,90,1.0,0.0,0.0,0.0,0.0,0.0,0.0,0.0,0.0,0.0,0.0,0.0,0.0,0.0,Matches,GK,False,matt ingram,2019-2020,standard,0.0,0.0,,0.0,0.0,,,90,2.2,90.0,1.0,0.0,,45.0,0.0,0.0,1.0,-1.0,-1.0,-0.36,0.0,0.0,0.0,0.0,0.0,0.0,0.0,,,0.0,1.0,1.0,90,1.0,1.0,1.0,4.0,3.0,75.0,0.0,0.0,1.0,0.0,0.0,0.0,0.0,0.0,0.0,,Hull City
332,Sam Johnstone,eng ENG,GK,West Brom,26.0,1993.0,46,46,"4,140",46.0,0.0,0.0,0.0,0.0,0.0,0.0,0.02,0.0,0.0,0.0,0.0,0.0,0.0,Matches,GK,False,sam johnstone,2019-2020,standard,0.0,0.0,,0.0,0.0,,,90,100.0,90.0,1.0,0.0,,0.0,1.8,1.67,0.98,0.7,0.7,,0.0,1.0,1.0,0.0,0.0,0.0,0.0,,,2.0,46.0,46.0,"4,140",46.0,45.0,0.98,153.0,113.0,73.2,22.0,17.0,7.0,14.0,30.4,5.0,4.0,1.0,0.0,20.0,West Brom
333,Jamie Jones,eng ENG,GK,Wigan,30.0,1989.0,7,7,630,7.0,0.0,0.0,0.0,0.0,0.0,0.0,0.0,0.0,0.0,0.0,0.0,0.0,0.0,Matches,GK,False,jamie jones,2019-2020,standard,0.0,0.0,,0.0,0.0,,,90,15.2,90.0,1.0,0.0,,5.43,1.0,1.0,1.14,-0.14,-0.14,-0.19,0.0,1.0,2.0,0.0,0.0,0.0,0.0,,,0.0,7.0,7.0,630,7.0,8.0,1.14,23.0,15.0,65.2,1.0,4.0,2.0,1.0,14.3,0.0,0.0,0.0,0.0,,Wigan Athletic
348,Liam Kelly,sct SCO,GK,QPR,23.0,1996.0,19,19,"1,710",19.0,0.0,0.0,0.0,0.0,0.0,0.0,0.0,0.0,0.0,0.0,0.0,0.0,0.0,Matches,GK,False,liam kelly,2019-2020,standard,0.0,0.0,,0.0,0.0,,,90,41.3,90.0,1.0,0.0,,0.95,1.16,1.26,1.53,-0.26,-0.26,-0.12,0.0,1.0,1.0,0.0,0.0,0.0,1.0,,,0.0,19.0,19.0,"1,710",19.0,29.0,1.53,72.0,48.0,65.3,6.0,4.0,9.0,3.0,15.8,5.0,4.0,1.0,0.0,20.0,QPR
385,George Long,eng ENG,GK,Hull,25.0,1993.0,45,45,"4,050",45.0,0.0,0.02,0.02,0.0,0.0,0.0,0.04,0.0,0.0,0.02,0.02,0.0,0.02,Matches,GK,False,george long,2019-2020,standard,0.0,0.0,,0.0,0.0,,,90,97.8,90.0,1.0,0.0,,0.02,1.0,1.27,1.91,-0.64,-0.64,0.36,0.0,0.0,10.0,0.0,0.0,2.0,2.0,,,0.0,45.0,45.0,"4,050",45.0,86.0,1.91,193.0,115.0,59.6,12.0,9.0,24.0,7.0,15.6,8.0,8.0,0.0,0.0,0.0,Hull City
386,Jonas Lössl,dk DEN,GK,Huddersfield,30.0,1989.0,15,15,"1,350",15.0,0.0,0.0,0.0,0.0,0.0,0.0,0.07,0.0,0.0,0.0,0.0,0.0,0.0,Matches,GK,False,jonas lossl,2019-2020,standard,0.0,0.0,,0.0,0.0,,,90,32.6,90.0,1.0,0.0,,0.07,1.27,1.07,1.2,-0.13,-0.13,0.38,0.0,0.0,3.0,0.0,0.0,1.0,0.0,,,0.0,15.0,15.0,"1,350",15.0,18.0,1.2,56.0,38.0,67.9,5.0,4.0,6.0,6.0,40.0,0.0,0.0,0.0,0.0,,Huddersfield
391,Joe Lumley,eng ENG,GK,QPR,24.0,1995.0,27,27,"2,430",27.0,0.0,0.04,0.04,0.0,0.0,0.0,0.0,0.0,0.0,0.04,0.04,0.0,0.04,Matches,GK,False,joe lumley,2019-2020,standard,0.0,0.0,,0.0,0.0,,,90,58.7,90.0,1.0,0.0,,0.67,1.33,1.59,1.74,-0.15,-0.15,0.12,0.0,0.0,2.0,0.0,0.0,0.0,2.0,,,0.0,27.0,27.0,"2,430",27.0,47.0,1.74,111.0,68.0,62.2,10.0,6.0,11.0,3.0,11.1,5.0,5.0,0.0,0.0,0.0,QPR
397,Niki Mäenpää,fi FIN,GK,Bristol City,34.0,1985.0,4,4,297,3.3,0.0,0.0,0.0,0.0,0.0,0.0,0.0,0.0,0.0,0.0,0.0,0.0,0.0,Matches,GK,False,niki maenpaa,2019-2020,standard,0.0,0.0,,0.0,0.0,,,74,7.2,74.0,0.91,0.0,,6.67,0.5,0.91,1.21,-0.3,-0.3,-0.21,0.0,0.0,0.0,0.0,0.0,0.0,0.0,,,0.0,4.0,4.0,297,3.3,4.0,1.21,14.0,10.0,71.4,0.0,2.0,2.0,0.0,0.0,0.0,0.0,0.0,0.0,,Bristol City
406,David Marshall,sct SCO,GK,Wigan,34.0,1985.0,39,39,"3,510",39.0,0.0,0.0,0.0,0.0,0.0,0.0,0.0,0.0,0.0,0.0,0.0,0.0,0.0,Matches,GK,False,david marshall,2019-2020,standard,0.0,0.0,,0.0,0.0,,,90,84.8,90.0,1.0,0.0,,0.1,1.33,1.28,1.23,0.05,0.05,0.19,0.0,0.0,7.0,0.0,0.0,2.0,0.0,,,0.0,39.0,39.0,"3,510",39.0,48.0,1.23,133.0,86.0,64.7,14.0,10.0,15.0,15.0,38.5,1.0,1.0,0.0,0.0,0.0,Wigan Athletic
433,Illan Meslier,fr FRA,GK,Leeds,19.0,2000.0,10,10,900,10.0,0.0,0.0,0.0,0.0,0.0,0.0,0.0,0.0,0.0,0.0,0.0,0.0,0.0,Matches,GK,False,illan meslier,2019-2020,standard,0.0,0.0,,0.0,0.0,,,90,21.7,90.0,1.0,0.0,,2.4,2.5,2.4,0.4,2.0,2.0,1.39,0.0,0.0,1.0,0.0,0.0,2.0,0.0,,,0.0,10.0,10.0,900,10.0,4.0,0.4,25.0,21.0,84.0,8.0,1.0,1.0,7.0,70.0,0.0,0.0,0.0,0.0,,Leeds United
460,Erwin Mulder,nl NED,GK,Swansea,30.0,1989.0,4,3,271,3.0,0.0,0.0,0.0,0.0,0.0,0.0,0.0,0.0,0.0,0.0,0.0,0.0,0.0,Matches,GK,False,erwin mulder,2019-2020,standard,0.0,0.0,,0.0,0.0,,,68,6.5,90.0,1.0,0.33,1.0,6.0,1.67,2.33,1.0,1.33,1.33,1.21,0.0,0.0,0.0,0.0,0.0,0.0,0.0,,,0.0,4.0,3.0,271,3.0,3.0,1.0,8.0,6.0,75.0,2.0,1.0,0.0,1.0,33.3,2.0,1.0,0.0,1.0,0.0,Swansea City
464,Arijanet Muric,xk KVX,GK,Nott'm Forest,20.0,1998.0,4,4,360,4.0,0.0,0.0,0.0,0.0,0.0,0.0,0.0,0.0,0.0,0.0,0.0,0.0,0.0,Matches,GK,False,arijanet muric,2019-2020,standard,0.0,0.0,,0.0,0.0,,,90,8.7,90.0,1.0,0.0,,6.0,1.25,1.5,1.0,0.5,0.5,0.36,0.0,0.0,1.0,0.0,0.0,0.0,0.0,,,0.0,4.0,4.0,360,4.0,4.0,1.0,12.0,8.0,66.7,1.0,2.0,1.0,1.0,25.0,0.0,0.0,0.0,0.0,,Nottingham
511,Aynsley Pears,eng ENG,GK,Middlesbrough,21.0,1998.0,24,24,"2,160",24.0,0.0,0.0,0.0,0.0,0.0,0.0,0.0,0.0,0.0,0.0,0.0,0.0,0.0,Matches,GK,False,aynsley pears,2019-2020,standard,0.0,0.0,,0.0,0.0,,,90,52.2,90.0,1.0,0.0,,0.92,1.21,1.0,1.25,-0.25,-0.25,0.07,0.0,0.0,5.0,0.0,0.0,1.0,0.0,,,0.0,24.0,24.0,"2,160",24.0,30.0,1.25,93.0,64.0,68.8,7.0,8.0,9.0,7.0,29.2,1.0,1.0,0.0,0.0,0.0,Middlesbrough
522,Dillon Phillips,eng ENG,GK,Charlton Athletic,24.0,1995.0,46,46,"4,140",46.0,0.0,0.0,0.0,0.0,0.0,0.0,0.13,0.0,0.0,0.0,0.0,0.0,0.0,Matches,GK,False,dillon phillips,2019-2020,standard,0.0,0.0,,0.0,0.0,,,90,100.0,90.0,1.0,0.0,,0.0,1.04,1.09,1.41,-0.33,-0.33,,0.0,1.0,8.0,0.0,0.0,0.0,0.0,,,2.0,46.0,46.0,"4,140",46.0,65.0,1.41,213.0,154.0,71.4,12.0,12.0,22.0,9.0,19.6,6.0,4.0,2.0,0.0,33.3,Charlton Athletic
542,Darren Randolph,ie IRL,GK,Middlesbrough,32.0,1987.0,14,14,"1,260",14.0,0.0,0.0,0.0,0.0,0.0,0.0,0.07,0.0,0.0,0.0,0.0,0.0,0.0,Matches,GK,False,darren randolph,2019-2020,standard,0.0,0.0,,0.0,0.0,,,90,30.4,90.0,1.0,0.0,,0.0,0.86,1.07,1.5,-0.43,-0.43,-0.21,0.0,0.0,1.0,0.0,0.0,0.0,0.0,,,0.0,14.0,14.0,"1,260",14.0,21.0,1.5,59.0,39.0,66.1,2.0,6.0,6.0,2.0,14.3,1.0,1.0,0.0,0.0,0.0,Middlesbrough
545,David Raya,es ESP,GK,Brentford,23.0,1995.0,46,46,"4,140",46.0,0.0,0.0,0.0,0.0,0.0,0.0,0.0,0.0,0.0,0.0,0.0,0.0,0.0,Matches,GK,False,david raya,2019-2020,standard,0.02,0.0,0.0,0.02,0.0,0.0,,90,100.0,90.0,1.0,0.0,,0.0,1.71,1.74,0.83,0.91,0.91,,0.0,2.0,14.0,0.0,1.0,0.0,2.0,,,1.0,46.0,46.0,"4,140",46.0,38.0,0.83,134.0,98.0,73.9,24.0,9.0,13.0,16.0,34.8,3.0,3.0,0.0,0.0,0.0,Brentford
566,Marek Rodák,sk SVK,GK,Fulham,22.0,1996.0,33,33,"2,896",32.2,0.0,0.0,0.0,0.0,0.0,0.0,0.09,0.03,0.0,0.0,0.0,0.0,0.0,Matches,GK,False,marek rodak,2019-2020,standard,0.0,0.0,,0.0,0.0,,,88,70.0,88.0,0.99,0.0,,0.37,1.89,1.37,1.02,0.34,0.34,-0.02,0.0,4.0,3.0,0.0,0.0,0.0,0.0,,,0.0,33.0,33.0,"2,896",32.2,33.0,1.03,129.0,98.0,76.7,18.0,8.0,7.0,14.0,42.4,4.0,3.0,0.0,1.0,0.0,Fulham
572,Kelle Roos,nl NED,GK,Derby,27.0,1992.0,22,22,"1,905",21.2,0.0,0.0,0.0,0.0,0.0,0.0,0.0,0.0,0.0,0.0,0.0,0.0,0.0,Matches,GK,False,kelle roos,2019-2020,standard,0.0,0.0,,0.0,0.0,,,87,46.0,87.0,0.99,0.0,,1.13,1.27,1.08,1.42,-0.33,-0.33,-0.53,0.0,0.0,3.0,0.0,0.0,0.0,1.0,,,0.0,22.0,22.0,"1,905",21.2,30.0,1.42,91.0,65.0,70.3,7.0,7.0,8.0,5.0,22.7,5.0,3.0,1.0,1.0,25.0,Derby County
577,Declan Rudd,eng ENG,GK,Preston,28.0,1991.0,46,46,"4,140",46.0,0.0,0.0,0.0,0.0,0.0,0.0,0.07,0.0,0.0,0.0,0.0,0.0,0.0,Matches,GK,False,declan rudd,2019-2020,standard,0.02,0.0,0.0,0.02,0.0,0.0,,90,100.0,90.0,1.0,0.0,,0.0,1.43,1.28,1.17,0.11,0.11,,0.0,2.0,10.0,0.0,0.0,0.0,1.0,,,1.0,46.0,46.0,"4,140",46.0,54.0,1.17,157.0,108.0,68.8,18.0,12.0,16.0,9.0,19.6,5.0,5.0,0.0,0.0,0.0,Preston
579,Samuel Şahin-Radlinger,at AUT,GK,Barnsley,26.0,1992.0,18,18,"1,620",18.0,0.0,0.0,0.0,0.0,0.0,0.0,0.0,0.0,0.0,0.0,0.0,0.0,0.0,Matches,GK,False,samuel sahin-radlinger,2019-2020,standard,0.0,0.0,,0.0,0.0,,,90,39.1,90.0,1.0,0.0,,0.17,1.06,1.33,1.72,-0.39,-0.39,0.08,0.0,0.0,7.0,0.0,0.0,1.0,2.0,,,0.0,18.0,18.0,"1,620",18.0,31.0,1.72,73.0,43.0,58.9,5.0,4.0,9.0,2.0,11.1,1.0,1.0,0.0,0.0,0.0,Barnsley
580,Brice Samba,fr FRA,GK,Nott'm Forest,25.0,1994.0,40,40,"3,600",40.0,0.0,0.0,0.0,0.0,0.0,0.0,0.17,0.0,0.0,0.0,0.0,0.0,0.0,Matches,GK,False,brice samba,2019-2020,standard,0.0,0.0,,0.0,0.0,,,90,87.0,90.0,1.0,0.0,,0.07,1.63,1.27,1.02,0.25,0.25,0.58,0.0,0.0,7.0,0.0,0.0,1.0,0.0,,,0.0,40.0,40.0,"3,600",40.0,41.0,1.02,147.0,109.0,74.1,17.0,14.0,9.0,13.0,32.5,4.0,3.0,1.0,0.0,25.0,Nottingham
589,Ryan Schofield,eng ENG,GK,Huddersfield,19.0,1999.0,1,1,90,1.0,0.0,0.0,0.0,0.0,0.0,0.0,0.0,0.0,0.0,0.0,0.0,0.0,0.0,Matches,GK,False,ryan schofield,2019-2020,standard,0.0,0.0,,0.0,0.0,,,90,2.2,90.0,1.0,0.0,,15.0,1.0,0.0,0.0,0.0,0.0,0.4,0.0,0.0,0.0,0.0,0.0,0.0,0.0,,,0.0,1.0,1.0,90,1.0,0.0,0.0,3.0,2.0,100.0,0.0,1.0,0.0,1.0,100.0,0.0,0.0,0.0,0.0,,Huddersfield
599,James Shea,eng ENG,GK,Luton,28.0,1991.0,13,13,"1,170",13.0,0.0,0.0,0.0,0.0,0.0,0.0,0.0,0.0,0.0,0.0,0.0,0.0,0.0,Matches,GK,False,james shea,2019-2020,standard,0.0,0.0,,0.0,0.0,,,90,28.3,90.0,1.0,0.0,,2.08,0.69,1.08,2.46,-1.38,-1.38,-1.08,0.0,0.0,3.0,0.0,0.0,0.0,1.0,,,0.0,13.0,13.0,"1,170",13.0,32.0,2.46,76.0,48.0,61.8,3.0,0.0,10.0,1.0,7.7,4.0,3.0,1.0,0.0,25.0,Luton Town
613,Simon Sluga,hr CRO,GK,Luton,26.0,1993.0,33,33,"2,970",33.0,0.0,0.0,0.0,0.0,0.0,0.0,0.03,0.0,0.0,0.0,0.0,0.0,0.0,Matches,GK,False,simon sluga,2019-2020,standard,0.0,0.0,,0.0,0.0,,,90,71.7,90.0,1.0,0.0,,0.33,1.27,1.21,1.52,-0.3,-0.3,1.08,0.0,1.0,3.0,0.0,0.0,0.0,2.0,,,0.0,33.0,33.0,"2,970",33.0,50.0,1.52,146.0,97.0,67.1,11.0,9.0,13.0,6.0,18.2,3.0,2.0,0.0,1.0,0.0,Luton Town
615,Jordan Smith,eng ENG,GK,Nott'm Forest,24.0,1994.0,2,2,180,2.0,0.0,0.0,0.0,0.0,0.0,0.0,0.0,0.0,0.0,0.0,0.0,0.0,0.0,Matches,GK,False,jordan smith,2019-2020,standard,0.0,0.0,,0.0,0.0,,,90,4.3,90.0,1.0,0.0,,8.5,0.0,0.5,2.5,-2.0,-2.0,-2.27,0.0,0.0,0.0,0.0,0.0,0.0,0.0,,,0.0,2.0,2.0,180,2.0,5.0,2.5,10.0,5.0,50.0,0.0,0.0,2.0,0.0,0.0,0.0,0.0,0.0,0.0,,Nottingham
622,Alex Smithies,eng ENG,GK,Cardiff,29.0,1990.0,30,30,"2,700",30.0,0.0,0.0,0.0,0.0,0.0,0.0,0.03,0.0,0.0,0.0,0.0,0.0,0.0,Matches,GK,False,alex smithies,2019-2020,standard,0.0,0.0,,0.0,0.0,,,90,65.2,90.0,1.0,0.0,,0.47,1.72,1.47,1.03,0.43,0.43,0.62,0.0,0.0,2.0,0.0,0.0,0.0,2.0,,,0.0,30.0,30.0,"2,700",30.0,31.0,1.03,94.0,67.0,70.2,14.0,10.0,6.0,11.0,36.7,4.0,3.0,1.0,0.0,25.0,Cardiff City
633,Dejan Stojanović,at AUT,GK,Middlesbrough,26.0,1993.0,8,8,720,8.0,0.0,0.0,0.0,0.0,0.0,0.0,0.0,0.0,0.0,0.0,0.0,0.0,0.0,Matches,GK,False,dejan stojanovic,2019-2020,standard,0.0,0.0,,0.0,0.0,,,90,17.4,90.0,1.0,0.0,,0.25,1.5,1.13,1.25,-0.13,-0.12,0.19,0.0,0.0,2.0,0.0,0.0,0.0,0.0,,,0.0,8.0,8.0,720,8.0,10.0,1.25,32.0,23.0,71.9,4.0,0.0,4.0,3.0,37.5,1.0,1.0,0.0,0.0,0.0,Middlesbrough
656,Connal Trueman,eng ENG,GK,Birmingham,23.0,1996.0,10,10,900,10.0,0.0,0.0,0.0,0.0,0.0,0.0,0.0,0.0,0.0,0.0,0.0,0.0,0.0,Matches,GK,False,connal trueman,2019-2020,standard,0.0,0.0,,0.0,0.0,,,90,21.7,90.0,1.0,0.0,,2.3,0.7,1.5,2.2,-0.7,-0.7,-0.31,0.0,0.0,1.0,0.0,0.0,0.0,0.0,,,0.0,10.0,10.0,900,10.0,22.0,2.2,46.0,25.0,54.3,1.0,4.0,5.0,0.0,0.0,1.0,1.0,0.0,0.0,0.0,Birmingham City
667,João Virgínia,pt POR,GK,Reading,19.0,1999.0,2,2,180,2.0,0.0,0.0,0.0,0.0,0.0,0.0,0.0,0.0,0.0,0.0,0.0,0.0,0.0,Matches,GK,False,joao virginia,2019-2020,standard,0.0,0.0,,0.0,0.0,,,90,4.3,90.0,1.0,0.0,,3.0,0.0,1.0,2.5,-1.5,-1.5,-1.59,0.0,0.0,0.0,0.0,0.0,0.0,0.0,,,0.0,2.0,2.0,180,2.0,5.0,2.5,11.0,6.0,54.5,0.0,0.0,2.0,0.0,0.0,0.0,0.0,0.0,0.0,,Reading
676,Christian Walton,eng ENG,GK,Blackburn,23.0,1995.0,46,46,"4,140",46.0,0.0,0.02,0.02,0.0,0.0,0.0,0.02,0.0,0.0,0.02,0.02,0.0,0.02,Matches,GK,False,christian walton,2019-2020,standard,0.0,0.0,,0.0,0.0,,,90,100.0,90.0,1.0,0.0,,0.0,1.37,1.43,1.37,0.07,0.07,,0.0,2.0,8.0,0.0,0.0,0.0,0.0,,,0.0,46.0,46.0,"4,140",46.0,63.0,1.37,175.0,121.0,69.1,17.0,12.0,17.0,12.0,26.1,10.0,9.0,1.0,0.0,10.0,Blackburn
677,Jack Walton,eng ENG,GK,Barnsley,21.0,1998.0,9,9,810,9.0,0.0,0.0,0.0,0.0,0.0,0.0,0.0,0.0,0.0,0.0,0.0,0.0,0.0,Matches,GK,False,jack walton,2019-2020,standard,0.0,0.0,,0.0,0.0,,,90,19.6,90.0,1.0,0.0,,2.0,1.67,0.78,0.78,0.0,0.0,0.54,0.0,0.0,0.0,0.0,0.0,0.0,0.0,,,0.0,9.0,9.0,810,9.0,7.0,0.78,27.0,20.0,74.1,4.0,3.0,2.0,5.0,55.6,0.0,0.0,0.0,0.0,,Barnsley
686,Keiren Westwood,ie IRL,GK,Sheffield Wed,34.0,1984.0,14,14,"1,249",13.9,0.0,0.0,0.0,0.0,0.0,0.0,0.0,0.07,0.0,0.0,0.0,0.0,0.0,Matches,GK,False,keiren westwood,2019-2020,standard,0.0,0.0,,0.0,0.0,,,89,30.2,89.0,0.94,0.0,,0.14,1.29,1.22,1.08,0.14,0.14,0.46,0.0,2.0,2.0,0.0,0.0,0.0,0.0,,,0.0,14.0,14.0,"1,249",13.9,15.0,1.08,43.0,31.0,72.1,5.0,3.0,6.0,4.0,28.6,3.0,3.0,0.0,0.0,0.0,Sheffield Weds
692,Joe Wildsmith,eng ENG,GK,Sheffield Wed,23.0,1995.0,9,9,810,9.0,0.0,0.0,0.0,0.0,0.0,0.0,0.0,0.0,0.0,0.0,0.0,0.0,0.0,Matches,GK,False,joe wildsmith,2019-2020,standard,0.0,0.0,,0.0,0.0,,,90,19.6,90.0,1.0,0.0,,1.56,0.89,1.33,1.89,-0.56,-0.56,-0.47,0.0,0.0,1.0,0.0,0.0,0.0,0.0,,,0.0,9.0,9.0,810,9.0,17.0,1.89,30.0,16.0,53.3,2.0,2.0,5.0,2.0,22.2,3.0,3.0,0.0,0.0,0.0,Sheffield Weds
711,Freddie Woodman,eng ENG,GK,Swansea,22.0,1997.0,43,43,"3,869",43.0,0.0,0.0,0.0,0.0,0.0,0.0,0.02,0.0,0.0,0.0,0.0,0.0,0.0,Matches,GK,False,freddie woodman,2019-2020,standard,0.0,0.0,,0.0,0.0,,,90,93.5,90.0,0.98,0.0,,0.0,1.47,1.28,1.16,0.12,0.12,-1.21,0.0,0.0,5.0,0.0,0.0,0.0,0.0,,,0.0,43.0,43.0,"3,869",43.0,50.0,1.16,152.0,107.0,68.4,16.0,15.0,12.0,12.0,27.9,5.0,2.0,3.0,0.0,60.0,Swansea City
13,Ryan Allsop,eng ENG,GK,Wycombe,28.0,1992.0,29,29,"2,610",29.0,0.0,0.0,0.0,0.0,0.0,0.0,0.14,0.0,0.0,0.0,0.0,0.0,0.0,Matches,GK,False,ryan allsop,2020-2021,standard,0.0,0.0,,0.0,0.0,,,90,63.0,90.0,1.0,0.0,,0.45,0.66,0.76,1.76,-1.0,-1.0,-0.94,0.0,0.0,0.1,0.0,0.0,0.14,0.0,,,0.0,29.0,29.0,"2,610",29.0,1.76,1.76,4.86,3.28,67.4,0.14,0.24,0.62,0.14,13.8,0.17,0.17,0.0,0.0,0.0,Wycombe
20,Jordan Archer,sct SCO,GK,Middlesbrough,27.0,1993.0,5,5,450,5.0,0.0,0.0,0.0,0.0,0.0,0.0,0.0,0.0,0.0,0.0,0.0,0.0,0.0,Matches,GK,False,jordan archer,2020-2021,standard,0.0,0.0,,0.0,0.0,,,90,10.9,90.0,1.0,0.0,,3.8,1.4,1.4,1.6,-0.2,-0.2,-0.27,0.0,0.0,1.0,0.0,0.0,0.0,0.0,,,0.0,5.0,5.0,450,5.0,1.6,1.6,2.8,1.6,50.0,0.4,0.2,0.4,0.0,0.0,0.4,0.2,0.2,0.0,50.0,Middlesbrough
30,Daniel Bachmann,at AUT,GK,Watford,26.0,1994.0,23,23,"2,070",23.0,0.0,0.0,0.0,0.0,0.0,0.0,0.09,0.0,0.0,0.0,0.0,0.0,0.0,Matches,GK,False,daniel bachmann,2020-2021,standard,0.0,0.0,,0.0,0.0,,,90,50.0,90.0,1.0,0.0,,1.0,2.22,1.57,0.57,1.0,1.0,0.57,0.0,0.09,0.09,0.0,0.0,0.0,0.0,,,0.0,23.0,23.0,"2,070",23.0,0.57,0.57,2.0,1.52,76.1,0.7,0.13,0.17,0.57,56.5,0.13,0.09,0.04,0.0,33.3,Watford
45,Daniel Barden,wls WAL,GK,Norwich,19.0,2001.0,2,1,135,1.5,0.0,0.0,0.0,0.0,0.0,0.0,0.0,0.0,0.0,0.0,0.0,0.0,0.0,Matches,GK,False,daniel barden,2020-2021,standard,0.0,0.0,,0.0,0.0,,,68,3.3,90.0,0.67,0.67,45.0,14.7,2.0,2.0,1.33,0.67,0.67,-0.19,0.0,0.0,0.67,0.0,0.0,0.0,0.0,,,0.0,2.0,1.0,135,1.5,1.33,1.33,4.0,3.33,83.3,0.67,0.0,0.0,0.0,0.0,0.67,0.67,0.0,0.0,0.0,Norwich City
52,Asmir Begović,ba BIH,GK,Bournemouth,33.0,1987.0,45,45,"4,050",45.0,0.0,0.02,0.02,0.0,0.0,0.0,0.04,0.0,0.0,0.02,0.02,0.0,0.02,Matches,GK,False,asmir begovic,2020-2021,standard,0.0,0.0,,0.0,0.0,,,90,97.8,90.0,1.0,0.0,,0.0,1.64,1.56,0.98,0.58,0.58,-0.42,0.0,0.02,0.13,0.0,0.0,0.02,0.02,,,0.0,45.0,45.0,"4,050",45.0,0.98,0.98,3.49,2.62,74.5,0.47,0.24,0.29,0.33,33.3,0.11,0.09,0.02,0.0,20.0,Bournemouth
56,Steven Benda,de GER,GK,Swansea,21.0,1998.0,1,1,90,1.0,0.0,0.0,0.0,0.0,0.0,0.0,0.0,0.0,0.0,0.0,0.0,0.0,0.0,Matches,GK,False,steven benda,2020-2021,standard,0.0,0.0,,0.0,0.0,,,90,2.2,90.0,1.0,0.0,,22.0,3.0,2.0,1.0,1.0,1.0,0.64,0.0,0.0,0.0,0.0,0.0,0.0,0.0,,,0.0,1.0,1.0,90,1.0,1.0,1.0,5.0,4.0,80.0,1.0,0.0,0.0,0.0,0.0,0.0,0.0,0.0,0.0,,Swansea City
63,Daniel Bentley,eng ENG,GK,Bristol City,27.0,1993.0,43,43,"3,870",43.0,0.0,0.0,0.0,0.0,0.0,0.0,0.0,0.0,0.0,0.0,0.0,0.0,0.0,Matches,GK,False,daniel bentley,2020-2021,standard,0.0,0.0,,0.0,0.0,,,90,93.5,90.0,1.0,0.0,,0.02,1.14,1.0,1.44,-0.44,-0.44,0.56,0.0,0.02,0.3,0.0,0.0,0.0,0.0,,,0.02,43.0,43.0,"3,870",43.0,1.44,1.44,4.05,2.72,66.7,0.35,0.09,0.56,0.21,20.9,0.12,0.09,0.02,0.0,20.0,Bristol City
66,Marcus Bettinelli,eng ENG,GK,Middlesbrough,28.0,1992.0,41,41,"3,690",41.0,0.0,0.0,0.0,0.0,0.0,0.0,0.07,0.0,0.0,0.0,0.0,0.0,0.0,Matches,GK,False,marcus bettinelli,2020-2021,standard,0.0,0.0,,0.0,0.0,,,90,89.1,90.0,1.0,0.0,,0.12,1.39,1.17,1.1,0.07,0.07,0.27,0.0,0.02,0.1,0.0,0.0,0.0,0.0,,,0.0,41.0,41.0,"3,690",41.0,1.1,1.1,2.88,1.88,65.3,0.39,0.22,0.39,0.32,31.7,0.12,0.1,0.0,0.02,0.0,Middlesbrough
68,Bartosz Białkowski,pl POL,GK,Millwall,33.0,1987.0,46,46,"4,140",46.0,0.0,0.0,0.0,0.0,0.0,0.0,0.0,0.0,0.0,0.0,0.0,0.0,0.0,Matches,GK,False,bartosz biakowski,2020-2021,standard,0.0,0.0,,0.0,0.0,,,90,100.0,90.0,1.0,0.0,,0.0,1.35,1.02,1.13,-0.11,-0.11,,0.0,0.0,0.17,0.0,0.0,0.02,0.0,,,0.0,46.0,46.0,"4,140",46.0,1.13,1.13,3.65,2.59,70.2,0.33,0.37,0.3,0.37,37.0,0.09,0.04,0.02,0.02,33.3,Millwall
75,Jamal Blackman,eng ENG,GK,Rotherham,26.0,1993.0,26,25,"2,334",25.9,0.0,0.0,0.0,0.0,0.0,0.0,0.04,0.0,0.0,0.0,0.0,0.0,0.0,Matches,GK,False,jamal blackman,2020-2021,standard,0.0,0.0,,0.0,0.0,,,90,56.4,90.0,0.97,0.04,84.0,0.62,0.77,0.93,1.43,-0.5,-0.5,-0.35,0.0,0.04,0.27,0.0,0.0,0.0,0.04,,,0.0,26.0,25.0,"2,334",25.9,1.43,1.43,3.94,2.74,69.6,0.15,0.31,0.5,0.19,20.0,0.23,0.23,0.0,0.0,0.0,Rotherham
106,Josef Bursik,eng ENG,GK,Stoke,20.0,2000.0,15,15,"1,350",15.0,0.0,0.0,0.0,0.0,0.0,0.0,0.0,0.0,0.0,0.0,0.0,0.0,0.0,Matches,GK,False,josef bursik,2020-2021,standard,0.0,0.0,,0.0,0.0,,,90,32.6,90.0,1.0,0.0,,0.4,1.27,1.07,1.07,0.0,0.0,0.06,0.0,0.07,0.2,0.0,0.0,0.07,0.0,,,0.0,15.0,15.0,"1,350",15.0,1.07,1.07,2.4,1.4,58.3,0.27,0.47,0.27,0.47,46.7,0.07,0.07,0.0,0.0,0.0,Stoke City
110,Rafael Cabral,br BRA,GK,Reading,30.0,1990.0,45,45,"4,050",45.0,0.0,0.0,0.0,0.0,0.0,0.0,0.02,0.0,0.0,0.0,0.0,0.0,0.0,Matches,GK,False,rafael cabral,2020-2021,standard,0.0,0.0,,0.0,0.0,,,90,97.8,90.0,1.0,0.0,,0.0,1.53,1.33,1.16,0.18,0.18,0.18,0.0,0.0,0.09,0.0,0.0,0.02,0.02,,,0.0,45.0,45.0,"4,050",45.0,1.16,1.16,3.29,2.22,66.9,0.42,0.27,0.31,0.38,37.8,0.11,0.07,0.04,0.0,40.0,Reading
122,Joel Castro Pereira,pt POR,GK,Huddersfield,24.0,1996.0,2,2,180,2.0,0.0,0.0,0.0,0.0,0.0,0.0,0.0,0.0,0.0,0.0,0.0,0.0,0.0,Matches,GK,False,joel castro pereira,2020-2021,standard,0.0,0.0,,0.0,0.0,,,90,4.3,90.0,1.0,0.0,,16.5,0.0,1.5,5.5,-4.0,-4.0,-3.7,0.0,0.0,0.5,0.0,0.0,0.0,0.0,,,0.0,2.0,2.0,180,2.0,5.5,5.5,9.0,4.0,44.4,0.0,0.0,1.0,0.0,0.0,0.5,0.5,0.0,0.0,0.0,Huddersfield
143,Bradley Collins,eng ENG,GK,Barnsley,23.0,1997.0,22,22,"1,980",22.0,0.0,0.0,0.0,0.0,0.0,0.0,0.05,0.0,0.0,0.0,0.0,0.0,0.0,Matches,GK,False,bradley collins,2020-2021,standard,0.0,0.0,,0.0,0.0,,,90,47.8,90.0,1.0,0.0,,0.95,1.88,1.45,0.91,0.55,0.55,0.71,0.0,0.0,0.14,0.0,0.0,0.0,0.0,,,0.0,22.0,22.0,"1,980",22.0,0.91,0.91,2.73,1.82,66.7,0.59,0.23,0.18,0.41,40.9,0.0,0.0,0.0,0.0,,Barnsley
171,Luke Daniels,eng ENG,GK,Brentford,32.0,1988.0,4,4,360,4.0,0.0,0.0,0.0,0.0,0.0,0.0,0.0,0.0,0.0,0.0,0.0,0.0,0.0,Matches,GK,False,luke daniels,2020-2021,standard,0.0,0.0,,0.0,0.0,,,90,8.7,90.0,1.0,0.0,,10.5,1.0,1.5,1.5,0.0,0.0,-0.88,0.0,0.0,0.0,0.0,0.0,0.0,0.0,,,0.0,4.0,4.0,360,4.0,1.5,1.5,4.25,2.75,64.7,0.25,0.25,0.5,0.25,25.0,0.0,0.0,0.0,0.0,,Brentford
176,Adam Davies,wls WAL,GK,Stoke,28.0,1992.0,17,17,"1,485",16.5,0.0,0.0,0.0,0.0,0.0,0.0,0.06,0.0,0.0,0.0,0.0,0.0,0.0,Matches,GK,False,adam davies,2020-2021,standard,0.0,0.0,,0.0,0.0,,,87,35.9,87.0,0.97,0.0,,0.48,1.41,0.97,0.91,0.06,0.06,0.16,0.0,0.0,0.18,0.0,0.0,0.0,0.0,,,0.0,17.0,17.0,"1,485",16.5,0.91,0.91,2.79,1.82,67.4,0.36,0.36,0.3,0.48,47.1,0.0,0.0,0.0,0.0,,Stoke City
179,Cameron Dawson,eng ENG,GK,Sheffield Wed,25.0,1995.0,8,8,720,8.0,0.0,0.0,0.0,0.0,0.0,0.0,0.0,0.0,0.0,0.0,0.0,0.0,0.0,Matches,GK,False,cameron dawson,2020-2021,standard,0.0,0.0,,0.0,0.0,,,90,17.4,90.0,1.0,0.0,,1.0,1.0,0.63,1.13,-0.5,-0.5,-0.05,0.0,0.13,0.0,0.0,0.0,0.0,0.0,,,0.0,8.0,8.0,720,8.0,1.13,1.13,3.13,2.13,68.0,0.25,0.25,0.5,0.38,37.5,0.13,0.13,0.0,0.0,0.0,Sheffield Weds
192,Seny Dieng,sn SEN,GK,QPR,25.0,1994.0,42,42,"3,747",41.6,0.0,0.0,0.0,0.0,0.0,0.0,0.02,0.02,0.0,0.0,0.0,0.0,0.0,Matches,GK,False,seny dieng,2020-2021,standard,0.0,0.0,,0.0,0.0,,,89,90.5,89.0,0.99,0.0,,0.02,1.4,1.18,1.25,-0.07,-0.07,-1.22,0.0,0.02,0.24,0.0,0.0,0.02,0.0,,,0.0,42.0,42.0,"3,747",41.6,1.25,1.25,3.94,2.86,72.0,0.38,0.26,0.36,0.26,26.2,0.17,0.14,0.02,0.0,14.3,QPR
214,Neil Etheridge,ph PHI,GK,Birmingham,30.0,1990.0,43,43,"3,870",43.0,0.0,0.0,0.0,0.0,0.0,0.0,0.05,0.0,0.0,0.0,0.0,0.0,0.0,Matches,GK,False,neil etheridge,2020-2021,standard,0.0,0.0,,0.0,0.0,,,90,93.5,90.0,1.0,0.0,,0.02,1.14,0.79,1.21,-0.42,-0.42,1.58,0.0,0.02,0.05,0.0,0.02,0.0,0.05,,,0.02,43.0,43.0,"3,870",43.0,1.21,1.21,3.3,2.3,67.6,0.28,0.3,0.42,0.3,30.2,0.21,0.14,0.07,0.0,33.3,Birmingham City
233,Ben Foster,eng ENG,GK,Watford,37.0,1983.0,23,23,"2,070",23.0,0.0,0.0,0.0,0.0,0.0,0.0,0.0,0.0,0.0,0.0,0.0,0.0,0.0,Matches,GK,False,ben foster,2020-2021,standard,0.0,0.0,,0.0,0.0,,,90,50.0,90.0,1.0,0.0,,0.39,1.74,1.17,0.74,0.43,0.43,-0.57,0.0,0.0,0.04,0.0,0.0,0.04,0.09,,,0.0,23.0,23.0,"2,070",23.0,0.74,0.74,2.65,2.0,73.8,0.48,0.3,0.22,0.43,43.5,0.09,0.04,0.04,0.0,50.0,Watford
274,Angus Gunn,sct SCO,GK,Stoke,24.0,1996.0,15,14,"1,305",14.5,0.0,0.07,0.07,0.0,0.0,0.0,0.14,0.0,0.0,0.07,0.07,0.0,0.07,Matches,GK,False,angus gunn,2020-2021,standard,0.0,0.0,,0.0,0.0,,,87,31.5,90.0,0.97,0.07,45.0,0.48,1.13,1.24,1.45,-0.21,-0.21,-0.24,0.0,0.14,0.07,0.0,0.0,0.14,0.0,,,0.0,15.0,14.0,"1,305",14.5,1.45,1.45,3.45,2.21,64.0,0.34,0.14,0.48,0.41,42.9,0.21,0.21,0.0,0.0,0.0,Stoke City
282,Ben Hamer,eng ENG,GK,Huddersfield,32.0,1987.0,15,15,"1,305",14.5,0.0,0.0,0.0,0.0,0.0,0.0,0.14,0.0,0.0,0.0,0.0,0.0,0.0,Matches,GK,False,ben hamer,2020-2021,standard,0.0,0.0,,0.0,0.0,,,87,31.5,87.0,0.97,0.0,,0.21,1.33,1.1,1.31,-0.21,-0.21,0.36,0.0,0.07,0.34,0.0,0.0,0.14,0.0,,,0.0,15.0,15.0,"1,305",14.5,1.31,1.31,3.72,2.48,66.7,0.41,0.14,0.48,0.34,33.3,0.07,0.07,0.0,0.0,0.0,Huddersfield
327,Daniel Iversen,dk DEN,GK,Preston,23.0,1997.0,23,23,"2,070",23.0,0.0,0.0,0.0,0.0,0.0,0.0,0.0,0.0,0.0,0.0,0.0,0.0,0.0,Matches,GK,False,daniel iversen,2020-2021,standard,0.0,0.0,,0.0,0.0,,,90,50.0,90.0,1.0,0.0,,0.0,1.26,0.83,1.09,-0.26,-0.26,-0.22,0.0,0.0,0.13,0.0,0.0,0.04,0.0,,,0.04,23.0,23.0,"2,070",23.0,1.09,1.09,3.74,2.74,74.4,0.35,0.22,0.43,0.39,39.1,0.17,0.13,0.0,0.04,0.0,Preston
335,Zach Jeacock,eng ENG,GK,Birmingham,19.0,2001.0,2,2,180,2.0,0.0,0.0,0.0,0.0,0.0,0.0,0.0,0.0,0.0,0.0,0.0,0.0,0.0,Matches,GK,False,zach jeacock,2020-2021,standard,0.0,0.0,,0.0,0.0,,,90,4.3,90.0,1.0,0.0,,1.0,1.5,0.5,2.0,-1.5,-1.5,-1.02,0.0,0.0,0.5,0.0,0.0,0.0,0.0,,,0.0,2.0,2.0,180,2.0,2.0,2.0,5.5,3.5,63.6,0.5,0.0,0.5,0.5,50.0,0.0,0.0,0.0,0.0,,Birmingham City
342,Viktor Johansson,se SWE,GK,Rotherham,21.0,1998.0,21,21,"1,806",20.1,0.0,0.0,0.0,0.0,0.0,0.0,0.0,0.0,0.0,0.0,0.0,0.0,0.0,Matches,GK,False,viktor johansson,2020-2021,standard,0.0,0.0,,0.0,0.0,,,86,43.6,86.0,1.0,0.0,,1.14,1.05,1.0,1.14,-0.15,-0.15,0.35,0.0,0.0,0.4,0.0,0.0,0.1,0.05,,,0.0,21.0,21.0,"1,806",20.1,1.14,1.15,3.83,2.69,70.1,0.35,0.05,0.65,0.2,19.0,0.0,0.0,0.0,0.0,,Rotherham
357,Thomas Kaminski,be BEL,GK,Blackburn,27.0,1992.0,43,43,"3,870",43.0,0.0,0.0,0.0,0.0,0.0,0.0,0.09,0.0,0.0,0.0,0.0,0.0,0.0,Matches,GK,False,thomas kaminski,2020-2021,standard,0.0,0.0,,0.0,0.0,,,90,93.5,90.0,1.0,0.0,,0.0,1.3,1.47,1.12,0.35,0.35,1.68,0.0,0.09,0.12,0.0,0.0,0.0,0.05,,,0.0,43.0,43.0,"3,870",43.0,1.12,1.12,3.33,2.3,69.2,0.35,0.26,0.4,0.23,23.3,0.09,0.09,0.0,0.0,0.0,Blackburn
378,Tim Krul,nl NED,GK,Norwich,32.0,1988.0,36,36,"3,189",35.4,0.0,0.0,0.0,0.0,0.0,0.0,0.06,0.0,0.0,0.0,0.0,0.0,0.0,Matches,GK,False,tim krul,2020-2021,standard,0.0,0.0,,0.0,0.0,,,89,77.0,89.0,0.99,0.0,,0.0,2.14,1.67,0.65,1.02,1.02,0.73,0.0,0.0,0.25,0.0,0.0,0.03,0.06,,,0.0,36.0,36.0,"3,189",35.4,0.65,0.65,3.11,2.54,80.0,0.65,0.23,0.14,0.48,47.2,0.14,0.03,0.06,0.06,66.7,Norwich City
400,Joe Lumley,eng ENG,GK,QPR,25.0,1995.0,5,4,391,4.3,0.0,0.0,0.0,0.0,0.0,0.0,0.23,0.0,0.0,0.0,0.0,0.0,0.0,Matches,GK,False,joe lumley,2020-2021,standard,0.0,0.0,,0.0,0.0,,,78,9.4,90.0,0.93,0.23,31.0,4.19,2.4,1.86,0.7,1.16,1.15,1.22,0.0,0.0,0.47,0.0,0.0,0.0,0.0,,,0.0,5.0,4.0,391,4.3,0.7,0.69,3.02,2.33,76.9,0.7,0.0,0.23,0.7,75.0,0.0,0.0,0.0,0.0,,QPR
412,Marko Maroši,sk SVK,GK,Coventry,26.0,1993.0,20,20,"1,799",20.0,0.0,0.0,0.0,0.0,0.0,0.0,0.1,0.0,0.0,0.0,0.0,0.0,0.0,Matches,GK,False,marko marosi,2020-2021,standard,0.0,0.0,,0.0,0.0,,,90,43.5,90.0,0.95,0.0,,0.75,0.95,1.25,1.85,-0.6,-0.6,-0.6,0.0,0.0,0.15,0.0,0.0,0.05,0.0,,,0.0,20.0,20.0,"1,799",20.0,1.85,1.85,4.55,2.9,63.7,0.25,0.2,0.55,0.2,20.0,0.2,0.2,0.0,0.0,0.0,Coventry City
415,David Marshall,sct SCO,GK,Derby,35.0,1985.0,33,33,"2,921",32.5,0.0,0.0,0.0,0.0,0.0,0.0,0.0,0.0,0.0,0.0,0.0,0.0,0.0,Matches,GK,False,david marshall,2020-2021,standard,0.0,0.0,,0.0,0.0,,,89,70.6,89.0,0.98,0.0,,0.18,1.03,0.77,1.23,-0.46,-0.46,0.05,0.0,0.0,0.12,0.0,0.0,0.0,0.03,,,0.0,33.0,33.0,"2,921",32.5,1.23,1.23,3.51,2.31,65.8,0.28,0.22,0.52,0.28,27.3,0.06,0.03,0.0,0.03,0.0,Derby County
434,Michael McGovern,nir NIR,GK,Norwich,36.0,1984.0,10,9,816,9.1,0.0,0.0,0.0,0.0,0.0,0.0,0.0,0.0,0.0,0.0,0.0,0.0,0.0,Matches,GK,False,michael mcgovern,2020-2021,standard,0.0,0.0,,0.0,0.0,,,82,19.7,85.0,0.88,0.11,51.0,1.32,2.0,1.43,1.21,0.22,0.22,-0.78,0.0,0.0,0.33,0.0,0.0,0.0,0.0,,,0.0,10.0,9.0,816,9.1,1.21,1.21,3.52,2.42,68.8,0.55,0.22,0.22,0.11,11.1,0.11,0.11,0.0,0.0,0.0,Norwich City
487,Max O'Leary,ie IRL,GK,Bristol City,23.0,1996.0,3,3,270,3.0,0.0,0.0,0.0,0.0,0.0,0.0,0.0,0.0,0.0,0.0,0.0,0.0,0.0,Matches,GK,False,max o'leary,2020-2021,standard,0.0,0.0,,0.0,0.0,,,90,6.5,90.0,1.0,0.0,,14.3,0.67,1.0,2.0,-1.0,-1.0,-0.56,0.0,0.0,0.0,0.0,0.0,0.0,0.0,,,0.0,3.0,3.0,270,3.0,2.0,2.0,5.67,4.0,70.6,0.0,0.67,0.33,0.33,33.3,0.33,0.33,0.0,0.0,0.0,Bristol City
517,Aynsley Pears,eng ENG,GK,Blackburn,22.0,1998.0,3,3,270,3.0,0.0,0.0,0.0,0.0,0.0,0.0,0.0,0.0,0.0,0.0,0.0,0.0,0.0,Matches,GK,False,aynsley pears,2020-2021,standard,0.0,0.0,,0.0,0.0,,,90,6.5,90.0,1.0,0.0,,12.3,0.33,0.67,2.0,-1.33,-1.33,-1.68,0.0,0.0,0.33,0.0,0.0,0.0,0.0,,,0.0,3.0,3.0,270,3.0,2.0,2.0,3.67,1.67,45.5,0.0,0.33,0.67,0.33,33.3,0.0,0.0,0.0,0.0,,Blackburn
528,Dillon Phillips,eng ENG,GK,Cardiff,25.0,1995.0,16,15,"1,430",15.9,0.0,0.0,0.0,0.0,0.0,0.0,0.06,0.0,0.0,0.0,0.0,0.0,0.0,Matches,GK,False,dillon phillips,2020-2021,standard,0.0,0.0,,0.0,0.0,,,89,34.5,90.0,0.94,0.06,80.0,1.64,1.94,1.7,0.82,0.88,0.88,0.78,0.0,0.0,0.13,0.0,0.0,0.0,0.0,,,0.0,16.0,15.0,"1,430",15.9,0.82,0.82,2.96,2.26,72.3,0.5,0.25,0.19,0.5,53.3,0.19,0.0,0.13,0.06,100.0,Cardiff City
547,David Raya,es ESP,GK,Brentford,24.0,1995.0,42,42,"3,780",42.0,0.0,0.0,0.0,0.0,0.0,0.0,0.02,0.0,0.0,0.0,0.0,0.0,0.0,Matches,GK,False,david raya,2020-2021,standard,0.0,0.0,,0.0,0.0,,,90,91.3,90.0,1.0,0.0,,0.07,1.98,1.74,0.86,0.88,0.88,0.88,0.0,0.02,0.17,0.0,0.0,0.0,0.0,,,0.02,42.0,42.0,"3,780",42.0,0.86,0.86,2.95,2.17,74.2,0.55,0.33,0.12,0.38,38.1,0.1,0.1,0.0,0.0,0.0,Brentford
557,Connor Ripley,eng ENG,GK,Preston,27.0,1993.0,1,1,90,1.0,0.0,0.0,0.0,0.0,0.0,0.0,0.0,0.0,0.0,0.0,0.0,0.0,0.0,Matches,GK,False,connor ripley,2020-2021,standard,0.0,0.0,,0.0,0.0,,,90,2.2,90.0,1.0,0.0,,40.0,0.0,0.0,1.0,-1.0,-1.0,-0.87,0.0,0.0,0.0,0.0,0.0,0.0,0.0,,,0.0,1.0,1.0,90,1.0,1.0,1.0,1.0,0.0,0.0,0.0,0.0,1.0,0.0,0.0,0.0,0.0,0.0,0.0,,Preston
570,Kelle Roos,nl NED,GK,Derby,28.0,1992.0,14,13,"1,219",13.5,0.0,0.0,0.0,0.0,0.0,0.0,0.0,0.0,0.0,0.0,0.0,0.0,0.0,Matches,GK,False,kelle roos,2020-2021,standard,0.0,0.0,,0.0,0.0,,,87,29.4,90.0,0.96,0.07,49.0,2.37,0.79,0.81,1.33,-0.52,-0.52,-0.05,0.0,0.0,0.07,0.0,0.0,0.0,0.0,,,0.0,14.0,13.0,"1,219",13.5,1.33,1.33,3.26,2.0,61.4,0.15,0.3,0.52,0.22,23.1,0.07,0.07,0.0,0.0,0.0,Derby County
576,Declan Rudd,eng ENG,GK,Preston,29.0,1991.0,22,22,"1,980",22.0,0.0,0.0,0.0,0.0,0.0,0.0,0.0,0.0,0.0,0.0,0.0,0.0,0.0,Matches,GK,False,declan rudd,2020-2021,standard,0.0,0.0,,0.0,0.0,,,90,47.8,90.0,1.0,0.0,,0.0,1.45,1.36,1.36,0.0,0.0,0.29,0.0,0.0,0.23,0.0,0.0,0.14,0.05,,,0.0,22.0,22.0,"1,980",22.0,1.36,1.36,3.45,2.27,65.8,0.45,0.09,0.45,0.32,31.8,0.18,0.18,0.0,0.0,0.0,Preston
580,Brice Samba,fr FRA,GK,Nott'm Forest,26.0,1994.0,45,45,"4,050",45.0,0.0,0.0,0.0,0.0,0.0,0.0,0.09,0.0,0.0,0.0,0.0,0.0,0.0,Matches,GK,False,brice samba,2020-2021,standard,0.0,0.0,,0.0,0.0,,,90,97.8,90.0,1.0,0.0,,0.0,1.16,0.82,0.96,-0.13,-0.13,1.87,0.0,0.02,0.2,0.0,0.0,0.02,0.0,,,0.0,45.0,45.0,"4,050",45.0,0.96,0.96,3.36,2.53,74.8,0.27,0.36,0.38,0.31,31.1,0.13,0.11,0.02,0.0,16.7,Nottingham
592,Ryan Schofield,eng ENG,GK,Huddersfield,20.0,1999.0,30,29,"2,655",29.5,0.0,0.0,0.0,0.0,0.0,0.0,0.07,0.0,0.0,0.0,0.0,0.0,0.0,Matches,GK,False,ryan schofield,2020-2021,standard,0.0,0.0,,0.0,0.0,,,89,64.1,90.0,0.98,0.03,45.0,0.14,0.97,1.05,1.39,-0.34,-0.34,0.33,0.0,0.03,0.2,0.0,0.0,0.03,0.03,,,0.0,30.0,29.0,"2,655",29.5,1.39,1.39,4.1,2.88,70.2,0.2,0.37,0.41,0.24,24.1,0.17,0.17,0.0,0.0,0.0,Huddersfield
601,James Shea,eng ENG,GK,Luton,29.0,1991.0,7,7,630,7.0,0.0,0.0,0.0,0.0,0.0,0.0,0.14,0.0,0.0,0.0,0.0,0.0,0.0,Matches,GK,False,james shea,2020-2021,standard,0.0,0.0,,0.0,0.0,,,90,15.2,90.0,1.0,0.0,,5.29,1.14,1.0,0.86,0.14,0.14,0.45,0.0,0.14,0.29,0.0,0.0,0.0,0.0,,,0.0,7.0,7.0,630,7.0,0.86,0.86,2.29,1.57,68.8,0.29,0.29,0.43,0.43,42.9,0.14,0.14,0.0,0.0,0.0,Luton Town
615,Simon Sluga,hr CRO,GK,Luton,27.0,1993.0,39,39,"3,510",39.0,0.0,0.0,0.0,0.0,0.0,0.0,0.03,0.0,0.0,0.0,0.0,0.0,0.0,Matches,GK,False,simon sluga,2020-2021,standard,0.03,0.03,100.0,0.03,0.03,0.0,0.0,90,84.8,90.0,1.0,0.0,,0.05,1.38,0.87,1.18,-0.31,-0.31,-0.45,0.0,0.0,0.13,0.0,0.0,0.05,0.03,,,0.0,39.0,39.0,"3,510",39.0,1.18,1.18,3.51,2.44,68.6,0.38,0.23,0.38,0.31,30.8,0.1,0.08,0.03,0.0,25.0,Luton Town
617,Jordan Smith,eng ENG,GK,Nott'm Forest,25.0,1994.0,1,1,90,1.0,0.0,0.0,0.0,0.0,0.0,0.0,0.0,0.0,0.0,0.0,0.0,0.0,0.0,Matches,GK,False,jordan smith,2020-2021,standard,0.0,0.0,,0.0,0.0,,,90,2.2,90.0,1.0,0.0,,45.0,0.0,0.0,2.0,-2.0,-2.0,-1.87,0.0,0.0,0.0,0.0,0.0,0.0,0.0,,,0.0,1.0,1.0,90,1.0,2.0,2.0,7.0,5.0,71.4,0.0,0.0,1.0,0.0,0.0,0.0,0.0,0.0,0.0,,Nottingham
622,Alex Smithies,eng ENG,GK,Cardiff,30.0,1990.0,31,31,"2,710",30.1,0.0,0.0,0.0,0.0,0.0,0.0,0.0,0.0,0.0,0.0,0.0,0.0,0.0,Matches,GK,False,alex smithies,2020-2021,standard,0.0,0.0,,0.0,0.0,,,87,65.5,87.0,1.0,0.0,,0.43,1.29,1.3,1.2,0.1,0.1,-0.78,0.0,0.0,0.2,0.0,0.0,0.03,0.0,,,0.0,31.0,31.0,"2,710",30.1,1.2,1.2,3.79,2.66,69.3,0.33,0.33,0.37,0.27,25.8,0.07,0.03,0.03,0.0,50.0,Cardiff City
626,Luke Southwood,nir NIR,GK,Reading,22.0,1997.0,1,1,90,1.0,0.0,0.0,0.0,0.0,0.0,0.0,0.0,0.0,0.0,0.0,0.0,0.0,0.0,Matches,GK,False,luke southwood,2020-2021,standard,0.0,0.0,,0.0,0.0,,,90,2.2,90.0,1.0,0.0,,38.0,1.0,2.0,2.0,0.0,0.0,-0.18,0.0,0.0,0.0,0.0,0.0,0.0,0.0,,,0.0,1.0,1.0,90,1.0,2.0,2.0,4.0,2.0,50.0,0.0,1.0,0.0,0.0,0.0,0.0,0.0,0.0,0.0,,Reading
637,David Stockdale,eng ENG,GK,Wycombe,34.0,1985.0,17,17,"1,530",17.0,0.0,0.0,0.0,0.0,0.0,0.0,0.06,0.0,0.0,0.0,0.0,0.0,0.0,Matches,GK,False,david stockdale,2020-2021,standard,0.24,0.0,0.0,0.24,0.0,0.0,,90,37.0,90.0,1.0,0.0,,1.29,1.41,1.0,1.06,-0.06,-0.06,0.94,0.0,0.0,0.24,0.0,0.0,0.12,0.0,,,0.0,17.0,17.0,"1,530",17.0,1.06,1.06,3.35,2.41,71.9,0.41,0.18,0.41,0.47,47.1,0.18,0.12,0.0,0.06,0.0,Wycombe
668,Mark Travers,ie IRL,GK,Bournemouth,21.0,1999.0,1,1,90,1.0,0.0,0.0,0.0,0.0,0.0,0.0,0.0,0.0,0.0,0.0,0.0,0.0,0.0,Matches,GK,False,mark travers,2020-2021,standard,0.0,0.0,,0.0,0.0,,,90,2.2,90.0,1.0,0.0,,39.0,3.0,3.0,2.0,1.0,1.0,0.42,0.0,0.0,0.0,0.0,0.0,0.0,0.0,,,0.0,1.0,1.0,90,1.0,2.0,2.0,2.0,0.0,0.0,1.0,0.0,0.0,0.0,0.0,0.0,0.0,0.0,0.0,,Bournemouth
671,Connal Trueman,eng ENG,GK,Birmingham,24.0,1996.0,1,1,90,1.0,0.0,0.0,0.0,0.0,0.0,0.0,0.0,0.0,0.0,0.0,0.0,0.0,0.0,Matches,GK,False,connal trueman,2020-2021,standard,0.0,0.0,,0.0,0.0,,,90,2.2,90.0,1.0,0.0,,6.0,0.0,2.0,5.0,-3.0,-3.0,-2.53,0.0,0.0,0.0,0.0,0.0,0.0,0.0,,,0.0,1.0,1.0,90,1.0,5.0,5.0,7.0,3.0,42.9,0.0,0.0,1.0,0.0,0.0,1.0,1.0,0.0,0.0,0.0,Birmingham City
690,Jack Walton,eng ENG,GK,Barnsley,22.0,1998.0,24,24,"2,160",24.0,0.0,0.0,0.0,0.0,0.0,0.0,0.04,0.0,0.0,0.0,0.0,0.0,0.0,Matches,GK,False,jack walton,2020-2021,standard,0.0,0.0,,0.0,0.0,,,90,52.2,90.0,1.0,0.0,,0.92,1.42,1.08,1.25,-0.17,-0.17,-0.71,0.0,0.04,0.33,0.0,0.0,0.0,0.04,,,0.0,24.0,24.0,"2,160",24.0,1.25,1.25,3.38,2.25,66.7,0.42,0.17,0.42,0.21,20.8,0.13,0.13,0.0,0.0,0.0,Barnsley
699,Keiren Westwood,ie IRL,GK,Sheffield Wed,35.0,1984.0,20,20,"1,723",19.1,0.0,0.0,0.0,0.0,0.0,0.0,0.0,0.0,0.0,0.0,0.0,0.0,0.0,Matches,GK,False,keiren westwood,2020-2021,standard,0.0,0.0,,0.0,0.0,,,86,41.6,86.0,0.99,0.0,,0.1,1.2,0.94,1.26,-0.31,-0.31,0.25,0.0,0.05,0.37,0.0,0.0,0.0,0.05,,,0.0,20.0,20.0,"1,723",19.1,1.26,1.25,3.46,2.41,68.2,0.31,0.31,0.42,0.26,25.0,0.21,0.16,0.05,0.0,25.0,Sheffield Weds
707,Joe Wildsmith,eng ENG,GK,Sheffield Wed,24.0,1995.0,19,18,"1,697",18.9,0.0,0.0,0.0,0.0,0.0,0.0,0.11,0.0,0.0,0.0,0.0,0.0,0.0,Matches,GK,False,joe wildsmith,2020-2021,standard,0.0,0.0,,0.0,0.0,,,89,41.0,90.0,0.95,0.05,77.0,1.43,0.84,0.9,1.48,-0.58,-0.58,-0.21,0.0,0.0,0.05,0.0,0.0,0.0,0.0,,,0.0,19.0,18.0,"1,697",18.9,1.48,1.48,3.54,2.12,59.7,0.21,0.16,0.58,0.26,27.8,0.11,0.05,0.0,0.05,0.0,Sheffield Weds
717,Ben Wilson,eng ENG,GK,Coventry,27.0,1992.0,27,26,"2,341",26.0,0.0,0.0,0.0,0.0,0.0,0.0,0.04,0.0,0.0,0.0,0.0,0.0,0.0,Matches,GK,False,ben wilson,2020-2021,standard,0.0,0.0,,0.0,0.0,,,87,56.5,90.0,1.0,0.04,1.0,0.46,1.44,0.92,0.92,0.0,0.0,0.6,0.0,0.12,0.12,0.0,0.0,0.0,0.0,,,0.0,27.0,26.0,"2,341",26.0,0.92,0.92,2.5,1.85,73.8,0.35,0.35,0.31,0.38,38.5,0.27,0.27,0.0,0.0,0.0,Coventry City
725,Freddie Woodman,eng ENG,GK,Swansea,23.0,1997.0,45,45,"4,050",45.0,0.0,0.0,0.0,0.0,0.0,0.0,0.07,0.0,0.0,0.0,0.0,0.0,0.0,Matches,GK,False,freddie woodman,2020-2021,standard,0.0,0.0,,0.0,0.0,,,90,97.8,90.0,1.0,0.0,,0.0,1.69,1.2,0.84,0.36,0.36,-0.64,0.0,0.0,0.13,0.0,0.0,0.0,0.02,,,0.0,45.0,45.0,"4,050",45.0,0.84,0.84,2.93,2.16,72.7,0.49,0.24,0.27,0.44,44.4,0.07,0.04,0.02,0.0,33.3,Swansea City
13,Ryan Allsop,eng ENG,GK,Derby,29.0,1992.0,30,29,"2,624",29.2,0.0,0.0,0.0,0.0,0.0,0.0,0.1,0.0,0.0,0.0,0.0,0.0,0.0,Matches,GK,False,ryan allsop,2021-2022,standard,0.03,0.0,0.0,0.03,0.0,0.0,,87,63.4,89.0,0.96,0.03,33.0,0.48,1.2,0.99,1.23,-0.24,-0.24,-0.18,0.0,0.0,0.1,0.0,0.0,0.0,0.0,,,0.0,30.0,29.0,"2,624",29.2,1.23,1.23,4.04,2.84,70.3,0.34,0.21,0.45,0.31,31.0,0.03,0.03,0.0,0.0,0.0,Derby County
48,Nathan Baxter,eng ENG,GK,Hull,22.0,1998.0,16,16,"1,440",16.0,0.0,0.0,0.0,0.0,0.0,0.0,0.13,0.0,0.0,0.0,0.0,0.0,0.0,Matches,GK,False,nathan baxter,2021-2022,standard,0.0,0.0,,0.0,0.0,,,90,34.8,90.0,1.0,0.0,,1.13,1.69,1.31,1.06,0.25,0.25,0.82,0.0,0.0,0.19,0.0,0.0,0.0,0.0,,,0.0,16.0,16.0,"1,440",16.0,1.06,1.06,4.94,4.06,82.3,0.5,0.19,0.31,0.44,43.8,0.19,0.19,0.0,0.0,0.0,Hull City
56,Steven Benda,de GER,GK,Peterborough,22.0,1998.0,9,9,810,9.0,0.0,0.0,0.0,0.0,0.0,0.0,0.0,0.0,0.0,0.0,0.0,0.0,0.0,Matches,GK,False,steven benda,2021-2022,standard,0.0,0.0,,0.0,0.0,,,90,19.6,90.0,1.0,0.0,,0.11,0.22,0.33,2.0,-1.67,-1.67,-0.88,0.0,0.0,0.22,0.0,0.0,0.0,0.0,,,0.0,9.0,9.0,810,9.0,2.0,2.0,5.22,3.33,63.8,0.0,0.22,0.78,0.11,11.1,0.11,0.11,0.0,0.0,0.0,Peterborough
57,Steven Benda,de GER,GK,Swansea,22.0,1998.0,5,5,450,5.0,0.0,0.0,0.0,0.0,0.0,0.0,0.2,0.0,0.0,0.0,0.0,0.0,0.0,Matches,GK,False,steven benda,2021-2022,standard,0.0,0.0,,0.0,0.0,,,90,10.9,90.0,1.0,0.0,,3.4,0.8,0.8,1.6,-0.8,-0.8,-0.65,0.0,0.4,0.2,0.0,0.0,0.0,0.2,,,0.0,5.0,5.0,450,5.0,1.6,1.6,5.4,4.0,74.1,0.2,0.2,0.6,0.4,40.0,0.2,0.2,0.0,0.0,0.0,Swansea City
61,Daniel Bentley,eng ENG,GK,Bristol City,28.0,1993.0,38,37,"3,358",37.3,0.0,0.0,0.0,0.0,0.0,0.0,0.08,0.0,0.0,0.0,0.0,0.0,0.0,Matches,GK,False,daniel bentley,2021-2022,standard,0.0,0.0,,0.0,0.0,,,88,81.1,90.0,0.99,0.03,28.0,0.19,1.18,1.23,1.5,-0.27,-0.27,0.31,0.0,0.03,0.13,0.0,0.0,0.0,0.0,,,0.03,38.0,37.0,"3,358",37.3,1.5,1.5,4.69,3.35,70.3,0.32,0.24,0.43,0.16,16.2,0.16,0.11,0.05,0.0,33.3,Bristol City
65,Bartosz Białkowski,pl POL,GK,Millwall,34.0,1987.0,46,46,"4,140",46.0,0.0,0.0,0.0,0.0,0.0,0.0,0.02,0.0,0.0,0.0,0.0,0.0,0.0,Matches,GK,False,bartosz biakowski,2021-2022,standard,0.0,0.0,,0.0,0.0,,,90,100.0,90.0,1.0,0.0,,0.0,1.5,1.15,0.98,0.17,0.17,,0.0,0.0,0.22,0.0,0.0,0.02,0.02,,,0.0,46.0,46.0,"4,140",46.0,0.98,0.98,3.59,2.67,73.9,0.39,0.33,0.28,0.3,30.4,0.09,0.04,0.02,0.02,33.3,Millwall
71,Jamal Blackman,eng ENG,GK,Huddersfield,27.0,1993.0,1,1,90,1.0,0.0,0.0,0.0,0.0,0.0,0.0,0.0,0.0,0.0,0.0,0.0,0.0,0.0,Matches,GK,False,jamal blackman,2021-2022,standard,0.0,0.0,,0.0,0.0,,,90,2.2,90.0,1.0,0.0,,15.0,3.0,2.0,0.0,2.0,2.0,1.67,0.0,0.0,0.0,0.0,0.0,0.0,0.0,,,0.0,1.0,1.0,90,1.0,0.0,0.0,3.0,3.0,100.0,1.0,0.0,0.0,1.0,100.0,0.0,0.0,0.0,0.0,,Huddersfield
75,Jack Bonham,ie IRL,GK,Stoke,27.0,1993.0,15,15,"1,350",15.0,0.0,0.0,0.0,0.0,0.0,0.0,0.0,0.0,0.0,0.0,0.0,0.0,0.0,Matches,GK,False,jack bonham,2021-2022,standard,0.0,0.0,,0.0,0.0,,,90,32.6,90.0,1.0,0.0,,0.93,1.2,1.2,1.13,0.07,0.07,-0.06,0.0,0.0,0.13,0.0,0.0,0.0,0.0,,,0.0,15.0,15.0,"1,350",15.0,1.13,1.13,3.33,2.33,68.0,0.33,0.2,0.47,0.27,26.7,0.13,0.07,0.07,0.0,50.0,Stoke City
104,Josef Bursik,eng ENG,GK,Stoke,21.0,2000.0,19,19,"1,710",19.0,0.0,0.0,0.0,0.0,0.0,0.0,0.05,0.0,0.0,0.0,0.0,0.0,0.0,Matches,GK,False,josef bursik,2021-2022,standard,0.0,0.0,,0.0,0.0,,,90,41.3,90.0,1.0,0.0,,0.84,1.58,1.47,1.32,0.16,0.16,0.08,0.0,0.05,0.05,0.0,0.0,0.0,0.05,,,0.0,19.0,19.0,"1,710",19.0,1.32,1.32,3.16,1.89,58.3,0.42,0.32,0.26,0.32,31.6,0.05,0.0,0.05,0.0,100.0,Stoke City
107,David Button,eng ENG,GK,West Brom,32.0,1989.0,10,10,900,10.0,0.0,0.1,0.1,0.0,0.0,0.0,0.0,0.0,0.0,0.1,0.1,0.0,0.1,Matches,GK,False,david button,2021-2022,standard,0.0,0.0,,0.0,0.0,,,90,21.7,90.0,1.0,0.0,,3.4,1.4,1.2,1.2,0.0,0.0,-0.19,0.0,0.0,0.2,0.0,0.0,0.0,0.0,,,0.0,10.0,10.0,900,10.0,1.2,1.2,2.8,1.7,60.7,0.4,0.2,0.4,0.4,40.0,0.1,0.1,0.0,0.0,0.0,West Brom
110,Rafael Cabral,br BRA,GK,Reading,31.0,1990.0,6,6,540,6.0,0.0,0.0,0.0,0.0,0.0,0.0,0.17,0.0,0.0,0.0,0.0,0.0,0.0,Matches,GK,False,rafael cabral,2021-2022,standard,0.0,0.0,,0.0,0.0,,,90,13.0,90.0,1.0,0.0,,2.67,0.67,1.67,2.67,-1.0,-1.0,-0.32,0.0,0.0,0.0,0.0,0.0,0.0,0.0,,,0.0,6.0,6.0,540,6.0,2.67,2.67,6.0,3.5,58.3,0.17,0.17,0.67,0.0,0.0,0.17,0.17,0.0,0.0,0.0,Reading
125,Harvey Cartwright,eng ENG,GK,Hull,19.0,2002.0,2,1,114,1.3,0.0,0.0,0.0,0.0,0.0,0.0,0.0,0.0,0.0,0.0,0.0,0.0,0.0,Matches,GK,False,harvey cartwright,2021-2022,standard,0.0,0.0,,0.0,0.0,,,57,2.8,90.0,0.77,0.77,24.0,9.23,0.5,0.0,2.31,-2.31,-2.37,-2.14,0.0,0.0,0.77,0.0,0.0,0.0,0.0,,,0.0,2.0,1.0,114,1.3,2.31,2.37,5.38,3.08,57.1,0.0,0.0,0.77,0.0,0.0,0.0,0.0,0.0,0.0,,Hull City
151,Bradley Collins,eng ENG,GK,Barnsley,24.0,1997.0,40,40,"3,533",39.3,0.0,0.0,0.0,0.0,0.0,0.0,0.1,0.0,0.0,0.0,0.0,0.0,0.0,Matches,GK,False,bradley collins,2021-2022,standard,0.0,0.0,,0.0,0.0,,,88,85.3,88.0,0.99,0.0,,0.0,0.73,0.74,1.4,-0.66,-0.66,1.41,0.0,0.05,0.18,0.0,0.0,0.03,0.03,,,0.0,40.0,40.0,"3,533",39.3,1.4,1.4,4.45,3.16,69.7,0.15,0.28,0.59,0.18,17.5,0.1,0.05,0.05,0.0,50.0,Barnsley
164,Murphy Cooper,eng ENG,GK,QPR,19.0,2001.0,2,2,180,2.0,0.0,0.0,0.0,0.0,0.0,0.0,0.0,0.0,0.0,0.0,0.0,0.0,0.0,Matches,GK,False,murphy cooper,2021-2022,standard,0.0,0.0,,0.0,0.0,,,90,4.3,90.0,1.0,0.0,,5.5,0.0,1.0,2.5,-1.5,-1.5,-1.59,0.0,0.0,0.0,0.0,0.0,0.0,0.0,,,0.0,2.0,2.0,180,2.0,2.5,2.5,7.5,5.0,66.7,0.0,0.0,1.0,0.0,0.0,0.0,0.0,0.0,0.0,,QPR
166,David Cornell,wls WAL,GK,Peterborough,30.0,1991.0,30,30,"2,700",30.0,0.0,0.0,0.0,0.0,0.0,0.0,0.07,0.0,0.0,0.0,0.0,0.0,0.0,Matches,GK,False,david cornell,2021-2022,standard,0.0,0.0,,0.0,0.0,,,90,65.2,90.0,1.0,0.0,,0.43,1.03,1.1,1.73,-0.63,-0.63,0.93,0.0,0.0,0.17,0.0,0.0,0.0,0.03,,,0.0,30.0,30.0,"2,700",30.0,1.73,1.73,4.47,2.8,62.7,0.27,0.23,0.5,0.17,16.7,0.1,0.07,0.0,0.03,0.0,Peterborough
181,Luke Daniels,eng ENG,GK,Middlesbrough,33.0,1988.0,12,12,"1,080",12.0,0.0,0.0,0.0,0.0,0.0,0.0,0.08,0.0,0.0,0.0,0.0,0.0,0.0,Matches,GK,False,luke daniels,2021-2022,standard,0.0,0.0,,0.0,0.0,,,90,26.1,90.0,1.0,0.0,,2.75,1.33,1.17,1.33,-0.17,-0.17,-0.49,0.0,0.08,0.08,0.0,0.0,0.0,0.0,,,0.08,12.0,12.0,"1,080",12.0,1.33,1.33,3.83,2.58,67.4,0.33,0.33,0.33,0.25,25.0,0.08,0.08,0.0,0.0,0.0,Middlesbrough
185,Adam Davies,wls WAL,GK,Stoke,29.0,1992.0,12,12,"1,080",12.0,0.0,0.0,0.0,0.0,0.0,0.0,0.25,0.0,0.0,0.0,0.0,0.0,0.0,Matches,GK,False,adam davies,2021-2022,standard,0.0,0.0,,0.0,0.0,,,90,26.1,90.0,1.0,0.0,,1.08,1.17,0.92,0.83,0.08,0.08,-0.03,0.0,0.08,0.17,0.0,0.0,0.0,0.08,,,0.0,12.0,12.0,"1,080",12.0,0.83,0.83,3.0,2.25,72.2,0.33,0.17,0.5,0.42,41.7,0.08,0.0,0.08,0.0,100.0,Stoke City
203,Seny Dieng,sn SEN,GK,QPR,26.0,1994.0,28,28,"2,475",27.5,0.0,0.0,0.0,0.0,0.0,0.0,0.07,0.0,0.0,0.0,0.0,0.0,0.0,Matches,GK,False,seny dieng,2021-2022,standard,0.0,0.0,,0.0,0.0,,,88,59.8,88.0,0.98,0.0,,0.07,1.71,1.49,1.16,0.33,0.33,0.76,0.0,0.04,0.11,0.0,0.0,0.0,0.04,,,0.0,28.0,28.0,"2,475",27.5,1.16,1.16,3.56,2.47,69.4,0.51,0.22,0.29,0.29,28.6,0.07,0.07,0.0,0.0,0.0,QPR
232,Neil Etheridge,ph PHI,GK,Birmingham,31.0,1990.0,21,21,"1,869",20.8,0.0,0.0,0.0,0.0,0.0,0.0,0.1,0.0,0.0,0.0,0.0,0.0,0.0,Matches,GK,False,neil etheridge,2021-2022,standard,0.0,0.0,,0.0,0.0,,,89,45.1,89.0,0.96,0.0,,0.48,0.95,1.2,1.68,-0.48,-0.48,0.11,0.0,0.1,0.14,0.0,0.0,0.05,0.05,,,0.0,21.0,21.0,"1,869",20.8,1.68,1.69,4.62,3.17,67.7,0.19,0.38,0.43,0.19,19.0,0.24,0.19,0.05,0.0,20.0,Birmingham City
240,Andy Fisher,eng ENG,GK,Swansea,23.0,1998.0,20,20,"1,800",20.0,0.0,0.0,0.0,0.0,0.0,0.0,0.05,0.0,0.0,0.0,0.0,0.0,0.0,Matches,GK,False,andy fisher,2021-2022,standard,0.0,0.0,,0.0,0.0,,,90,43.5,90.0,1.0,0.0,,0.2,1.45,1.5,1.7,-0.2,-0.2,0.03,0.0,0.05,0.25,0.0,0.0,0.0,0.0,,,0.0,20.0,20.0,"1,800",20.0,1.7,1.7,4.55,3.05,67.0,0.4,0.25,0.35,0.25,25.0,0.2,0.2,0.0,0.0,0.0,Swansea City
245,Wes Foderingham,eng ENG,GK,Sheffield Utd,30.0,1991.0,32,32,"2,880",32.0,0.0,0.0,0.0,0.0,0.0,0.0,0.03,0.0,0.0,0.0,0.0,0.0,0.0,Matches,GK,False,wes foderingham,2021-2022,standard,0.0,0.0,,0.0,0.0,,,90,69.6,90.0,1.0,0.0,,0.38,1.85,1.5,0.72,0.78,0.78,1.28,0.0,0.0,0.16,0.0,0.0,0.0,0.0,,,0.0,32.0,32.0,"2,880",32.0,0.72,0.72,2.88,2.25,76.1,0.53,0.28,0.19,0.56,56.3,0.09,0.03,0.06,0.0,66.7,Sheffield United
267,Paulo Gazzaniga,ar ARG,GK,Fulham,29.0,1992.0,13,13,"1,170",13.0,0.0,0.0,0.0,0.0,0.0,0.0,0.08,0.0,0.0,0.0,0.0,0.0,0.0,Matches,GK,False,paulo gazzaniga,2021-2022,standard,0.0,0.0,,0.0,0.0,,,90,28.3,90.0,1.0,0.0,,2.54,1.62,1.77,1.31,0.46,0.46,-1.27,0.0,0.0,0.23,0.0,0.0,0.0,0.0,,,0.0,13.0,13.0,"1,170",13.0,1.31,1.31,3.0,1.85,61.5,0.46,0.23,0.31,0.23,23.1,0.15,0.15,0.0,0.0,0.0,Fulham
283,Daniel Grimshaw,eng ENG,GK,Blackpool,23.0,1998.0,26,26,"2,269",25.2,0.0,0.04,0.04,0.0,0.0,0.0,0.08,0.0,0.0,0.04,0.04,0.0,0.04,Matches,GK,False,daniel grimshaw,2021-2022,standard,0.0,0.0,,0.0,0.0,,,87,54.8,87.0,0.99,0.0,,0.48,1.42,1.27,1.07,0.2,0.2,0.63,0.0,0.0,0.12,0.0,0.0,0.04,0.0,,,0.0,26.0,26.0,"2,269",25.2,1.07,1.07,3.49,2.46,69.3,0.4,0.28,0.36,0.32,30.8,0.04,0.0,0.04,0.0,100.0,Blackpool
290,Ben Hamer,eng ENG,GK,Swansea,33.0,1987.0,21,21,"1,890",21.0,0.0,0.0,0.0,0.0,0.0,0.0,0.0,0.0,0.0,0.0,0.0,0.0,0.0,Matches,GK,False,ben hamer,2021-2022,standard,0.0,0.0,,0.0,0.0,,,90,45.7,90.0,1.0,0.0,,1.05,1.33,1.14,1.24,-0.1,-0.1,0.22,0.0,0.0,0.19,0.0,0.0,0.0,0.0,,,0.0,21.0,21.0,"1,890",21.0,1.24,1.24,3.67,2.48,67.5,0.33,0.33,0.33,0.43,42.9,0.05,0.05,0.0,0.0,0.0,Swansea City
314,Ethan Horvath,us USA,GK,Nott'm Forest,26.0,1995.0,6,6,540,6.0,0.0,0.0,0.0,0.0,0.0,0.0,0.0,0.0,0.0,0.0,0.0,0.0,0.0,Matches,GK,False,ethan horvath,2021-2022,standard,0.0,0.0,,0.0,0.0,,,90,13.0,90.0,1.0,0.0,,6.67,2.0,1.67,0.67,1.0,1.0,0.32,0.0,0.0,0.17,0.0,0.0,0.0,0.0,,,0.0,6.0,6.0,540,6.0,0.67,0.67,3.33,2.67,80.0,0.5,0.33,0.17,0.5,50.0,0.0,0.0,0.0,0.0,,Nottingham
334,Matt Ingram,eng ENG,GK,Luton,27.0,1993.0,2,2,180,2.0,0.0,0.0,0.0,0.0,0.0,0.0,0.0,0.0,0.0,0.0,0.0,0.0,0.0,Matches,GK,False,matt ingram,2021-2022,standard,0.0,0.0,,0.0,0.0,,,90,4.3,90.0,1.0,0.0,,0.0,1.0,0.5,3.5,-3.0,-3.0,-3.32,0.0,0.0,0.0,0.0,0.0,0.0,0.0,,,0.0,2.0,2.0,180,2.0,3.5,3.5,6.5,3.0,46.2,0.5,0.0,0.5,0.5,50.0,0.0,0.0,0.0,0.0,,Luton Town
335,Matt Ingram,eng ENG,GK,Hull,27.0,1993.0,29,29,"2,586",28.7,0.0,0.0,0.0,0.0,0.0,0.0,0.0,0.0,0.0,0.0,0.0,0.0,0.0,Matches,GK,False,matt ingram,2021-2022,standard,0.0,0.0,,0.0,0.0,,,89,62.5,89.0,0.98,0.0,,0.49,0.83,0.7,1.18,-0.49,-0.49,-0.55,0.0,0.0,0.24,0.0,0.0,0.1,0.0,,,0.0,29.0,29.0,"2,586",28.7,1.18,1.18,4.32,3.21,73.4,0.21,0.21,0.59,0.28,27.6,0.07,0.03,0.03,0.0,50.0,Hull City
336,Harvey Isted,eng ENG,GK,Luton,24.0,1997.0,2,1,136,1.5,0.0,0.0,0.0,0.0,0.0,0.0,0.0,0.0,0.0,0.0,0.0,0.0,0.0,Matches,GK,False,harvey isted,2021-2022,standard,0.0,0.0,,0.0,0.0,,,68,3.3,90.0,0.67,0.67,46.0,10.7,2.0,1.33,0.67,0.67,0.66,0.5,0.0,0.0,0.67,0.0,0.0,0.0,0.0,,,0.0,2.0,1.0,136,1.5,0.67,0.66,2.0,2.0,100.0,0.0,0.67,0.0,0.67,100.0,0.67,0.67,0.0,0.0,0.0,Luton Town
337,Daniel Iversen,dk DEN,GK,Preston,24.0,1997.0,46,45,"4,128",45.9,0.0,0.0,0.0,0.0,0.0,0.0,0.02,0.0,0.0,0.0,0.0,0.0,0.0,Matches,GK,False,daniel iversen,2021-2022,standard,0.0,0.0,,0.0,0.0,,,90,99.7,90.0,0.98,0.02,78.0,0.0,1.39,1.11,1.22,-0.11,-0.11,-7.61,0.0,0.0,0.11,0.0,0.0,0.0,0.0,,,0.0,46.0,45.0,"4,128",45.9,1.22,1.22,3.92,2.75,70.6,0.35,0.35,0.28,0.28,28.9,0.07,0.07,0.0,0.0,0.0,Preston
340,Karl Jakob Hein,ee EST,GK,Reading,19.0,2002.0,5,5,450,5.0,0.0,0.0,0.0,0.0,0.0,0.0,0.0,0.0,0.0,0.0,0.0,0.0,0.0,Matches,GK,False,karl jakob hein,2021-2022,standard,0.0,0.0,,0.0,0.0,,,90,10.9,90.0,1.0,0.0,,0.2,1.4,1.6,1.6,0.0,0.0,0.8,0.0,0.0,0.0,0.0,0.0,0.0,0.0,,,0.0,5.0,5.0,450,5.0,1.6,1.6,5.4,3.8,70.4,0.4,0.2,0.4,0.2,20.0,0.0,0.0,0.0,0.0,,Reading
346,Zach Jeacock,eng ENG,GK,Birmingham,20.0,2001.0,2,2,180,2.0,0.0,0.0,0.0,0.0,0.0,0.0,0.0,0.0,0.0,0.0,0.0,0.0,0.0,Matches,GK,False,zach jeacock,2021-2022,standard,0.0,0.0,,0.0,0.0,,,90,4.3,90.0,1.0,0.0,,1.0,0.0,1.5,5.0,-3.5,-3.5,-3.09,0.0,0.0,0.0,0.0,0.0,0.0,0.0,,,0.0,2.0,2.0,180,2.0,5.0,5.0,6.5,2.0,30.8,0.0,0.0,1.0,0.0,0.0,0.5,0.5,0.0,0.0,0.0,Birmingham City
355,Sam Johnstone,eng ENG,GK,West Brom,28.0,1993.0,36,36,"3,239",36.0,0.0,0.03,0.03,0.0,0.0,0.0,0.11,0.03,0.0,0.03,0.03,0.0,0.03,Matches,GK,False,sam johnstone,2021-2022,standard,0.0,0.0,,0.0,0.0,,,90,78.2,90.0,0.97,0.0,,0.03,1.47,1.11,0.92,0.19,0.19,0.19,0.0,0.03,0.0,0.0,0.0,0.0,0.0,,,0.0,36.0,36.0,"3,239",36.0,0.92,0.92,2.39,1.53,64.0,0.39,0.31,0.31,0.42,41.7,0.08,0.06,0.03,0.0,33.3,West Brom
368,Thomas Kaminski,be BEL,GK,Blackburn,28.0,1992.0,44,44,"3,925",43.6,0.0,0.02,0.02,0.0,0.0,0.0,0.09,0.0,0.0,0.02,0.02,0.0,0.02,Matches,GK,False,thomas kaminski,2021-2022,standard,0.0,0.0,,0.0,0.0,,,89,94.8,89.0,0.99,0.0,,0.0,1.43,1.28,1.15,0.14,0.14,-1.12,0.0,0.0,0.16,0.0,0.0,0.02,0.02,,,0.02,44.0,44.0,"3,925",43.6,1.15,1.15,3.94,2.82,71.5,0.39,0.28,0.34,0.3,29.5,0.02,0.02,0.0,0.0,0.0,Blackburn
421,Joe Lumley,eng ENG,GK,Middlesbrough,26.0,1995.0,34,34,"3,060",34.0,0.0,0.0,0.0,0.0,0.0,0.0,0.06,0.0,0.0,0.0,0.0,0.0,0.0,Matches,GK,False,joe lumley,2021-2022,standard,0.06,0.0,0.0,0.06,0.0,0.0,,90,73.9,90.0,1.0,0.0,,0.29,1.59,1.32,1.0,0.32,0.32,0.49,0.0,0.0,0.06,0.0,0.0,0.0,0.06,,,0.03,34.0,34.0,"3,060",34.0,1.0,1.0,2.97,1.97,66.3,0.47,0.18,0.35,0.38,38.2,0.0,0.0,0.0,0.0,,Middlesbrough
436,David Marshall,sct SCO,GK,QPR,36.0,1985.0,11,10,945,10.5,0.0,0.0,0.0,0.0,0.0,0.0,0.0,0.0,0.0,0.0,0.0,0.0,0.0,Matches,GK,False,david marshall,2021-2022,standard,0.0,0.0,,0.0,0.0,,,86,22.8,90.0,0.95,0.1,45.0,0.19,1.27,1.24,1.24,0.0,0.0,-0.03,0.0,0.0,0.1,0.0,0.0,0.0,0.0,,,0.0,11.0,10.0,945,10.5,1.24,1.24,5.52,4.29,77.6,0.38,0.19,0.38,0.29,30.0,0.0,0.0,0.0,0.0,,QPR
440,Chris Maxwell,wls WAL,GK,Blackpool,31.0,1990.0,21,20,"1,842",20.5,0.0,0.0,0.0,0.0,0.0,0.0,0.0,0.0,0.0,0.0,0.0,0.0,0.0,Matches,GK,False,chris maxwell,2021-2022,standard,0.0,0.0,,0.0,0.0,,,88,44.5,89.0,0.93,0.05,71.0,0.05,1.1,1.07,1.51,-0.44,-0.44,-0.64,0.0,0.0,0.29,0.0,0.0,0.0,0.0,,,0.0,21.0,20.0,"1,842",20.5,1.51,1.51,4.68,3.17,67.7,0.29,0.24,0.44,0.15,15.0,0.0,0.0,0.0,0.0,,Blackpool
471,Simon Moore,eng ENG,GK,Coventry,31.0,1990.0,41,41,"3,690",41.0,0.0,0.02,0.02,0.0,0.0,0.0,0.02,0.0,0.0,0.02,0.02,0.0,0.02,Matches,GK,False,simon moore,2021-2022,standard,0.0,0.0,,0.0,0.0,,,90,89.1,90.0,1.0,0.0,,0.1,1.44,1.32,1.32,0.0,0.0,-0.2,0.0,0.02,0.07,0.0,0.0,0.02,0.0,,,0.0,41.0,41.0,"3,690",41.0,1.32,1.32,3.49,2.27,65.7,0.39,0.27,0.34,0.22,22.0,0.12,0.12,0.0,0.0,0.0,Coventry City
472,Stuart Moore,eng ENG,GK,Blackpool,26.0,1994.0,1,0,29,0.3,0.0,0.0,0.0,0.0,0.0,0.0,0.0,0.0,0.0,0.0,0.0,0.0,0.0,Matches,GK,False,stuart moore,2021-2022,standard,0.0,0.0,,0.0,0.0,,,29,0.7,,0.0,3.33,29.0,103.3,3.0,0.0,0.0,0.0,0.0,0.09,0.0,0.0,0.0,0.0,0.0,0.0,0.0,,,0.0,1.0,0.0,29,0.3,0.0,0.0,3.33,3.33,100.0,0.0,0.0,0.0,0.0,,0.0,0.0,0.0,0.0,,Blackpool
490,Lee Nicholls,eng ENG,GK,Huddersfield,28.0,1992.0,43,43,"3,870",43.0,0.0,0.0,0.0,0.0,0.0,0.0,0.16,0.0,0.0,0.0,0.0,0.0,0.0,Matches,GK,False,lee nicholls,2021-2022,standard,0.0,0.0,,0.0,0.0,,,90,93.5,90.0,1.0,0.0,,0.02,1.78,1.4,0.95,0.44,0.44,1.11,0.0,0.0,0.16,0.0,0.0,0.02,0.0,,,0.02,43.0,43.0,"3,870",43.0,0.95,0.95,4.07,3.19,78.3,0.51,0.28,0.21,0.42,41.9,0.09,0.07,0.0,0.02,0.0,Huddersfield
496,Ørjan Nyland,no NOR,GK,Bournemouth,30.0,1990.0,1,1,90,1.0,0.0,0.0,0.0,0.0,0.0,0.0,0.0,0.0,0.0,0.0,0.0,0.0,0.0,Matches,GK,False,rjan nyland,2021-2022,standard,0.0,0.0,,0.0,0.0,,,90,2.2,90.0,1.0,0.0,,22.0,1.0,0.0,0.0,0.0,0.0,-0.78,0.0,0.0,0.0,0.0,0.0,0.0,0.0,,,0.0,1.0,1.0,90,1.0,0.0,0.0,0.0,0.0,,0.0,1.0,0.0,1.0,100.0,0.0,0.0,0.0,0.0,,Bournemouth
497,Ørjan Nyland,no NOR,GK,Reading,30.0,1990.0,10,10,900,10.0,0.0,0.0,0.0,0.0,0.0,0.0,0.0,0.0,0.0,0.0,0.0,0.0,0.0,Matches,GK,False,rjan nyland,2021-2022,standard,0.0,0.0,,0.0,0.0,,,90,21.7,90.0,1.0,0.0,,0.1,1.2,1.2,1.5,-0.3,-0.3,0.53,0.0,0.0,0.1,0.0,0.0,0.0,0.0,,,0.0,10.0,10.0,900,10.0,1.5,1.5,3.7,2.3,62.2,0.3,0.3,0.4,0.1,10.0,0.1,0.1,0.0,0.0,0.0,Reading
501,Max O'Leary,ie IRL,GK,Bristol City,24.0,1996.0,9,9,782,8.7,0.0,0.0,0.0,0.0,0.0,0.0,0.0,0.0,0.0,0.0,0.0,0.0,0.0,Matches,GK,False,max o'leary,2021-2022,standard,0.0,0.0,,0.0,0.0,,,87,18.9,87.0,0.92,0.0,,3.68,1.11,1.84,2.41,-0.57,-0.58,-0.31,0.0,0.0,0.57,0.0,0.0,0.0,0.0,,,0.0,9.0,9.0,782,8.7,2.41,2.42,4.02,1.95,48.6,0.34,0.11,0.57,0.0,0.0,0.34,0.34,0.0,0.0,0.0,Bristol City
514,Robin Olsen,se SWE,GK,Sheffield Utd,31.0,1990.0,11,11,990,11.0,0.0,0.0,0.0,0.0,0.0,0.0,0.0,0.0,0.0,0.0,0.0,0.0,0.0,Matches,GK,False,robin olsen,2021-2022,standard,0.0,0.0,,0.0,0.0,,,90,23.9,90.0,1.0,0.0,,0.0,1.27,1.36,1.55,-0.18,-0.18,-0.75,0.0,0.0,0.0,0.0,0.0,0.0,0.0,,,0.0,11.0,11.0,990,11.0,1.55,1.55,3.91,2.45,62.8,0.36,0.18,0.45,0.09,9.1,0.09,0.09,0.0,0.0,0.0,Sheffield United
524,Alex Palmer,eng ENG,GK,Luton,24.0,1996.0,2,2,180,2.0,0.0,0.5,0.5,0.0,0.0,0.0,0.0,0.0,0.0,0.5,0.5,0.0,0.5,Matches,GK,False,alex palmer,2021-2022,standard,0.0,0.0,,0.0,0.0,,,90,4.3,90.0,1.0,0.0,,0.0,1.5,1.0,1.0,0.0,0.0,-0.18,0.0,0.0,0.0,0.0,0.0,0.0,0.0,,,0.0,2.0,2.0,180,2.0,1.0,1.0,2.5,2.0,80.0,0.5,0.0,0.5,0.5,50.0,0.5,0.5,0.0,0.0,0.0,Luton Town
531,Aynsley Pears,eng ENG,GK,Blackburn,23.0,1998.0,3,2,215,2.4,0.0,0.0,0.0,0.0,0.0,0.0,0.0,0.0,0.0,0.0,0.0,0.0,0.0,Matches,GK,False,aynsley pears,2021-2022,standard,0.0,0.0,,0.0,0.0,,,72,5.2,90.0,0.83,0.42,35.0,15.4,3.0,1.25,0.0,1.25,1.26,1.12,0.0,0.0,0.0,0.0,0.0,0.0,0.0,,,0.0,3.0,2.0,215,2.4,0.0,0.0,3.33,3.33,100.0,0.83,0.0,0.0,1.25,150.0,0.0,0.0,0.0,0.0,,Blackburn
536,Dillon Phillips,eng ENG,GK,Cardiff,26.0,1995.0,17,17,"1,530",17.0,0.0,0.0,0.0,0.0,0.0,0.0,0.06,0.0,0.0,0.0,0.0,0.0,0.0,Matches,GK,False,dillon phillips,2021-2022,standard,0.0,0.0,,0.0,0.0,,,90,37.0,90.0,1.0,0.0,,1.71,1.06,1.0,1.53,-0.53,-0.53,-0.22,0.0,0.06,0.18,0.0,0.0,0.0,0.06,,,0.0,17.0,17.0,"1,530",17.0,1.53,1.53,4.0,2.53,63.2,0.29,0.18,0.53,0.12,11.8,0.06,0.06,0.0,0.0,0.0,Cardiff City
551,Christy Pym,eng ENG,GK,Peterborough,26.0,1995.0,7,7,630,7.0,0.0,0.0,0.0,0.0,0.0,0.0,0.0,0.0,0.0,0.0,0.0,0.0,0.0,Matches,GK,False,christy pym,2021-2022,standard,0.0,0.0,,0.0,0.0,,,90,15.2,90.0,1.0,0.0,,0.0,0.57,1.0,2.43,-1.43,-1.43,-0.56,0.0,0.0,0.14,0.0,0.0,0.0,0.14,,,0.0,7.0,7.0,630,7.0,2.43,2.43,5.14,2.71,52.8,0.14,0.14,0.71,0.0,0.0,0.0,0.0,0.0,0.0,,Peterborough
557,Aaron Ramsdale,eng ENG,GK,Sheffield Utd,23.0,1998.0,2,2,180,2.0,0.0,0.0,0.0,0.0,0.0,0.0,0.0,0.0,0.0,0.0,0.0,0.0,0.0,Matches,GK,False,aaron ramsdale,2021-2022,standard,0.0,0.0,,0.0,0.0,,,90,4.3,90.0,1.0,0.0,,0.0,0.5,0.0,0.5,-0.5,-0.5,-0.93,0.0,0.0,0.0,0.0,0.0,0.0,0.0,,,0.0,2.0,2.0,180,2.0,0.5,0.5,1.5,1.0,66.7,0.0,0.5,0.5,0.5,50.0,0.0,0.0,0.0,0.0,,Sheffield United
577,Marek Rodák,sk SVK,GK,Fulham,24.0,1996.0,33,33,"2,970",33.0,0.0,0.0,0.0,0.0,0.0,0.0,0.03,0.0,0.0,0.0,0.0,0.0,0.0,Matches,GK,False,marek rodak,2021-2022,standard,0.0,0.0,,0.0,0.0,,,90,71.7,90.0,1.0,0.0,,0.33,2.09,2.52,0.79,1.73,1.73,1.27,0.0,0.0,0.09,0.0,0.0,0.0,0.0,,,0.0,33.0,33.0,"2,970",33.0,0.79,0.79,2.79,2.09,75.0,0.64,0.18,0.18,0.42,42.4,0.09,0.09,0.0,0.0,0.0,Fulham
581,Kelle Roos,nl NED,GK,Derby,29.0,1992.0,18,17,"1,515",16.8,0.0,0.0,0.0,0.0,0.0,0.0,0.06,0.06,0.0,0.0,0.0,0.0,0.0,Matches,GK,False,kelle roos,2021-2022,standard,0.0,0.0,,0.0,0.0,,,84,36.6,88.0,0.95,0.06,19.0,1.49,1.06,0.95,1.01,-0.06,-0.06,0.18,0.0,0.06,0.18,0.0,0.0,0.06,0.0,,,0.0,18.0,17.0,"1,515",16.8,1.01,1.01,3.81,2.92,75.0,0.24,0.42,0.36,0.3,29.4,0.12,0.06,0.06,0.0,50.0,Derby County
585,Declan Rudd,eng ENG,GK,Preston,30.0,1991.0,1,1,12,0.1,0.0,0.0,0.0,0.0,0.0,0.0,0.0,0.0,0.0,0.0,0.0,0.0,0.0,Matches,GK,False,declan rudd,2021-2022,standard,0.0,0.0,,0.0,0.0,,,12,0.3,12.0,0.0,0.0,,150.0,0.0,10.0,0.0,10.0,7.5,7.61,0.0,0.0,0.0,0.0,0.0,0.0,0.0,,,0.0,1.0,1.0,12,0.1,0.0,0.0,0.0,0.0,,0.0,0.0,10.0,0.0,0.0,0.0,0.0,0.0,0.0,,Preston
589,Brice Samba,fr FRA,GK,Nott'm Forest,27.0,1994.0,40,40,"3,594",39.9,0.0,0.0,0.0,0.0,0.0,0.0,0.15,0.03,0.0,0.0,0.0,0.0,0.0,Matches,GK,False,brice samba,2021-2022,standard,0.03,0.0,0.0,0.03,0.0,0.0,,90,86.8,90.0,0.98,0.0,,0.08,1.74,1.55,0.88,0.68,0.68,-0.31,0.0,0.03,0.05,0.0,0.0,0.05,0.0,,,0.0,40.0,40.0,"3,594",39.9,0.88,0.88,3.53,2.81,78.7,0.5,0.23,0.28,0.35,35.0,0.15,0.13,0.03,0.0,16.7,Nottingham
594,Matija Šarkić,me MNE,GK,Birmingham,24.0,1997.0,23,23,"2,070",23.0,0.0,0.0,0.0,0.0,0.0,0.0,0.0,0.0,0.0,0.0,0.0,0.0,0.0,Matches,GK,False,matija sarkic,2021-2022,standard,0.0,0.0,,0.0,0.0,,,90,50.0,90.0,1.0,0.0,,0.0,1.17,0.96,1.26,-0.3,-0.3,0.48,0.0,0.04,0.0,0.0,0.0,0.13,0.04,,,0.0,23.0,23.0,"2,070",23.0,1.26,1.26,3.52,2.39,67.9,0.3,0.26,0.43,0.43,43.5,0.13,0.13,0.0,0.0,0.0,Birmingham City
600,Ryan Schofield,eng ENG,GK,Huddersfield,21.0,1999.0,2,2,180,2.0,0.0,0.0,0.0,0.0,0.0,0.0,0.0,0.0,0.0,0.0,0.0,0.0,0.0,Matches,GK,False,ryan schofield,2021-2022,standard,0.0,0.0,,0.0,0.0,,,90,4.3,90.0,1.0,0.0,,6.0,0.5,1.0,3.0,-2.0,-2.0,-2.48,0.0,0.0,0.0,0.0,0.0,0.0,0.0,,,0.0,2.0,2.0,180,2.0,3.0,3.0,7.0,4.0,57.1,0.0,0.5,0.5,0.0,0.0,0.0,0.0,0.0,0.0,,Huddersfield
608,James Shea,eng ENG,GK,Luton,30.0,1991.0,19,19,"1,664",18.5,0.0,0.0,0.0,0.0,0.0,0.0,0.05,0.0,0.0,0.0,0.0,0.0,0.0,Matches,GK,False,james shea,2021-2022,standard,0.0,0.0,,0.0,0.0,,,88,40.2,88.0,0.97,0.0,,1.08,1.84,1.41,0.97,0.43,0.43,0.43,0.0,0.0,0.11,0.0,0.0,0.0,0.0,,,0.0,19.0,19.0,"1,664",18.5,0.97,0.97,3.68,2.76,75.0,0.54,0.27,0.22,0.43,42.1,0.05,0.05,0.0,0.0,0.0,Luton Town
620,Simon Sluga,hr CRO,GK,Luton,28.0,1993.0,19,19,"1,710",19.0,0.0,0.0,0.0,0.0,0.0,0.0,0.05,0.0,0.0,0.0,0.0,0.0,0.0,Matches,GK,False,simon sluga,2021-2022,standard,0.0,0.0,,0.0,0.0,,,90,41.3,90.0,1.0,0.0,,0.26,1.26,1.42,1.37,0.05,0.05,-0.21,0.0,0.0,0.21,0.0,0.0,0.05,0.0,,,0.0,19.0,19.0,"1,710",19.0,1.37,1.37,2.95,1.68,55.4,0.32,0.32,0.37,0.37,36.8,0.11,0.05,0.05,0.0,50.0,Luton Town
628,Alex Smithies,eng ENG,GK,Cardiff,31.0,1990.0,29,29,"2,610",29.0,0.0,0.0,0.0,0.0,0.0,0.0,0.07,0.0,0.0,0.0,0.0,0.0,0.0,Matches,GK,False,alex smithies,2021-2022,standard,0.03,0.0,0.0,0.03,0.0,0.0,,90,63.0,90.0,1.0,0.0,,0.34,1.21,1.14,1.45,-0.31,-0.31,0.22,0.0,0.0,0.03,0.0,0.0,0.0,0.0,,,0.03,29.0,29.0,"2,610",29.0,1.45,1.45,3.28,1.86,56.8,0.34,0.17,0.48,0.17,17.2,0.03,0.03,0.0,0.0,0.0,Cardiff City
632,Luke Southwood,nir NIR,GK,Reading,23.0,1997.0,25,25,"2,250",25.0,0.0,0.0,0.0,0.0,0.0,0.0,0.04,0.0,0.0,0.0,0.0,0.0,0.0,Matches,GK,False,luke southwood,2021-2022,standard,0.0,0.0,,0.0,0.0,,,90,54.3,90.0,1.0,0.0,,0.84,0.96,0.96,1.92,-0.96,-0.96,-0.53,0.0,0.0,0.28,0.0,0.0,0.0,0.0,,,0.0,25.0,25.0,"2,250",25.0,1.92,1.92,5.52,3.68,66.7,0.28,0.12,0.6,0.12,12.0,0.08,0.08,0.0,0.0,0.0,Reading
643,Jed Steer,eng ENG,GK,Luton,28.0,1992.0,3,3,270,3.0,0.0,0.0,0.0,0.0,0.0,0.0,0.0,0.0,0.0,0.0,0.0,0.0,0.0,Matches,GK,False,jed steer,2021-2022,standard,0.0,0.0,,0.0,0.0,,,90,6.5,90.0,1.0,0.0,,1.0,3.0,1.67,0.33,1.33,1.33,1.24,0.0,0.0,0.0,0.0,0.0,0.0,0.0,,,0.0,3.0,3.0,270,3.0,0.33,0.33,2.67,2.33,87.5,1.0,0.0,0.0,0.67,66.7,0.0,0.0,0.0,0.0,,Luton Town
680,Mark Travers,ie IRL,GK,Bournemouth,22.0,1999.0,45,45,"4,050",45.0,0.0,0.0,0.0,0.0,0.0,0.0,0.07,0.0,0.0,0.0,0.0,0.0,0.0,Matches,GK,False,mark travers,2021-2022,standard,0.0,0.0,,0.0,0.0,,,90,97.8,90.0,1.0,0.0,,0.0,1.93,1.64,0.87,0.78,0.78,0.78,0.0,0.0,0.09,0.0,0.0,0.02,0.0,,,0.0,45.0,45.0,"4,050",45.0,0.87,0.87,3.47,2.67,76.9,0.56,0.27,0.18,0.44,44.4,0.07,0.07,0.0,0.0,0.0,Bournemouth
682,Connal Trueman,eng ENG,GK,Birmingham,25.0,1996.0,1,0,21,0.2,0.0,0.0,0.0,0.0,0.0,0.0,0.0,0.0,0.0,0.0,0.0,0.0,0.0,Matches,GK,False,connal trueman,2021-2022,standard,0.0,0.0,,0.0,0.0,,,21,0.5,,0.0,5.0,21.0,165.0,0.0,0.0,5.0,-5.0,-4.29,-3.76,0.0,0.0,0.0,0.0,0.0,0.0,0.0,,,0.0,1.0,0.0,21,0.2,5.0,4.29,5.0,0.0,0.0,0.0,0.0,0.0,0.0,,0.0,0.0,0.0,0.0,,Birmingham City
690,Michael Verrips,nl NED,GK,Sheffield Utd,24.0,1996.0,1,1,90,1.0,0.0,0.0,0.0,0.0,0.0,0.0,0.0,0.0,0.0,0.0,0.0,0.0,0.0,Matches,GK,False,michael verrips,2021-2022,standard,0.0,0.0,,0.0,0.0,,,90,2.2,90.0,1.0,0.0,,7.0,0.0,0.0,4.0,-4.0,-4.0,-4.49,0.0,0.0,0.0,0.0,0.0,0.0,0.0,,,0.0,1.0,1.0,90,1.0,4.0,4.0,5.0,1.0,20.0,0.0,0.0,1.0,0.0,0.0,0.0,0.0,0.0,0.0,,Sheffield United
702,Jack Walton,eng ENG,GK,Barnsley,23.0,1998.0,7,6,607,6.7,0.0,0.0,0.0,0.0,0.0,0.0,0.0,0.0,0.0,0.0,0.0,0.0,0.0,Matches,GK,False,jack walton,2021-2022,standard,0.0,0.0,,0.0,0.0,,,87,14.7,90.0,0.9,0.15,67.0,5.67,0.14,0.6,2.69,-2.09,-2.08,-1.41,0.0,0.0,0.3,0.0,0.0,0.0,0.0,,,0.0,7.0,6.0,607,6.7,2.69,2.67,5.82,3.43,56.4,0.0,0.15,0.75,0.0,0.0,0.3,0.15,0.15,0.0,50.0,Barnsley
711,Keiren Westwood,ie IRL,GK,QPR,36.0,1984.0,6,6,540,6.0,0.0,0.0,0.0,0.0,0.0,0.0,0.0,0.0,0.0,0.0,0.0,0.0,0.0,Matches,GK,False,keiren westwood,2021-2022,standard,0.0,0.0,,0.0,0.0,,,90,13.0,90.0,1.0,0.0,,0.0,0.67,0.67,1.5,-0.83,-0.83,-0.98,0.0,0.0,0.33,0.0,0.0,0.0,0.0,,,0.0,6.0,6.0,540,6.0,1.5,1.5,4.33,3.17,73.1,0.17,0.17,0.67,0.17,16.7,0.33,0.33,0.0,0.0,0.0,QPR
727,Ben Wilson,eng ENG,GK,Coventry,28.0,1992.0,5,5,450,5.0,0.0,0.0,0.0,0.0,0.0,0.0,0.0,0.0,0.0,0.0,0.0,0.0,0.0,Matches,GK,False,ben wilson,2021-2022,standard,0.0,0.0,,0.0,0.0,,,90,10.9,90.0,1.0,0.0,,8.2,1.0,1.2,1.0,0.2,0.2,0.2,0.0,0.2,0.0,0.0,0.0,0.0,0.0,,,0.0,5.0,5.0,450,5.0,1.0,1.0,2.4,1.8,66.7,0.2,0.4,0.4,0.2,20.0,0.4,0.2,0.2,0.0,50.0,Coventry City
18,Ryan Allsop,eng ENG,GK,Cardiff,30.0,1992.0,43,43,"3,845",42.7,0.0,0.0,0.0,0.0,0.0,0.0,0.12,0.02,0.0,0.0,0.0,0.0,0.0,Matches,GK,False,ryan allsop,2022-2023,standard,0.02,0.0,0.0,0.02,0.0,0.0,,89,92.9,89.0,0.96,0.0,,0.0,1.07,0.89,1.24,-0.35,-0.35,0.26,0.0,0.05,0.12,0.0,0.0,0.02,0.0,,,0.0,43.0,43.0,"3,845",42.7,1.24,1.24,3.4,2.15,63.4,0.28,0.23,0.49,0.28,27.9,0.09,0.05,0.05,0.0,50.0,Cardiff City
19,Jak Alnwick,eng ENG,GK,Cardiff,29.0,1993.0,4,3,293,3.3,0.0,0.0,0.0,0.0,0.0,0.0,0.0,0.3,0.0,0.0,0.0,0.0,0.0,Matches,GK,False,jak alnwick,2022-2023,standard,0.0,0.0,,0.0,0.0,,,73,7.1,90.0,0.61,0.3,24.0,11.2,1.0,0.91,1.21,-0.3,-0.31,0.07,0.0,0.3,0.61,0.0,0.0,0.0,0.0,,,0.0,4.0,3.0,293,3.3,1.21,1.23,3.03,1.82,60.0,0.3,0.0,0.61,0.0,0.0,0.0,0.0,0.0,0.0,,Cardiff City
20,Jordan Amissah,gh GHA,GK,Sheffield Utd,20.0,2001.0,1,0,13,0.1,0.0,0.0,0.0,0.0,0.0,0.0,0.0,0.0,0.0,0.0,0.0,0.0,0.0,Matches,GK,False,jordan amissah,2022-2023,standard,0.0,0.0,,0.0,0.0,,,13,0.3,,0.0,10.0,13.0,130.0,1.0,0.0,0.0,0.0,0.0,-0.74,0.0,0.0,0.0,0.0,0.0,0.0,0.0,,,0.0,1.0,0.0,13,0.1,0.0,0.0,10.0,10.0,100.0,0.0,0.0,0.0,0.0,,0.0,0.0,0.0,0.0,,Sheffield United
21,Ben Amos,eng ENG,GK,Wigan,32.0,1990.0,29,29,"2,572",28.6,0.0,0.0,0.0,0.0,0.0,0.0,0.07,0.0,0.0,0.0,0.0,0.0,0.0,Matches,GK,False,ben amos,2022-2023,standard,0.0,0.0,,0.0,0.0,,,89,62.1,89.0,0.98,0.0,,0.21,0.9,0.7,1.22,-0.52,-0.52,0.16,0.0,0.03,0.21,0.0,0.0,0.0,0.0,,,0.0,29.0,29.0,"2,572",28.6,1.22,1.22,3.15,1.92,61.1,0.17,0.38,0.45,0.24,24.1,0.1,0.07,0.0,0.03,0.0,Wigan Athletic
39,Daniel Bachmann,at AUT,GK,Watford,28.0,1994.0,45,45,"4,049",45.0,0.0,0.0,0.0,0.0,0.0,0.0,0.16,0.02,0.0,0.0,0.0,0.0,0.0,Matches,GK,False,daniel bachmann,2022-2023,standard,0.0,0.0,,0.0,0.0,,,90,97.8,90.0,0.98,0.0,,0.0,1.38,1.18,1.13,0.04,0.04,-0.94,0.02,0.02,0.13,0.0,0.0,0.0,0.0,,,0.0,45.0,45.0,"4,049",45.0,1.13,1.13,4.13,3.02,72.6,0.36,0.31,0.33,0.36,35.6,0.04,0.04,0.0,0.0,0.0,Watford
55,Nathan Baxter,eng ENG,GK,Hull,23.0,1998.0,12,12,"1,080",12.0,0.0,0.0,0.0,0.0,0.0,0.0,0.08,0.0,0.0,0.0,0.0,0.0,0.0,Matches,GK,False,nathan baxter,2022-2023,standard,0.0,0.0,,0.0,0.0,,,90,26.1,90.0,1.0,0.0,,0.67,1.08,1.17,1.75,-0.58,-0.58,-0.5,0.0,0.08,0.0,0.0,0.0,0.0,0.0,,,0.0,12.0,12.0,"1,080",12.0,1.75,1.75,4.25,2.5,58.8,0.33,0.08,0.58,0.08,8.3,0.17,0.08,0.0,0.08,0.0,Hull City
61,Steven Benda,de GER,GK,Swansea,23.0,1998.0,21,21,"1,860",20.7,0.0,0.0,0.0,0.0,0.0,0.0,0.0,0.0,0.0,0.0,0.0,0.0,0.0,Matches,GK,False,steven benda,2022-2023,standard,0.0,0.0,,0.0,0.0,,,89,44.9,89.0,0.97,0.0,,0.34,1.57,1.59,1.3,0.29,0.29,0.37,0.0,0.05,0.1,0.0,0.0,0.0,0.0,,,0.0,21.0,21.0,"1,860",20.7,1.3,1.31,3.43,2.13,62.0,0.43,0.29,0.29,0.24,23.8,0.1,0.0,0.05,0.05,100.0,Swansea City
65,Daniel Bentley,eng ENG,GK,Bristol City,29.0,1993.0,13,13,"1,170",13.0,0.0,0.0,0.0,0.0,0.0,0.0,0.0,0.0,0.0,0.0,0.0,0.0,0.0,Matches,GK,False,daniel bentley,2022-2023,standard,0.0,0.0,,0.0,0.0,,,90,28.3,90.0,1.0,0.0,,1.15,1.15,1.54,1.62,-0.08,-0.08,-0.08,0.0,0.0,0.15,0.0,0.0,0.0,0.08,,,0.0,13.0,13.0,"1,170",13.0,1.62,1.62,4.31,2.69,62.5,0.31,0.23,0.46,0.31,30.8,0.08,0.08,0.0,0.0,0.0,Bristol City
70,Bartosz Białkowski,pl POL,GK,Millwall,35.0,1987.0,10,10,900,10.0,0.0,0.0,0.0,0.0,0.0,0.0,0.0,0.0,0.0,0.0,0.0,0.0,0.0,Matches,GK,False,bartosz biakowski,2022-2023,standard,0.0,0.0,,0.0,0.0,,,90,21.7,90.0,1.0,0.0,,3.6,1.3,1.2,1.3,-0.1,-0.1,-0.32,0.0,0.0,0.0,0.0,0.0,0.1,0.0,,,0.0,10.0,10.0,900,10.0,1.3,1.3,4.5,3.2,71.1,0.4,0.1,0.5,0.3,30.0,0.1,0.0,0.1,0.0,100.0,Millwall
73,Nicholas Bilokapic,au AUS,GK,Huddersfield,19.0,2002.0,6,5,480,5.3,0.0,0.19,0.19,0.0,0.0,0.0,0.0,0.0,0.0,0.19,0.19,0.0,0.19,Matches,GK,False,nicholas bilokapic,2022-2023,standard,0.0,0.0,,0.0,0.0,,,80,11.6,90.0,0.94,0.19,30.0,5.85,0.67,0.57,2.45,-1.89,-1.87,-1.75,0.0,0.0,0.19,0.0,0.0,0.0,0.0,,,0.0,6.0,5.0,480,5.3,2.45,2.44,6.23,3.77,60.6,0.19,0.19,0.57,0.0,0.0,0.0,0.0,0.0,0.0,,Huddersfield
79,Jack Bonham,ie IRL,GK,Stoke,28.0,1993.0,23,22,"2,025",22.5,0.0,0.0,0.0,0.0,0.0,0.0,0.04,0.0,0.0,0.0,0.0,0.0,0.0,Matches,GK,False,jack bonham,2022-2023,standard,0.0,0.0,,0.0,0.0,,,88,48.9,90.0,0.98,0.04,45.0,0.89,1.22,1.38,1.16,0.22,0.22,0.39,0.0,0.0,0.13,0.0,0.0,0.0,0.0,,,0.0,23.0,22.0,"2,025",22.5,1.16,1.16,3.07,1.91,62.3,0.27,0.31,0.4,0.27,27.3,0.09,0.04,0.04,0.0,50.0,Stoke City
81,Dean Bouzanis,au AUS,GK,Reading,31.0,1990.0,5,4,419,4.7,0.0,0.0,0.0,0.0,0.0,0.0,0.21,0.0,0.0,0.0,0.0,0.0,0.0,Matches,GK,False,dean bouzanis,2022-2023,standard,0.0,0.0,,0.0,0.0,,,84,10.1,90.0,0.85,0.21,59.0,7.45,1.2,0.64,1.91,-1.28,-1.29,-0.9,0.0,0.0,0.21,0.0,0.0,0.0,0.0,,,0.0,5.0,4.0,419,4.7,1.91,1.93,4.04,2.13,52.6,0.43,0.0,0.43,0.21,25.0,0.43,0.43,0.0,0.0,0.0,Reading
83,Coniah Boyce-Clarke,jm JAM,GK,Reading,19.0,2003.0,1,1,90,1.0,0.0,0.0,0.0,0.0,0.0,0.0,0.0,0.0,0.0,0.0,0.0,0.0,0.0,Matches,GK,False,coniah boyce-clarke,2022-2023,standard,0.0,0.0,,0.0,0.0,,,90,2.2,90.0,1.0,0.0,,8.0,0.0,0.0,2.0,-2.0,-2.0,-1.56,0.0,0.0,0.0,0.0,0.0,0.0,0.0,,,0.0,1.0,1.0,90,1.0,2.0,2.0,6.0,4.0,66.7,0.0,0.0,1.0,0.0,0.0,0.0,0.0,0.0,0.0,,Reading
105,Josef Bursik,eng ENG,GK,Stoke,22.0,2000.0,16,16,"1,440",16.0,0.0,0.0,0.0,0.0,0.0,0.0,0.06,0.0,0.0,0.0,0.0,0.0,0.0,Matches,GK,False,josef bursik,2022-2023,standard,0.0,0.0,,0.0,0.0,,,90,34.8,90.0,1.0,0.0,,0.63,1.13,1.06,1.38,-0.31,-0.31,-0.51,0.0,0.0,0.25,0.0,0.0,0.0,0.0,,,0.0,16.0,16.0,"1,440",16.0,1.38,1.37,3.69,2.31,62.7,0.31,0.19,0.5,0.31,31.3,0.0,0.0,0.0,0.0,,Stoke City
106,David Button,eng ENG,GK,West Brom,33.0,1989.0,13,13,"1,170",13.0,0.0,0.0,0.0,0.0,0.0,0.0,0.08,0.0,0.0,0.0,0.0,0.0,0.0,Matches,GK,False,david button,2022-2023,standard,0.0,0.0,,0.0,0.0,,,90,28.3,90.0,1.0,0.0,,1.92,1.0,1.38,1.46,-0.08,-0.08,-0.29,0.0,0.08,0.08,0.0,0.0,0.0,0.0,,,0.0,13.0,13.0,"1,170",13.0,1.46,1.46,2.85,1.38,48.6,0.15,0.54,0.31,0.15,15.4,0.15,0.08,0.08,0.0,50.0,West Brom
181,Karl Darlow,wls WAL,GK,Hull,31.0,1990.0,12,12,"1,080",12.0,0.0,0.0,0.0,0.0,0.0,0.0,0.17,0.0,0.0,0.0,0.0,0.0,0.0,Matches,GK,False,karl darlow,2022-2023,standard,0.0,0.0,,0.0,0.0,,,90,26.1,90.0,1.0,0.0,,0.42,1.25,1.08,1.17,-0.08,-0.08,0.18,0.0,0.0,0.25,0.0,0.0,0.0,0.0,,,0.0,12.0,12.0,"1,080",12.0,1.17,1.17,4.08,2.92,71.4,0.25,0.5,0.25,0.42,41.7,0.17,0.17,0.0,0.0,0.0,Hull City
183,Adam Davies,wls WAL,GK,Sheffield Utd,30.0,1992.0,7,6,612,6.8,0.0,0.0,0.0,0.0,0.0,0.0,0.0,0.0,0.0,0.0,0.0,0.0,0.0,Matches,GK,False,adam davies,2022-2023,standard,0.0,0.0,,0.0,0.0,,,87,14.8,90.0,0.88,0.15,72.0,4.26,1.86,1.62,1.03,0.59,0.59,-0.18,0.0,0.0,0.15,0.0,0.0,0.0,0.0,,,0.0,7.0,6.0,612,6.8,1.03,1.03,3.82,2.79,73.1,0.59,0.15,0.15,0.29,33.3,0.44,0.29,0.15,0.0,33.3,Sheffield United
199,Seny Dieng,sn SEN,GK,QPR,27.0,1994.0,46,46,"4,140",46.0,0.02,0.0,0.02,0.02,0.0,0.0,0.04,0.0,0.02,0.0,0.02,0.02,0.02,Matches,GK,False,seny dieng,2022-2023,standard,0.04,0.02,50.0,0.04,0.02,0.5,1.0,90,100.0,90.0,1.0,0.0,,0.0,1.09,0.96,1.54,-0.59,-0.59,,0.0,0.02,0.2,0.0,0.0,0.0,0.0,,,0.0,46.0,46.0,"4,140",46.0,1.54,1.54,4.13,2.59,62.6,0.28,0.24,0.48,0.2,19.6,0.13,0.09,0.04,0.0,33.3,QPR
235,Neil Etheridge,ph PHI,GK,Birmingham,32.0,1990.0,4,3,323,3.6,0.0,0.0,0.0,0.0,0.0,0.0,0.0,0.0,0.0,0.0,0.0,0.0,0.0,Matches,GK,False,neil etheridge,2022-2023,standard,0.0,0.0,,0.0,0.0,,,81,7.8,90.0,0.83,0.28,53.0,11.7,0.75,0.28,1.39,-1.11,-1.11,-0.95,0.0,0.0,0.56,0.0,0.0,0.0,0.0,,,0.0,4.0,3.0,323,3.6,1.39,1.39,3.89,2.5,64.3,0.0,0.0,0.83,0.28,33.3,0.28,0.28,0.0,0.0,0.0,Birmingham City
246,Andy Fisher,eng ENG,GK,Swansea,24.0,1998.0,26,25,"2,280",25.3,0.0,0.0,0.0,0.0,0.0,0.0,0.08,0.0,0.0,0.0,0.0,0.0,0.0,Matches,GK,False,andy fisher,2022-2023,standard,0.0,0.0,,0.0,0.0,,,88,55.1,90.0,0.99,0.04,30.0,0.79,1.31,1.38,1.46,-0.08,-0.08,-0.37,0.0,0.04,0.32,0.0,0.0,0.0,0.0,,,0.0,26.0,25.0,"2,280",25.3,1.46,1.46,3.87,2.41,62.2,0.36,0.24,0.4,0.24,24.0,0.12,0.08,0.04,0.0,33.3,Swansea City
253,Wes Foderingham,eng ENG,GK,Sheffield Utd,31.0,1991.0,40,40,"3,512",39.0,0.0,0.03,0.03,0.0,0.0,0.0,0.05,0.05,0.0,0.03,0.03,0.0,0.03,Matches,GK,False,wes foderingham,2022-2023,standard,0.03,0.0,0.0,0.03,0.0,0.0,,88,84.8,88.0,0.95,0.0,,0.03,1.95,1.56,0.82,0.74,0.74,0.03,0.0,0.05,0.18,0.0,0.0,0.0,0.03,,,0.0,40.0,40.0,"3,512",39.0,0.82,0.82,2.67,1.85,69.2,0.62,0.15,0.26,0.44,42.5,0.03,0.0,0.03,0.0,100.0,Sheffield United
288,Joshua Griffiths,eng ENG,GK,West Brom,20.0,2001.0,10,10,900,10.0,0.0,0.0,0.0,0.0,0.0,0.0,0.0,0.0,0.0,0.0,0.0,0.0,0.0,Matches,GK,False,joshua griffiths,2022-2023,standard,0.0,0.0,,0.0,0.0,,,90,21.7,90.0,1.0,0.0,,0.8,1.3,1.1,1.2,-0.1,-0.1,-0.29,0.0,0.0,0.3,0.0,0.0,0.0,0.0,,,0.0,10.0,10.0,900,10.0,1.2,1.2,3.9,2.6,69.2,0.3,0.4,0.3,0.4,40.0,0.0,0.0,0.0,0.0,,West Brom
290,Daniel Grimshaw,eng ENG,GK,Blackpool,24.0,1998.0,18,18,"1,620",18.0,0.0,0.0,0.0,0.0,0.0,0.0,0.06,0.0,0.0,0.0,0.0,0.0,0.0,Matches,GK,False,daniel grimshaw,2022-2023,standard,0.0,0.0,,0.0,0.0,,,90,39.1,90.0,1.0,0.0,,1.56,1.22,1.0,1.33,-0.33,-0.33,0.31,0.0,0.0,0.0,0.0,0.0,0.0,0.0,,,0.0,18.0,18.0,"1,620",18.0,1.33,1.33,4.78,3.44,72.1,0.33,0.22,0.44,0.33,33.3,0.06,0.06,0.0,0.0,0.0,Blackpool
292,Angus Gunn,sct SCO,GK,Norwich,26.0,1996.0,30,30,"2,700",30.0,0.0,0.0,0.0,0.0,0.0,0.0,0.03,0.0,0.0,0.0,0.0,0.0,0.0,Matches,GK,False,angus gunn,2022-2023,standard,0.0,0.0,,0.0,0.0,,,90,65.2,90.0,1.0,0.0,,0.43,1.07,0.97,1.2,-0.23,-0.23,-0.86,0.0,0.0,0.17,0.0,0.0,0.07,0.03,,,0.0,30.0,30.0,"2,700",30.0,1.2,1.2,3.97,2.83,69.7,0.27,0.27,0.47,0.23,23.3,0.1,0.07,0.03,0.0,33.3,Norwich City
298,Ben Hamer,eng ENG,GK,Watford,34.0,1987.0,1,1,90,1.0,0.0,0.0,0.0,0.0,0.0,0.0,0.0,0.0,0.0,0.0,0.0,0.0,0.0,Matches,GK,False,ben hamer,2022-2023,standard,0.0,0.0,,0.0,0.0,,,90,2.2,90.0,1.0,0.0,,25.0,1.0,2.0,2.0,0.0,0.0,-0.07,0.0,0.0,0.0,0.0,0.0,0.0,0.0,,,0.0,1.0,1.0,90,1.0,2.0,2.0,6.0,4.0,66.7,0.0,1.0,0.0,0.0,0.0,0.0,0.0,0.0,0.0,,Watford
311,Robbie Hemfrey,sct SCO,GK,Rotherham,20.0,2002.0,1,0,45,0.5,0.0,0.0,0.0,0.0,0.0,0.0,0.0,0.0,0.0,0.0,0.0,0.0,0.0,Matches,GK,False,robbie hemfrey,2022-2023,standard,0.0,0.0,,0.0,0.0,,,45,1.1,,0.0,2.0,45.0,22.0,1.0,2.0,2.0,0.0,0.0,0.24,0.0,0.0,0.0,0.0,0.0,0.0,0.0,,,0.0,1.0,0.0,45,0.5,2.0,2.0,12.0,10.0,83.3,0.0,0.0,0.0,0.0,,0.0,0.0,0.0,0.0,,Rotherham
328,Ethan Horvath,us USA,GK,Luton,27.0,1995.0,44,44,"3,960",44.0,0.0,0.0,0.0,0.0,0.0,0.0,0.0,0.0,0.0,0.0,0.0,0.0,0.0,Matches,GK,False,ethan horvath,2022-2023,standard,0.0,0.0,,0.0,0.0,,,90,95.7,90.0,1.0,0.0,,0.0,1.77,1.3,0.84,0.45,0.45,1.45,0.0,0.0,0.11,0.0,0.0,0.02,0.0,,,0.02,44.0,44.0,"3,960",44.0,0.84,0.84,2.91,2.07,71.1,0.48,0.36,0.16,0.43,43.2,0.11,0.11,0.0,0.0,0.0,Luton Town
348,Matt Ingram,eng ENG,GK,Hull,28.0,1993.0,22,22,"1,980",22.0,0.0,0.0,0.0,0.0,0.0,0.0,0.05,0.0,0.0,0.0,0.0,0.0,0.0,Matches,GK,False,matt ingram,2022-2023,standard,0.0,0.0,,0.0,0.0,,,90,47.8,90.0,1.0,0.0,,0.86,1.36,1.09,1.18,-0.09,-0.09,0.24,0.0,0.0,0.14,0.0,0.0,0.0,0.0,,,0.0,22.0,22.0,"1,980",22.0,1.18,1.18,4.41,3.23,73.2,0.32,0.41,0.27,0.36,36.4,0.14,0.09,0.05,0.0,33.3,Hull City
350,Harvey Isted,eng ENG,GK,Luton,25.0,1997.0,1,1,90,1.0,0.0,0.0,0.0,0.0,0.0,0.0,0.0,0.0,0.0,0.0,0.0,0.0,0.0,Matches,GK,False,harvey isted,2022-2023,standard,0.0,0.0,,0.0,0.0,,,90,2.2,90.0,1.0,0.0,,17.0,0.0,0.0,2.0,-2.0,-2.0,-2.44,0.0,0.0,1.0,0.0,0.0,0.0,0.0,,,0.0,1.0,1.0,90,1.0,2.0,2.0,3.0,1.0,33.3,0.0,0.0,1.0,0.0,0.0,0.0,0.0,0.0,0.0,,Luton Town
361,Viktor Johansson,se SWE,GK,Rotherham,23.0,1998.0,43,43,"3,870",43.0,0.0,0.0,0.0,0.0,0.0,0.0,0.07,0.0,0.0,0.0,0.0,0.0,0.0,Matches,GK,False,viktor johansson,2022-2023,standard,0.0,0.0,,0.0,0.0,,,90,93.5,90.0,1.0,0.0,,0.0,1.12,1.09,1.3,-0.21,-0.21,0.46,0.0,0.0,0.35,0.0,0.02,0.07,0.0,,,0.0,43.0,43.0,"3,870",43.0,1.3,1.3,4.88,3.65,73.3,0.26,0.35,0.4,0.3,30.2,0.14,0.09,0.02,0.02,20.0,Rotherham
367,Jamie Jones,eng ENG,GK,Wigan,33.0,1989.0,17,16,"1,478",16.4,0.0,0.0,0.0,0.0,0.0,0.0,0.0,0.0,0.0,0.0,0.0,0.0,0.0,Matches,GK,False,jamie jones,2022-2023,standard,0.0,0.0,,0.0,0.0,,,87,35.7,90.0,0.98,0.06,38.0,1.52,1.12,1.1,1.83,-0.73,-0.73,-0.22,0.0,0.0,0.18,0.0,0.0,0.0,0.0,,,0.0,17.0,16.0,"1,478",16.4,1.83,1.83,4.09,2.26,55.2,0.3,0.18,0.49,0.12,12.5,0.12,0.12,0.0,0.0,0.0,Wigan Athletic
379,Thomas Kaminski,be BEL,GK,Blackburn,29.0,1992.0,28,28,"2,520",28.0,0.0,0.0,0.0,0.0,0.0,0.0,0.11,0.0,0.0,0.0,0.0,0.0,0.0,Matches,GK,False,thomas kaminski,2022-2023,standard,0.0,0.0,,0.0,0.0,,,90,60.9,90.0,1.0,0.0,,0.29,1.54,1.11,1.25,-0.14,-0.14,-0.25,0.0,0.0,0.11,0.0,0.0,0.0,0.0,,,0.0,28.0,28.0,"2,520",28.0,1.25,1.25,4.21,2.96,70.3,0.5,0.04,0.46,0.36,35.7,0.04,0.04,0.0,0.0,0.0,Blackburn
401,Tim Krul,nl NED,GK,Norwich,34.0,1988.0,16,16,"1,440",16.0,0.0,0.0,0.0,0.0,0.0,0.0,0.13,0.0,0.0,0.0,0.0,0.0,0.0,Matches,GK,False,tim krul,2022-2023,standard,0.0,0.0,,0.0,0.0,,,90,34.8,90.0,1.0,0.0,,1.81,1.88,1.75,1.13,0.63,0.62,0.86,0.0,0.0,0.19,0.0,0.0,0.0,0.0,,,0.0,16.0,16.0,"1,440",16.0,1.13,1.13,3.44,2.31,67.3,0.56,0.19,0.25,0.31,31.3,0.0,0.0,0.0,0.0,,Norwich City
421,George Long,eng ENG,GK,Millwall,28.0,1993.0,36,36,"3,240",36.0,0.0,0.0,0.0,0.0,0.0,0.0,0.08,0.0,0.0,0.0,0.0,0.0,0.0,Matches,GK,False,george long,2022-2023,standard,0.0,0.0,,0.0,0.0,,,90,78.3,90.0,1.0,0.0,,0.25,1.53,1.25,1.03,0.22,0.22,0.32,0.0,0.0,0.06,0.0,0.0,0.03,0.08,,,0.0,36.0,36.0,"3,240",36.0,1.03,1.03,3.0,2.0,65.7,0.42,0.28,0.31,0.33,33.3,0.06,0.06,0.0,0.0,0.0,Millwall
433,Joe Lumley,eng ENG,GK,Reading,27.0,1995.0,41,41,"3,631",40.3,0.0,0.02,0.02,0.0,0.0,0.0,0.15,0.0,0.0,0.02,0.02,0.0,0.02,Matches,GK,False,joe lumley,2022-2023,standard,0.02,0.0,0.0,0.02,0.0,0.0,,89,87.7,89.0,0.99,0.0,,0.02,1.07,1.07,1.41,-0.35,-0.35,1.07,0.0,0.02,0.15,0.0,0.0,0.0,0.02,,,0.0,41.0,41.0,"3,631",40.3,1.41,1.41,3.82,2.48,63.0,0.27,0.27,0.47,0.17,17.1,0.1,0.1,0.0,0.0,0.0,Reading
434,Rohan Luthra,eng ENG,GK,Cardiff,21.0,2001.0,1,0,1,0.0,0.0,0.0,0.0,0.0,0.0,0.0,0.0,0.0,0.0,0.0,0.0,0.0,0.0,Matches,GK,False,rohan luthra,2022-2023,standard,0.0,0.0,,0.0,0.0,,,1,0.0,,0.0,1.0,1.0,7.0,0.0,0.0,1.0,-1.0,-90.0,-89.65,0.0,0.0,0.0,0.0,0.0,0.0,0.0,,,0.0,1.0,0.0,1,0.0,1.0,90.0,2.0,1.0,50.0,0.0,0.0,0.0,0.0,,0.0,0.0,0.0,0.0,,Cardiff City
456,Chris Maxwell,wls WAL,GK,Blackpool,32.0,1990.0,28,28,"2,520",28.0,0.0,0.0,0.0,0.0,0.0,0.0,0.07,0.0,0.0,0.0,0.0,0.0,0.0,Matches,GK,False,chris maxwell,2022-2023,standard,0.0,0.0,,0.0,0.0,,,90,60.9,90.0,1.0,0.0,,0.5,0.79,1.07,1.71,-0.64,-0.64,-0.31,0.0,0.07,0.21,0.0,0.0,0.0,0.0,,,0.0,28.0,28.0,"2,520",28.0,1.71,1.71,4.82,3.11,64.4,0.18,0.25,0.57,0.18,17.9,0.18,0.14,0.0,0.04,0.0,Blackpool
483,Simon Moore,eng ENG,GK,Coventry,32.0,1990.0,3,3,270,3.0,0.0,0.0,0.0,0.0,0.0,0.0,0.0,0.0,0.0,0.0,0.0,0.0,0.0,Matches,GK,False,simon moore,2022-2023,standard,0.0,0.0,,0.0,0.0,,,90,6.5,90.0,1.0,0.0,,13.0,0.33,1.67,2.33,-0.67,-0.67,-0.99,0.0,0.0,0.0,0.0,0.0,0.0,0.0,,,0.0,3.0,3.0,270,3.0,2.33,2.33,5.0,2.67,53.3,0.0,0.33,0.67,0.0,0.0,0.0,0.0,0.0,0.0,,Coventry City
491,Arijanet Muric,xk KVX,GK,Burnley,23.0,1998.0,41,41,"3,614",40.2,0.0,0.0,0.0,0.0,0.0,0.0,0.07,0.0,0.0,0.0,0.0,0.0,0.0,Matches,GK,False,arijanet muric,2022-2023,standard,0.0,0.0,,0.0,0.0,,,88,87.3,88.0,0.95,0.0,,0.07,2.2,1.92,0.77,1.14,1.15,0.12,0.0,0.02,0.2,0.0,0.0,0.0,0.02,,,0.0,41.0,41.0,"3,614",40.2,0.77,0.77,3.06,2.29,74.8,0.65,0.3,0.07,0.45,43.9,0.07,0.05,0.02,0.0,33.3,Burnley
504,Lee Nicholls,eng ENG,GK,Huddersfield,29.0,1992.0,28,28,"2,520",28.0,0.0,0.0,0.0,0.0,0.0,0.0,0.11,0.0,0.0,0.0,0.0,0.0,0.0,Matches,GK,False,lee nicholls,2022-2023,standard,0.0,0.0,,0.0,0.0,,,90,60.9,90.0,1.0,0.0,,0.0,1.21,1.04,1.18,-0.14,-0.14,0.47,0.0,0.0,0.18,0.0,0.0,0.0,0.04,,,0.04,28.0,28.0,"2,520",28.0,1.18,1.18,4.14,2.96,71.6,0.36,0.14,0.5,0.29,28.6,0.11,0.04,0.07,0.0,66.7,Huddersfield
515,Max O'Leary,ie IRL,GK,Bristol City,25.0,1996.0,33,33,"2,970",33.0,0.0,0.0,0.0,0.0,0.0,0.0,0.0,0.0,0.0,0.0,0.0,0.0,0.0,Matches,GK,False,max o'leary,2022-2023,standard,0.0,0.0,,0.0,0.0,,,90,71.7,90.0,1.0,0.0,,0.39,1.33,1.06,1.06,0.0,0.0,0.08,0.0,0.0,0.21,0.0,0.0,0.0,0.0,,,0.0,33.0,33.0,"2,970",33.0,1.06,1.06,3.36,2.3,68.5,0.33,0.33,0.33,0.24,24.2,0.09,0.06,0.03,0.0,33.3,Bristol City
534,Alex Palmer,eng ENG,GK,West Brom,25.0,1996.0,23,23,"2,070",23.0,0.0,0.0,0.0,0.0,0.0,0.0,0.0,0.0,0.0,0.0,0.0,0.0,0.0,Matches,GK,False,alex palmer,2022-2023,standard,0.0,0.0,,0.0,0.0,,,90,50.0,90.0,1.0,0.0,,0.57,1.74,1.3,0.96,0.35,0.35,0.43,0.0,0.0,0.0,0.0,0.0,0.09,0.0,,,0.0,23.0,23.0,"2,070",23.0,0.96,0.96,3.17,2.22,69.9,0.57,0.04,0.39,0.43,43.5,0.09,0.09,0.0,0.0,0.0,West Brom
540,Anthony Patterson,eng ENG,GK,Sunderland,22.0,2000.0,46,46,"4,140",46.0,0.0,0.02,0.02,0.0,0.0,0.0,0.02,0.0,0.0,0.02,0.02,0.0,0.02,Matches,GK,False,anthony patterson,2022-2023,standard,0.02,0.0,0.0,0.02,0.0,0.0,,90,100.0,90.0,1.0,0.0,,0.0,1.5,1.48,1.2,0.28,0.28,,0.0,0.0,0.13,0.0,0.0,0.02,0.02,,,0.0,46.0,46.0,"4,140",46.0,1.2,1.2,3.59,2.39,66.7,0.39,0.33,0.28,0.3,30.4,0.13,0.07,0.04,0.02,40.0,Sunderland
541,Bailey Peacock-Farrell,nir NIR,GK,Burnley,25.0,1996.0,8,5,526,5.8,0.0,0.0,0.0,0.0,0.0,0.0,0.0,0.0,0.0,0.0,0.0,0.0,0.0,Matches,GK,False,bailey peacock-farrell,2022-2023,standard,0.0,0.0,,0.0,0.0,,,66,12.7,90.0,0.86,0.52,25.0,6.55,2.0,1.72,0.69,1.03,1.03,-0.12,0.0,0.0,0.52,0.0,0.0,0.0,0.0,,,0.0,8.0,5.0,526,5.8,0.69,0.68,1.9,1.21,63.6,0.52,0.34,0.0,0.69,80.0,0.0,0.0,0.0,0.0,,Burnley
543,Aynsley Pears,eng ENG,GK,Blackburn,24.0,1998.0,18,18,"1,620",18.0,0.0,0.0,0.0,0.0,0.0,0.0,0.0,0.0,0.0,0.0,0.0,0.0,0.0,Matches,GK,False,aynsley pears,2022-2023,standard,0.0,0.0,,0.0,0.0,,,90,39.1,90.0,1.0,0.0,,1.56,1.44,1.17,1.06,0.11,0.11,0.25,0.0,0.0,0.17,0.0,0.0,0.0,0.0,,,0.0,18.0,18.0,"1,620",18.0,1.06,1.06,3.28,2.22,67.8,0.33,0.44,0.22,0.28,27.8,0.0,0.0,0.0,0.0,,Blackburn
581,Liam Roberts,eng ENG,GK,Middlesbrough,27.0,1994.0,4,4,360,4.0,0.0,0.0,0.0,0.0,0.0,0.0,0.25,0.0,0.0,0.0,0.0,0.0,0.0,Matches,GK,False,liam roberts,2022-2023,standard,0.0,0.0,,0.0,0.0,,,90,8.7,90.0,1.0,0.0,,10.5,1.5,1.5,1.5,0.0,0.0,-0.67,0.0,0.0,0.0,0.0,0.0,0.0,0.0,,,0.0,4.0,4.0,360,4.0,1.5,1.5,3.5,2.0,57.1,0.5,0.0,0.5,0.25,25.0,0.25,0.25,0.0,0.0,0.0,Middlesbrough
596,John Ruddy,eng ENG,GK,Birmingham,35.0,1986.0,43,43,"3,817",42.4,0.0,0.0,0.0,0.0,0.0,0.0,0.02,0.0,0.0,0.0,0.0,0.0,0.0,Matches,GK,False,john ruddy,2022-2023,standard,0.02,0.0,0.0,0.02,0.0,0.0,,89,92.2,89.0,0.99,0.0,,0.0,1.23,1.08,1.25,-0.17,-0.17,0.95,0.0,0.0,0.05,0.0,0.0,0.02,0.02,,,0.0,43.0,43.0,"3,817",42.4,1.25,1.25,3.66,2.48,65.8,0.33,0.26,0.42,0.33,32.6,0.09,0.05,0.05,0.0,50.0,Birmingham City
605,Matija Šarkić,me MNE,GK,Stoke,25.0,1997.0,8,8,675,7.5,0.0,0.0,0.0,0.0,0.0,0.0,0.0,0.0,0.0,0.0,0.0,0.0,0.0,Matches,GK,False,matija sarkic,2022-2023,standard,0.0,0.0,,0.0,0.0,,,84,16.3,84.0,0.93,0.0,,0.0,1.25,0.93,0.8,0.13,0.13,0.13,0.0,0.0,0.0,0.0,0.0,0.13,0.0,,,0.0,8.0,8.0,675,7.5,0.8,0.8,3.07,2.27,73.9,0.4,0.13,0.53,0.27,25.0,0.0,0.0,0.0,0.0,,Stoke City
620,James Shea,eng ENG,GK,Luton,31.0,1991.0,1,1,90,1.0,0.0,0.0,0.0,0.0,0.0,0.0,0.0,0.0,0.0,0.0,0.0,0.0,0.0,Matches,GK,False,james shea,2022-2023,standard,0.0,0.0,,0.0,0.0,,,90,2.2,90.0,1.0,0.0,,17.0,1.0,0.0,0.0,0.0,0.0,-0.4,0.0,0.0,0.0,0.0,0.0,1.0,0.0,,,0.0,1.0,1.0,90,1.0,0.0,0.0,1.0,1.0,100.0,0.0,1.0,0.0,1.0,100.0,0.0,0.0,0.0,0.0,,Luton Town
643,Zack Steffen,us USA,GK,Middlesbrough,27.0,1995.0,42,42,"3,780",42.0,0.0,0.02,0.02,0.0,0.0,0.0,0.05,0.0,0.0,0.02,0.02,0.0,0.02,Matches,GK,False,zack steffen,2022-2023,standard,0.0,0.0,,0.0,0.0,,,90,91.3,90.0,1.0,0.0,,0.0,1.59,1.86,1.19,0.67,0.67,0.67,0.0,0.02,0.24,0.0,0.0,0.02,0.0,,,0.0,42.0,42.0,"3,780",42.0,1.19,1.19,3.71,2.52,67.9,0.48,0.21,0.31,0.21,21.4,0.05,0.02,0.02,0.0,50.0,Middlesbrough
673,Sam Tickle,eng ENG,GK,Wigan,20.0,2002.0,1,1,90,1.0,0.0,0.0,0.0,0.0,0.0,0.0,0.0,0.0,0.0,0.0,0.0,0.0,0.0,Matches,GK,False,sam tickle,2022-2023,standard,0.0,0.0,,0.0,0.0,,,90,2.2,90.0,1.0,0.0,,13.0,1.0,0.0,0.0,0.0,0.0,0.6,0.0,0.0,0.0,0.0,0.0,0.0,0.0,,,0.0,1.0,1.0,90,1.0,0.0,0.0,2.0,2.0,100.0,0.0,1.0,0.0,1.0,100.0,0.0,0.0,0.0,0.0,,Wigan Athletic
689,Tomáš Vaclík,cz CZE,GK,Huddersfield,33.0,1989.0,13,13,"1,140",12.7,0.0,0.0,0.0,0.0,0.0,0.0,0.0,0.0,0.0,0.0,0.0,0.0,0.0,Matches,GK,False,tomas vaclik,2022-2023,standard,0.0,0.0,,0.0,0.0,,,88,27.5,88.0,0.94,0.0,,0.39,1.15,1.18,1.26,-0.08,-0.08,0.34,0.0,0.0,0.16,0.0,0.0,0.0,0.0,,,0.0,13.0,13.0,"1,140",12.7,1.26,1.26,4.41,3.23,71.4,0.24,0.47,0.31,0.16,15.4,0.16,0.16,0.0,0.0,0.0,Huddersfield
693,Josh Vickers,eng ENG,GK,Rotherham,26.0,1995.0,3,3,225,2.5,0.0,0.0,0.0,0.0,0.0,0.0,0.0,0.0,0.0,0.0,0.0,0.0,0.0,Matches,GK,False,josh vickers,2022-2023,standard,0.0,0.0,,0.0,0.0,,,75,5.4,75.0,0.8,0.0,,13.6,0.67,0.4,1.2,-0.8,-0.8,-0.59,0.0,0.0,0.4,0.0,0.0,0.0,0.0,,,0.0,3.0,3.0,225,2.5,1.2,1.2,4.0,2.8,70.0,0.0,0.8,0.4,0.4,33.3,0.4,0.0,0.4,0.0,100.0,Rotherham
730,Ben Wilson,eng ENG,GK,Coventry,29.0,1992.0,43,43,"3,870",43.0,0.02,0.0,0.02,0.02,0.0,0.0,0.12,0.0,0.02,0.0,0.02,0.02,0.02,Matches,GK,False,ben wilson,2022-2023,standard,0.02,0.02,100.0,0.02,0.02,1.0,1.0,90,93.5,90.0,1.0,0.0,,0.07,1.61,1.23,0.91,0.33,0.33,0.99,0.0,0.02,0.23,0.0,0.0,0.02,0.02,,,0.0,43.0,43.0,"3,870",43.0,0.91,0.91,3.35,2.44,72.9,0.42,0.35,0.23,0.47,46.5,0.02,0.02,0.0,0.0,0.0,Coventry City
738,Freddie Woodman,eng ENG,GK,Preston,25.0,1997.0,46,46,"4,140",46.0,0.0,0.0,0.0,0.0,0.0,0.0,0.07,0.0,0.0,0.0,0.0,0.0,0.0,Matches,GK,False,freddie woodman,2022-2023,standard,0.0,0.0,,0.0,0.0,,,90,100.0,90.0,1.0,0.0,,0.0,1.37,0.98,1.28,-0.3,-0.3,,0.0,0.0,0.07,0.0,0.0,0.02,0.0,,,0.0,46.0,46.0,"4,140",46.0,1.28,1.28,3.93,2.65,67.4,0.37,0.26,0.37,0.37,37.0,0.02,0.02,0.0,0.0,0.0,Preston
12,Rúnar Alex Rúnarsson,is ISL,GK,Cardiff,28.0,1995.0,6,6,540,6.0,0.0,0.0,0.0,0.0,0.0,0.0,0.0,0.0,0.0,0.0,0.0,0.0,0.0,Matches,GK,False,runar alex runarsson,2023-2024,standard,0.0,0.0,,0.0,0.0,,,90,13.0,90.0,1.0,0.0,,3.0,1.0,0.83,1.33,-0.5,-0.5,-0.15,0.0,0.0,0.0,0.0,0.0,0.0,0.0,,,0.0,6.0,6.0,540,6.0,1.33,1.33,4.0,2.67,66.7,0.33,0.0,0.67,0.17,16.7,0.0,0.0,0.0,0.0,,Cardiff City
15,Ryan Allsop,eng ENG,GK,Hull,31.0,1992.0,37,37,"3,321",36.9,0.0,0.0,0.0,0.0,0.0,0.0,0.08,0.0,0.0,0.0,0.0,0.0,0.0,Matches,GK,False,ryan allsop,2023-2024,standard,0.0,0.0,,0.0,0.0,,,90,80.2,90.0,0.98,0.0,,0.08,1.51,1.46,1.25,0.22,0.22,0.22,0.0,0.0,0.03,0.0,0.0,0.0,0.0,,,0.0,37.0,37.0,"3,321",36.9,1.25,1.25,3.96,2.71,68.5,0.41,0.3,0.3,0.27,27.0,0.08,0.08,0.0,0.0,0.0,Hull City
16,Jak Alnwick,eng ENG,GK,Cardiff,30.0,1993.0,24,24,"2,160",24.0,0.0,0.0,0.0,0.0,0.0,0.0,0.04,0.0,0.0,0.0,0.0,0.0,0.0,Matches,GK,False,jak alnwick,2023-2024,standard,0.0,0.0,,0.0,0.0,,,90,52.2,90.0,1.0,0.0,,0.25,1.42,1.29,1.38,-0.08,-0.08,0.6,0.0,0.0,0.17,0.0,0.0,0.04,0.0,,,0.0,24.0,24.0,"2,160",24.0,1.38,1.37,4.08,2.67,66.3,0.42,0.17,0.42,0.29,29.2,0.04,0.0,0.0,0.04,,Cardiff City
44,Daniel Bachmann,at AUT,GK,Watford,29.0,1994.0,27,27,"2,429",27.0,0.0,0.0,0.0,0.0,0.0,0.0,0.19,0.04,0.0,0.0,0.0,0.0,0.0,Matches,GK,False,daniel bachmann,2023-2024,standard,0.0,0.0,,0.0,0.0,,,90,58.7,90.0,0.96,0.0,,0.63,1.11,1.07,1.19,-0.11,-0.11,-0.27,0.04,0.07,0.3,0.0,0.0,0.07,0.07,,,0.0,27.0,27.0,"2,429",27.0,1.19,1.19,4.04,2.85,70.6,0.22,0.44,0.33,0.37,37.0,0.15,0.07,0.07,0.0,50.0,Watford
60,Gavin Bazunu,ie IRL,GK,Southampton,21.0,2002.0,41,41,"3,690",41.0,0.0,0.0,0.0,0.0,0.0,0.0,0.02,0.0,0.0,0.0,0.0,0.0,0.0,Matches,GK,False,gavin bazunu,2023-2024,standard,0.02,0.0,0.0,0.02,0.0,0.0,,90,89.1,90.0,1.0,0.0,,0.0,1.98,1.98,1.32,0.66,0.66,1.26,0.0,0.0,0.17,0.0,0.0,0.0,0.1,,,0.0,41.0,41.0,"3,690",41.0,1.32,1.32,3.49,2.2,62.2,0.59,0.22,0.2,0.27,26.8,0.07,0.05,0.0,0.02,0.0,Southampton
61,James Beadle,eng ENG,GK,Sheffield Wed,19.0,2004.0,19,19,"1,710",19.0,0.0,0.0,0.0,0.0,0.0,0.0,0.05,0.0,0.0,0.0,0.0,0.0,0.0,Matches,GK,False,james beadle,2023-2024,standard,0.0,0.0,,0.0,0.0,,,90,41.3,90.0,1.0,0.0,,0.05,1.63,1.21,1.26,-0.05,-0.05,0.8,0.0,0.0,0.0,0.0,0.0,0.0,0.0,,,0.0,19.0,19.0,"1,710",19.0,1.26,1.26,4.11,2.79,69.2,0.47,0.21,0.32,0.32,31.6,0.05,0.0,0.0,0.05,,Sheffield Weds
63,Asmir Begović,ba BIH,GK,QPR,36.0,1987.0,45,45,"4,049",45.0,0.0,0.0,0.0,0.0,0.0,0.0,0.09,0.02,0.0,0.0,0.0,0.0,0.0,Matches,GK,False,asmir begovic,2023-2024,standard,0.0,0.0,,0.0,0.0,,,90,97.8,90.0,0.98,0.0,,0.0,1.18,1.0,1.27,-0.27,-0.27,-1.26,0.0,0.02,0.11,0.0,0.0,0.02,0.04,,,0.0,45.0,45.0,"4,049",45.0,1.27,1.27,4.0,2.73,68.3,0.31,0.24,0.44,0.29,28.9,0.02,0.02,0.0,0.0,0.0,QPR
69,Bartosz Białkowski,pl POL,GK,Millwall,36.0,1987.0,14,14,"1,260",14.0,0.0,0.0,0.0,0.0,0.0,0.0,0.07,0.0,0.0,0.0,0.0,0.0,0.0,Matches,GK,False,bartosz biakowski,2023-2024,standard,0.0,0.0,,0.0,0.0,,,90,30.4,90.0,1.0,0.0,,2.21,1.0,1.21,1.5,-0.29,-0.29,-0.1,0.0,0.0,0.07,0.0,0.0,0.0,0.0,,,0.0,14.0,14.0,"1,260",14.0,1.5,1.5,4.64,3.14,67.7,0.21,0.36,0.43,0.29,28.6,0.14,0.14,0.0,0.0,0.0,Millwall
73,Nathan Bishop,eng ENG,GK,Sunderland,23.0,1999.0,1,1,90,1.0,0.0,0.0,0.0,0.0,0.0,0.0,0.0,0.0,0.0,0.0,0.0,0.0,0.0,Matches,GK,False,nathan bishop,2023-2024,standard,0.0,0.0,,0.0,0.0,,,90,2.2,90.0,1.0,0.0,,44.0,0.0,0.0,2.0,-2.0,-2.0,-2.0,0.0,0.0,0.0,0.0,0.0,0.0,0.0,,,0.0,1.0,1.0,90,1.0,2.0,2.0,2.0,0.0,0.0,0.0,0.0,1.0,0.0,0.0,0.0,0.0,0.0,0.0,,Sunderland
78,Jack Bonham,ie IRL,GK,Stoke,29.0,1993.0,14,14,"1,260",14.0,0.0,0.0,0.0,0.0,0.0,0.0,0.0,0.0,0.0,0.0,0.0,0.0,0.0,Matches,GK,False,jack bonham,2023-2024,standard,0.0,0.0,,0.0,0.0,,,90,30.4,90.0,1.0,0.0,,2.21,0.93,0.79,1.36,-0.57,-0.57,-0.48,0.0,0.0,0.07,0.0,0.0,0.07,0.0,,,0.0,14.0,14.0,"1,260",14.0,1.36,1.36,4.21,3.0,67.8,0.14,0.5,0.36,0.36,35.7,0.21,0.21,0.0,0.0,0.0,Stoke City
118,Jacob Chapman,au AUS,GK,Huddersfield,22.0,2000.0,2,1,139,1.5,0.0,0.0,0.0,0.0,0.0,0.0,0.0,0.0,0.0,0.0,0.0,0.0,0.0,Matches,GK,False,jacob chapman,2023-2024,standard,0.0,0.0,,0.0,0.0,,,70,3.4,90.0,0.67,0.67,49.0,3.33,1.5,2.0,1.33,0.67,0.65,1.32,0.0,0.0,0.0,0.0,0.0,0.0,0.0,,,0.0,2.0,1.0,139,1.5,1.33,1.29,2.0,0.67,33.3,0.0,0.0,0.67,0.67,100.0,0.67,0.0,0.67,0.0,100.0,Huddersfield
134,Bradley Collins,eng ENG,GK,Coventry,26.0,1997.0,28,28,"2,520",28.0,0.0,0.0,0.0,0.0,0.0,0.0,0.11,0.0,0.0,0.0,0.0,0.0,0.0,Matches,GK,False,bradley collins,2023-2024,standard,0.0,0.0,,0.0,0.0,,,90,60.9,90.0,1.0,0.0,,0.64,1.64,1.75,1.18,0.57,0.57,0.85,0.0,0.0,0.14,0.0,0.0,0.0,0.0,,,0.0,28.0,28.0,"2,520",28.0,1.18,1.18,4.86,3.71,75.7,0.46,0.25,0.29,0.29,28.6,0.07,0.07,0.0,0.0,0.0,Coventry City
144,Michael Cooper,eng ENG,GK,Plymouth,23.0,1999.0,19,19,"1,710",19.0,0.0,0.0,0.0,0.0,0.0,0.0,0.16,0.0,0.0,0.0,0.0,0.0,0.0,Matches,GK,False,michael cooper,2023-2024,standard,0.0,0.0,,0.0,0.0,,,90,41.3,90.0,1.0,0.0,,0.16,1.16,1.0,1.26,-0.26,-0.26,-0.04,0.0,0.0,0.11,0.0,0.0,0.0,0.0,,,0.0,19.0,19.0,"1,710",19.0,1.26,1.26,4.47,3.21,71.8,0.32,0.21,0.47,0.32,31.6,0.11,0.05,0.05,0.0,50.0,Plymouth Argyle
146,David Cornell,wls WAL,GK,Preston,32.0,1991.0,2,2,180,2.0,0.0,0.0,0.0,0.0,0.0,0.0,0.5,0.0,0.0,0.0,0.0,0.0,0.0,Matches,GK,False,david cornell,2023-2024,standard,0.0,0.0,,0.0,0.0,,,90,4.3,90.0,1.0,0.0,,22.0,0.0,1.0,2.0,-1.0,-1.0,-0.8,0.0,0.0,0.0,0.0,0.0,0.0,0.0,,,0.0,2.0,2.0,180,2.0,2.0,2.0,4.5,2.5,55.6,0.0,0.0,1.0,0.0,0.0,0.5,0.5,0.0,0.0,0.0,Preston
159,Karl Darlow,wls WAL,GK,Leeds,32.0,1990.0,2,1,126,1.4,0.0,0.0,0.0,0.0,0.0,0.0,0.0,0.0,0.0,0.0,0.0,0.0,0.0,Matches,GK,False,karl darlow,2023-2024,standard,0.0,0.0,,0.0,0.0,,,63,3.0,90.0,0.71,0.71,36.0,25.0,0.0,0.71,2.14,-1.43,-1.43,-2.33,0.0,0.0,0.0,0.0,0.0,0.0,0.0,,,0.0,2.0,1.0,126,1.4,2.14,2.14,3.57,1.43,40.0,0.0,0.0,0.71,0.0,0.0,0.0,0.0,0.0,0.0,,Leeds United
163,Cameron Dawson,eng ENG,GK,Sheffield Wed,28.0,1995.0,18,18,"1,620",18.0,0.0,0.0,0.0,0.0,0.0,0.0,0.17,0.0,0.0,0.0,0.0,0.0,0.0,Matches,GK,False,cameron dawson,2023-2024,standard,0.0,0.0,,0.0,0.0,,,90,39.1,90.0,1.0,0.0,,1.28,1.11,0.94,1.56,-0.61,-0.61,-0.15,0.0,0.0,0.33,0.0,0.0,0.0,0.06,,,0.0,18.0,18.0,"1,620",18.0,1.56,1.56,3.5,1.94,55.6,0.33,0.11,0.56,0.22,22.2,0.11,0.06,0.06,0.0,50.0,Sheffield Weds
179,Seny Dieng,sn SEN,GK,Middlesbrough,28.0,1994.0,35,35,"3,149",35.0,0.0,0.0,0.0,0.0,0.0,0.0,0.06,0.0,0.0,0.0,0.0,0.0,0.0,Matches,GK,False,seny dieng,2023-2024,standard,0.0,0.0,,0.0,0.0,,,90,76.1,90.0,0.97,0.0,,0.11,1.57,1.66,1.34,0.31,0.31,0.5,0.0,0.0,0.17,0.0,0.0,0.0,0.09,,,0.0,35.0,35.0,"3,149",35.0,1.34,1.34,3.8,2.46,64.7,0.46,0.2,0.34,0.29,28.6,0.09,0.09,0.0,0.0,0.0,Middlesbrough
215,Neil Etheridge,ph PHI,GK,Birmingham,33.0,1990.0,2,2,180,2.0,0.0,0.0,0.0,0.0,0.0,0.0,0.0,0.0,0.0,0.0,0.0,0.0,0.0,Matches,GK,False,neil etheridge,2023-2024,standard,0.0,0.0,,0.0,0.0,,,90,4.3,90.0,1.0,0.0,,22.0,0.0,0.0,1.5,-1.5,-1.5,-1.23,0.0,0.0,0.0,0.0,0.0,0.0,0.0,,,0.0,2.0,2.0,180,2.0,1.5,1.5,2.5,1.0,40.0,0.0,0.0,1.0,0.0,0.0,0.0,0.0,0.0,0.0,,Birmingham City
265,Tom Glover,au AUS,GK,Middlesbrough,25.0,1997.0,12,11,991,11.0,0.0,0.0,0.0,0.0,0.0,0.0,0.09,0.0,0.0,0.0,0.0,0.0,0.0,Matches,GK,False,tom glover,2023-2024,standard,0.0,0.0,,0.0,0.0,,,83,23.9,90.0,1.0,0.09,1.0,2.64,1.42,1.18,1.36,-0.18,-0.18,-0.5,0.0,0.0,0.18,0.0,0.0,0.0,0.0,,,0.0,12.0,11.0,991,11.0,1.36,1.36,4.36,3.0,68.8,0.36,0.18,0.45,0.09,9.1,0.0,0.0,0.0,0.0,,Middlesbrough
283,Angus Gunn,sct SCO,GK,Norwich,27.0,1996.0,40,40,"3,540",39.3,0.0,0.0,0.0,0.0,0.0,0.0,0.03,0.0,0.0,0.0,0.0,0.0,0.0,Matches,GK,False,angus gunn,2023-2024,standard,0.0,0.0,,0.0,0.0,,,89,85.5,89.0,0.99,0.0,,0.0,1.62,1.76,1.22,0.53,0.53,1.43,0.0,0.03,0.23,0.0,0.0,0.1,0.03,,,0.0,40.0,40.0,"3,540",39.3,1.22,1.22,3.89,2.67,68.6,0.48,0.25,0.28,0.28,27.5,0.1,0.1,0.0,0.0,0.0,Norwich City
291,Ben Hamer,eng ENG,GK,Watford,35.0,1987.0,19,19,"1,710",19.0,0.0,0.0,0.0,0.0,0.0,0.0,0.16,0.0,0.0,0.0,0.0,0.0,0.0,Matches,GK,False,ben hamer,2023-2024,standard,0.0,0.0,,0.0,0.0,,,90,41.3,90.0,1.0,0.0,,1.37,1.37,1.68,1.47,0.21,0.21,0.36,0.0,0.0,0.11,0.0,0.0,0.0,0.0,,,0.0,19.0,19.0,"1,710",19.0,1.47,1.47,4.84,3.37,69.6,0.37,0.26,0.37,0.16,15.8,0.16,0.05,0.11,0.0,66.7,Watford
301,Conor Hazard,nir NIR,GK,Plymouth,25.0,1998.0,27,27,"2,430",27.0,0.0,0.0,0.0,0.0,0.0,0.0,0.11,0.0,0.0,0.0,0.0,0.0,0.0,Matches,GK,False,conor hazard,2023-2024,standard,0.0,0.0,,0.0,0.0,,,90,58.7,90.0,1.0,0.0,,0.7,1.07,1.48,1.7,-0.22,-0.22,0.04,0.0,0.0,0.15,0.0,0.0,0.0,0.0,,,0.0,27.0,27.0,"2,430",27.0,1.7,1.7,5.11,3.41,66.7,0.26,0.3,0.44,0.19,18.5,0.04,0.04,0.0,0.0,0.0,Plymouth Argyle
308,Mads Hermansen,dk DEN,GK,Leicester,23.0,2000.0,44,44,"3,960",44.0,0.0,0.0,0.0,0.0,0.0,0.0,0.05,0.0,0.0,0.0,0.0,0.0,0.0,Matches,GK,False,mads hermansen,2023-2024,standard,0.0,0.0,,0.0,0.0,,,90,95.7,90.0,1.0,0.0,,0.02,2.07,1.93,0.93,1.0,1.0,-1.0,0.0,0.0,0.09,0.0,0.0,0.02,0.0,,,0.0,44.0,44.0,"3,960",44.0,0.93,0.93,3.52,2.59,73.5,0.66,0.09,0.25,0.3,29.5,0.02,0.0,0.02,0.0,100.0,Leicester City
312,Václav Hladký,cz CZE,GK,Ipswich,32.0,1990.0,46,46,"4,139",46.0,0.0,0.0,0.0,0.0,0.0,0.0,0.09,0.0,0.0,0.0,0.0,0.0,0.0,Matches,GK,False,vaclav hladky,2023-2024,standard,0.0,0.0,,0.0,0.0,,,90,100.0,90.0,0.98,0.0,,0.0,2.09,2.0,1.24,0.76,0.76,0.76,0.0,0.0,0.2,0.0,0.0,0.02,0.04,,,0.0,46.0,46.0,"4,139",46.0,1.24,1.24,3.67,2.46,66.3,0.61,0.26,0.13,0.33,32.6,0.07,0.04,0.0,0.02,0.0,Ipswich Town
322,Ethan Horvath,us USA,GK,Cardiff,28.0,1995.0,16,16,"1,440",16.0,0.0,0.0,0.0,0.0,0.0,0.0,0.0,0.0,0.0,0.0,0.0,0.0,0.0,Matches,GK,False,ethan horvath,2023-2024,standard,0.0,0.0,,0.0,0.0,,,90,34.8,90.0,1.0,0.0,,0.06,1.38,1.06,1.81,-0.75,-0.75,-0.58,0.0,0.0,0.06,0.0,0.0,0.0,0.0,,,0.0,16.0,16.0,"1,440",16.0,1.81,1.81,4.75,2.94,61.8,0.44,0.06,0.5,0.25,25.0,0.19,0.13,0.0,0.06,0.0,Cardiff City
340,Matt Ingram,eng ENG,GK,Hull,29.0,1993.0,10,9,819,9.1,0.0,0.0,0.0,0.0,0.0,0.0,0.11,0.0,0.0,0.0,0.0,0.0,0.0,Matches,GK,False,matt ingram,2023-2024,standard,0.0,0.0,,0.0,0.0,,,82,19.8,90.0,0.99,0.11,9.0,2.31,1.4,1.54,1.54,0.0,0.0,-0.22,0.0,0.0,0.22,0.0,0.0,0.0,0.0,,,0.0,10.0,9.0,819,9.1,1.54,1.54,3.3,1.76,53.3,0.44,0.22,0.33,0.11,11.1,0.0,0.0,0.0,0.0,,Hull City
344,Daniel Iversen,dk DEN,GK,Stoke,26.0,1997.0,18,18,"1,620",18.0,0.0,0.0,0.0,0.0,0.0,0.0,0.0,0.0,0.0,0.0,0.0,0.0,0.0,Matches,GK,False,daniel iversen,2023-2024,standard,0.0,0.0,,0.0,0.0,,,90,39.1,90.0,1.0,0.0,,0.0,1.5,1.33,1.22,0.11,0.11,0.58,0.0,0.0,0.06,0.0,0.0,0.0,0.0,,,0.0,18.0,18.0,"1,620",18.0,1.22,1.22,3.0,1.78,59.3,0.44,0.17,0.39,0.39,38.9,0.06,0.06,0.0,0.0,0.0,Stoke City
353,Viktor Johansson,se SWE,GK,Rotherham,24.0,1998.0,45,44,"3,961",44.0,0.0,0.0,0.0,0.0,0.0,0.0,0.09,0.0,0.0,0.0,0.0,0.0,0.0,Matches,GK,False,viktor johansson,2023-2024,standard,0.0,0.0,,0.0,0.0,,,88,95.7,90.0,1.0,0.02,1.0,0.02,0.6,0.73,1.93,-1.2,-1.2,-1.71,0.0,0.02,0.18,0.0,0.0,0.0,0.02,,,0.0,45.0,44.0,"3,961",44.0,1.93,1.93,6.05,4.11,68.0,0.09,0.27,0.64,0.11,11.4,0.11,0.09,0.0,0.02,0.0,Rotherham
382,Kristoffer Klaesson,no NOR,GK,Leeds,22.0,2000.0,1,1,90,1.0,0.0,0.0,0.0,0.0,0.0,0.0,0.0,0.0,0.0,0.0,0.0,0.0,0.0,Matches,GK,False,kristoffer klaesson,2023-2024,standard,0.0,0.0,,0.0,0.0,,,90,2.2,90.0,1.0,0.0,,11.0,3.0,3.0,0.0,3.0,3.0,2.22,0.0,0.0,0.0,0.0,0.0,0.0,0.0,,,0.0,1.0,1.0,90,1.0,0.0,0.0,1.0,1.0,100.0,1.0,0.0,0.0,1.0,100.0,0.0,0.0,0.0,0.0,,Leeds United
409,George Long,eng ENG,GK,Norwich,29.0,1993.0,7,6,600,6.7,0.0,0.0,0.0,0.0,0.0,0.0,0.0,0.0,0.0,0.0,0.0,0.0,0.0,Matches,GK,False,george long,2023-2024,standard,0.0,0.0,,0.0,0.0,,,86,14.5,90.0,0.9,0.15,60.0,5.52,0.86,1.49,2.39,-0.9,-0.9,-1.43,0.0,0.0,0.0,0.0,0.0,0.0,0.0,,,0.0,7.0,6.0,600,6.7,2.39,2.4,6.87,4.48,65.2,0.3,0.0,0.6,0.15,16.7,0.15,0.15,0.0,0.0,0.0,Norwich City
432,Chris Maxwell,wls WAL,GK,Huddersfield,33.0,1990.0,9,8,696,7.7,0.0,0.0,0.0,0.0,0.0,0.0,0.0,0.0,0.0,0.0,0.0,0.0,0.0,Matches,GK,False,chris maxwell,2023-2024,standard,0.0,0.0,,0.0,0.0,,,77,16.8,84.0,0.91,0.13,25.0,4.03,1.11,1.04,1.43,-0.39,-0.39,0.29,0.0,0.0,0.26,0.0,0.0,0.0,0.0,,,0.0,9.0,8.0,696,7.7,1.43,1.42,5.45,4.03,73.8,0.26,0.39,0.39,0.13,12.5,0.0,0.0,0.0,0.0,,Huddersfield
440,Alex McCarthy,eng ENG,GK,Southampton,33.0,1989.0,5,5,450,5.0,0.0,0.0,0.0,0.0,0.0,0.0,0.0,0.0,0.0,0.0,0.0,0.0,0.0,Matches,GK,False,alex mccarthy,2023-2024,standard,0.0,0.0,,0.0,0.0,,,90,10.9,90.0,1.0,0.0,,3.0,1.63,1.2,1.8,-0.6,-0.6,-1.26,0.0,0.0,0.0,0.0,0.0,0.2,0.0,,,0.0,5.0,5.0,450,5.0,1.8,1.8,5.2,3.4,65.4,0.4,0.0,0.6,0.2,20.0,0.0,0.0,0.0,0.0,,Southampton
455,Illan Meslier,fr FRA,GK,Leeds,23.0,2000.0,44,44,"3,922",43.6,0.0,0.0,0.0,0.0,0.0,0.0,0.07,0.02,0.0,0.0,0.0,0.0,0.0,Matches,GK,False,illan meslier,2023-2024,standard,0.0,0.0,,0.0,0.0,,,89,94.7,89.0,0.99,0.0,,0.0,1.94,1.77,0.92,0.85,0.85,0.44,0.0,0.0,0.14,0.0,0.0,0.0,0.02,,,0.0,44.0,44.0,"3,922",43.6,0.92,0.92,2.82,1.9,67.5,0.6,0.21,0.21,0.41,40.9,0.02,0.02,0.0,0.0,0.0,Leeds United
482,Lee Nicholls,eng ENG,GK,Huddersfield,30.0,1992.0,37,37,"3,305",36.7,0.0,0.0,0.0,0.0,0.0,0.0,0.11,0.0,0.0,0.0,0.0,0.0,0.0,Matches,GK,False,lee nicholls,2023-2024,standard,0.0,0.0,,0.0,0.0,,,89,79.8,89.0,0.98,0.0,,0.08,0.97,1.01,1.74,-0.74,-0.74,-0.52,0.0,0.0,0.11,0.0,0.0,0.0,0.0,,,0.0,37.0,37.0,"3,305",36.7,1.74,1.74,4.44,2.75,60.7,0.19,0.41,0.41,0.19,18.9,0.08,0.08,0.0,0.0,0.0,Huddersfield
491,Max O'Leary,ie IRL,GK,Bristol City,26.0,1996.0,46,46,"4,140",46.0,0.0,0.0,0.0,0.0,0.0,0.0,0.02,0.0,0.0,0.0,0.0,0.0,0.0,Matches,GK,False,max o'leary,2023-2024,standard,0.0,0.0,,0.0,0.0,,,90,100.0,90.0,1.0,0.0,,0.0,1.35,1.15,1.11,0.04,0.04,,0.0,0.0,0.2,0.0,0.0,0.04,0.0,,,0.0,46.0,46.0,"4,140",46.0,1.11,1.11,4.15,3.04,73.3,0.37,0.24,0.39,0.26,26.1,0.11,0.09,0.02,0.0,20.0,Bristol City
503,Alex Palmer,eng ENG,GK,West Brom,26.0,1996.0,46,46,"4,140",46.0,0.0,0.0,0.0,0.0,0.0,0.0,0.07,0.0,0.0,0.0,0.0,0.0,0.0,Matches,GK,False,alex palmer,2023-2024,standard,0.02,0.02,100.0,0.02,0.02,0.0,0.0,90,100.0,90.0,1.0,0.0,,0.0,1.58,1.52,1.02,0.5,0.5,,0.0,0.02,0.07,0.0,0.0,0.0,0.0,,,0.0,46.0,46.0,"4,140",46.0,1.02,1.02,3.22,2.2,68.2,0.46,0.26,0.28,0.37,37.0,0.15,0.07,0.07,0.02,50.0,West Brom
511,Anthony Patterson,eng ENG,GK,Sunderland,23.0,2000.0,45,45,"4,050",45.0,0.0,0.0,0.0,0.0,0.0,0.0,0.02,0.0,0.0,0.0,0.0,0.0,0.0,Matches,GK,False,anthony patterson,2023-2024,standard,0.02,0.02,100.0,0.02,0.02,0.0,0.0,90,97.8,90.0,1.0,0.0,,0.02,1.24,1.16,1.16,0.0,0.0,2.0,0.0,0.04,0.02,0.02,0.0,0.0,0.0,,,0.0,45.0,45.0,"4,050",45.0,1.16,1.16,3.69,2.58,68.7,0.36,0.18,0.47,0.29,28.9,0.07,0.04,0.02,0.0,33.3,Sunderland
512,Aynsley Pears,eng ENG,GK,Blackburn,25.0,1998.0,26,26,"2,311",25.7,0.0,0.0,0.0,0.0,0.0,0.0,0.04,0.0,0.0,0.0,0.0,0.0,0.0,Matches,GK,False,aynsley pears,2023-2024,standard,0.0,0.0,,0.0,0.0,,,89,55.8,89.0,0.97,0.0,,0.04,1.12,1.21,1.48,-0.27,-0.27,0.07,0.0,0.0,0.08,0.0,0.0,0.0,0.04,,,0.08,26.0,26.0,"2,311",25.7,1.48,1.48,4.75,3.27,68.9,0.27,0.31,0.43,0.27,26.9,0.16,0.12,0.04,0.0,25.0,Blackburn
522,Dillon Phillips,eng ENG,GK,Rotherham,28.0,1995.0,2,2,179,2.0,0.0,0.0,0.0,0.0,0.0,0.0,0.5,0.0,0.0,0.0,0.0,0.0,0.0,Matches,GK,False,dillon phillips,2023-2024,standard,0.0,0.0,,0.0,0.0,,,90,4.3,90.0,0.5,0.0,,22.0,1.5,2.5,2.0,0.5,0.5,1.71,0.0,0.5,0.0,0.0,0.0,0.0,0.0,,,0.0,2.0,2.0,179,2.0,2.0,2.01,5.0,3.0,60.0,0.5,0.0,0.5,0.0,0.0,0.5,0.5,0.0,0.0,0.0,Rotherham
573,John Ruddy,eng ENG,GK,Birmingham,36.0,1986.0,44,44,"3,960",44.0,0.0,0.0,0.0,0.0,0.0,0.0,0.05,0.0,0.0,0.0,0.0,0.0,0.0,Matches,GK,False,john ruddy,2023-2024,standard,0.0,0.0,,0.0,0.0,,,90,95.7,90.0,1.0,0.0,,0.0,1.14,1.14,1.41,-0.27,-0.27,1.23,0.0,0.02,0.07,0.0,0.0,0.0,0.0,,,0.0,44.0,44.0,"3,960",44.0,1.41,1.41,4.86,3.45,71.0,0.3,0.25,0.45,0.25,25.0,0.0,0.0,0.0,0.0,,Birmingham City
576,Carl Rushworth,eng ENG,GK,Swansea,22.0,2001.0,46,46,"4,140",46.0,0.0,0.0,0.0,0.0,0.0,0.0,0.02,0.0,0.0,0.0,0.0,0.0,0.0,Matches,GK,False,carl rushworth,2023-2024,standard,0.0,0.0,,0.0,0.0,,,90,100.0,90.0,1.0,0.0,,0.0,1.24,1.28,1.41,-0.13,-0.13,,0.0,0.02,0.2,0.0,0.0,0.0,0.02,,,0.02,46.0,46.0,"4,140",46.0,1.41,1.41,4.52,3.11,68.8,0.33,0.26,0.41,0.22,21.7,0.11,0.11,0.0,0.0,0.0,Swansea City
585,Matija Šarkić,me MNE,GK,Millwall,26.0,1997.0,32,32,"2,880",32.0,0.0,0.0,0.0,0.0,0.0,0.0,0.06,0.0,0.0,0.0,0.0,0.0,0.0,Matches,GK,False,matija sarkic,2023-2024,standard,0.0,0.0,,0.0,0.0,,,90,69.6,90.0,1.0,0.0,,0.06,1.41,0.88,1.06,-0.19,-0.19,0.1,0.0,0.03,0.0,0.0,0.0,0.09,0.0,,,0.0,32.0,32.0,"2,880",32.0,1.06,1.06,3.19,2.13,66.7,0.41,0.19,0.41,0.34,34.4,0.19,0.13,0.06,0.0,33.3,Millwall
608,Tommy Simkin,eng ENG,GK,Stoke,18.0,2004.0,1,1,90,1.0,0.0,0.0,0.0,0.0,0.0,0.0,0.0,0.0,0.0,0.0,0.0,0.0,0.0,Matches,GK,False,tommy simkin,2023-2024,standard,0.0,0.0,,0.0,0.0,,,90,2.2,90.0,1.0,0.0,,10.0,0.0,0.0,1.0,-1.0,-1.0,-0.78,0.0,0.0,0.0,0.0,0.0,0.0,0.0,,,0.0,1.0,1.0,90,1.0,1.0,1.0,2.0,1.0,50.0,0.0,0.0,1.0,0.0,0.0,0.0,0.0,0.0,0.0,,Stoke City
633,Jakub Stolarczyk,pl POL,GK,Leicester,22.0,2000.0,2,2,180,2.0,0.0,0.0,0.0,0.0,0.0,0.0,0.0,0.0,0.0,0.0,0.0,0.0,0.0,Matches,GK,False,jakub stolarczyk,2023-2024,standard,0.0,0.0,,0.0,0.0,,,90,4.3,90.0,1.0,0.0,,22.0,3.0,2.0,0.0,2.0,2.0,1.0,0.0,0.0,0.0,0.0,0.0,0.0,0.0,,,0.0,2.0,2.0,180,2.0,0.0,0.0,2.0,2.0,100.0,1.0,0.0,0.0,0.5,50.0,0.0,0.0,0.0,0.0,,Leicester City
662,Mark Travers,ie IRL,GK,Stoke,24.0,1999.0,13,13,"1,170",13.0,0.0,0.0,0.0,0.0,0.0,0.0,0.0,0.0,0.0,0.0,0.0,0.0,0.0,Matches,GK,False,mark travers,2023-2024,standard,0.0,0.0,,0.0,0.0,,,90,28.3,90.0,1.0,0.0,,0.0,1.23,1.08,1.38,-0.31,-0.31,-0.1,0.0,0.0,0.15,0.0,0.0,0.0,0.0,,,0.0,13.0,13.0,"1,170",13.0,1.38,1.38,5.15,3.77,73.1,0.38,0.08,0.54,0.15,15.4,0.15,0.08,0.0,0.08,0.0,Stoke City
680,Devis Vásquez,co COL,GK,Sheffield Wed,25.0,1998.0,9,9,810,9.0,0.0,0.0,0.0,0.0,0.0,0.0,0.11,0.0,0.0,0.0,0.0,0.0,0.0,Matches,GK,False,devis vasquez,2023-2024,standard,0.0,0.0,,0.0,0.0,,,90,19.6,90.0,1.0,0.0,,1.78,0.22,0.44,1.78,-1.33,-1.33,-1.01,0.0,0.0,0.0,0.0,0.0,0.0,0.0,,,0.0,9.0,9.0,810,9.0,1.78,1.78,4.44,2.67,60.0,0.0,0.22,0.78,0.11,11.1,0.44,0.44,0.0,0.0,0.0,Sheffield Weds
688,Leopold Wahlstedt,se SWE,GK,Blackburn,24.0,1999.0,21,20,"1,829",20.3,0.0,0.0,0.0,0.0,0.0,0.0,0.0,0.0,0.0,0.0,0.0,0.0,0.0,Matches,GK,False,leopold wahlstedt,2023-2024,standard,0.0,0.0,,0.0,0.0,,,87,44.2,90.0,0.99,0.05,29.0,1.13,1.14,1.43,1.77,-0.34,-0.34,-0.07,0.0,0.0,0.15,0.0,0.0,0.0,0.05,,,0.0,21.0,20.0,"1,829",20.3,1.77,1.77,5.27,3.5,66.4,0.34,0.15,0.49,0.15,15.0,0.1,0.05,0.0,0.05,0.0,Blackburn
693,Joe Walsh,eng ENG,GK,QPR,21.0,2002.0,1,1,90,1.0,0.0,0.0,0.0,0.0,0.0,0.0,0.0,0.0,0.0,0.0,0.0,0.0,0.0,Matches,GK,False,joe walsh,2023-2024,standard,0.0,0.0,,0.0,0.0,,,90,2.2,90.0,1.0,0.0,,16.0,3.0,2.0,1.0,1.0,1.0,1.27,0.0,0.0,1.0,0.0,0.0,0.0,0.0,,,0.0,1.0,1.0,90,1.0,1.0,1.0,6.0,5.0,83.3,1.0,0.0,0.0,0.0,0.0,0.0,0.0,0.0,0.0,,QPR
695,Christian Walton,eng ENG,GK,Ipswich,27.0,1995.0,1,0,1,0.0,0.0,0.0,0.0,0.0,0.0,0.0,0.0,0.0,0.0,0.0,0.0,0.0,0.0,Matches,GK,False,christian walton,2023-2024,standard,0.0,0.0,,0.0,0.0,,,1,0.0,,0.0,1.0,1.0,36.0,3.0,0.0,0.0,0.0,0.0,-0.76,0.0,0.0,0.0,0.0,0.0,0.0,0.0,,,0.0,1.0,0.0,1,0.0,0.0,0.0,1.0,1.0,100.0,0.0,0.0,0.0,1.0,,0.0,0.0,0.0,0.0,,Ipswich Town
718,Ben Wilson,eng ENG,GK,Coventry,30.0,1992.0,18,18,"1,620",18.0,0.0,0.0,0.0,0.0,0.0,0.0,0.0,0.0,0.0,0.0,0.0,0.0,0.0,Matches,GK,False,ben wilson,2023-2024,standard,0.0,0.0,,0.0,0.0,,,90,39.1,90.0,1.0,0.0,,1.56,1.0,1.17,1.44,-0.28,-0.28,-0.85,0.0,0.0,0.11,0.0,0.0,0.0,0.0,,,0.0,18.0,18.0,"1,620",18.0,1.44,1.44,3.67,2.22,60.6,0.22,0.33,0.44,0.22,22.2,0.06,0.06,0.0,0.0,0.0,Coventry City
726,Freddie Woodman,eng ENG,GK,Preston,26.0,1997.0,44,44,"3,960",44.0,0.0,0.0,0.0,0.0,0.0,0.0,0.07,0.0,0.0,0.0,0.0,0.0,0.0,Matches,GK,False,freddie woodman,2023-2024,standard,0.0,0.0,,0.0,0.0,,,90,95.7,90.0,1.0,0.0,,0.02,1.43,1.23,1.43,-0.2,-0.2,0.8,0.0,0.0,0.09,0.0,0.02,0.02,0.0,,,0.0,44.0,44.0,"3,960",44.0,1.43,1.43,4.5,3.07,68.2,0.41,0.2,0.39,0.23,22.7,0.07,0.07,0.0,0.0,0.0,Preston
17,Jak Alnwick,eng ENG,GK,Cardiff,31.0,1993.0,29,29,"2,610",29.0,0.0,0.0,0.0,0.0,0.0,0.0,0.07,0.0,0.0,0.0,0.0,0.0,0.0,Matches,GK,False,jak alnwick,2024-2025,standard,0.0,0.0,,0.0,0.0,,,90,63.0,90.0,1.0,0.0,,0.14,1.1,1.21,1.55,-0.34,-0.34,0.54,0.0,0.0,0.24,0.0,0.0,0.0,0.03,,,0.0,29.0,29.0,"2,610",29.0,1.55,1.55,4.38,2.83,64.6,0.24,0.38,0.38,0.17,17.2,0.14,0.1,0.03,0.0,25.0,Cardiff City
30,Jordan Archer,sct SCO,GK,Portsmouth,31.0,1993.0,2,1,150,1.7,0.0,0.0,0.0,0.0,0.0,0.0,0.0,0.0,0.0,0.0,0.0,0.0,0.0,Matches,GK,False,jordan archer,2024-2025,standard,0.0,0.0,,0.0,0.0,,,75,3.6,90.0,0.59,0.59,60.0,21.2,0.0,0.59,1.18,-0.59,-0.6,-0.33,0.0,0.0,0.0,0.0,0.0,0.0,0.0,,,0.0,2.0,1.0,150,1.7,1.18,1.2,6.47,5.29,81.8,0.0,0.0,0.59,0.0,0.0,0.0,0.0,0.0,0.0,,Portsmouth
42,Daniel Bachmann,at AUT,GK,Watford,30.0,1994.0,22,22,"1,902",21.1,0.0,0.0,0.0,0.0,0.0,0.0,0.05,0.0,0.0,0.0,0.0,0.0,0.0,Matches,GK,False,daniel bachmann,2024-2025,standard,0.0,0.0,,0.0,0.0,,,86,45.9,86.0,1.0,0.0,,0.19,1.41,1.42,1.33,0.09,0.09,0.5,0.0,0.0,0.52,0.0,0.0,0.0,0.0,,,0.05,22.0,22.0,"1,902",21.1,1.33,1.32,4.17,2.84,68.2,0.43,0.19,0.43,0.24,22.7,0.05,0.0,0.05,0.0,100.0,Watford
64,James Beadle,eng ENG,GK,Sheffield Wed,20.0,2004.0,38,38,"3,420",38.0,0.0,0.0,0.0,0.0,0.0,0.0,0.05,0.0,0.0,0.0,0.0,0.0,0.0,Matches,GK,False,james beadle,2024-2025,standard,0.0,0.0,,0.0,0.0,,,90,82.6,90.0,1.0,0.0,,0.21,1.34,1.39,1.55,-0.16,-0.16,0.22,0.0,0.0,0.16,0.0,0.0,0.0,0.0,,,0.0,38.0,38.0,"3,420",38.0,1.55,1.55,3.58,2.13,56.6,0.37,0.24,0.39,0.24,23.7,0.13,0.11,0.03,0.0,20.0,Sheffield Weds
89,Jonathan Bond,eng ENG,GK,Watford,31.0,1993.0,9,8,798,8.9,0.0,0.0,0.0,0.0,0.0,0.0,0.0,0.0,0.0,0.0,0.0,0.0,0.0,Matches,GK,False,jonathan bond,2024-2025,standard,0.0,0.0,,0.0,0.0,,,89,19.3,90.0,0.9,0.11,78.0,3.26,1.11,1.12,1.57,-0.45,-0.45,-0.34,0.0,0.0,0.11,0.0,0.0,0.0,0.0,,,0.0,9.0,8.0,798,8.9,1.57,1.58,4.94,3.37,68.2,0.34,0.11,0.45,0.11,12.5,0.0,0.0,0.0,0.0,,Watford
110,Solomon Brynn,eng ENG,GK,Middlesbrough,23.0,2000.0,6,6,509,5.7,0.0,0.0,0.0,0.0,0.0,0.0,0.0,0.0,0.0,0.0,0.0,0.0,0.0,Matches,GK,False,solomon brynn,2024-2025,standard,0.0,0.0,,0.0,0.0,,,85,12.3,85.0,0.88,0.0,,2.81,1.83,2.81,1.58,1.23,1.24,1.21,0.0,0.0,0.0,0.0,0.0,0.0,0.35,,,0.0,6.0,6.0,509,5.7,1.58,1.59,4.39,2.81,64.0,0.53,0.35,0.18,0.18,16.7,0.0,0.0,0.0,0.0,,Middlesbrough
134,Pierce Charles,nir NIR,GK,Sheffield Wed,19.0,2005.0,8,8,720,8.0,0.0,0.0,0.0,0.0,0.0,0.0,0.13,0.0,0.0,0.0,0.0,0.0,0.0,Matches,GK,False,pierce charles,2024-2025,standard,0.0,0.0,,0.0,0.0,,,90,17.4,90.0,1.0,0.0,,4.5,0.88,0.88,1.25,-0.38,-0.37,-0.22,0.0,0.0,0.25,0.0,0.0,0.0,0.0,,,0.0,8.0,8.0,720,8.0,1.25,1.25,3.63,2.38,65.5,0.13,0.5,0.38,0.0,0.0,0.13,0.0,0.13,0.0,100.0,Sheffield Weds
154,Bradley Collins,eng ENG,GK,Coventry,27.0,1997.0,15,14,"1,313",14.6,0.0,0.0,0.0,0.0,0.0,0.0,0.14,0.0,0.0,0.0,0.0,0.0,0.0,Matches,GK,False,bradley collins,2024-2025,standard,0.07,0.0,0.0,0.07,0.0,0.0,,88,31.7,90.0,0.96,0.07,53.0,1.51,1.07,1.16,1.58,-0.41,-0.41,-0.79,0.0,0.0,0.14,0.0,0.0,0.0,0.0,,,0.0,15.0,14.0,"1,313",14.6,1.58,1.58,3.56,1.99,55.8,0.27,0.27,0.41,0.21,21.4,0.0,0.0,0.0,0.0,,Coventry City
163,Michael Cooper,eng ENG,GK,Sheffield Utd,24.0,1999.0,43,43,"3,870",43.0,0.0,0.0,0.0,0.0,0.0,0.0,0.07,0.0,0.0,0.0,0.0,0.0,0.0,Matches,GK,False,michael cooper,2024-2025,standard,0.0,0.0,,0.0,0.0,,,90,93.5,90.0,1.0,0.0,,0.02,2.02,1.35,0.77,0.58,0.58,-0.09,0.0,0.02,0.12,0.0,0.0,0.0,0.0,,,0.0,43.0,43.0,"3,870",43.0,0.77,0.77,3.3,2.53,76.8,0.63,0.14,0.23,0.49,48.8,0.12,0.09,0.02,0.0,20.0,Sheffield United
166,David Cornell,wls WAL,GK,Preston,33.0,1991.0,10,9,811,9.0,0.0,0.0,0.0,0.0,0.0,0.0,0.0,0.0,0.0,0.0,0.0,0.0,0.0,Matches,GK,False,david cornell,2024-2025,standard,0.0,0.0,,0.0,0.0,,,81,19.6,90.0,1.0,0.11,1.0,4.0,0.5,1.11,1.78,-0.67,-0.67,-0.53,0.0,0.0,0.11,0.0,0.0,0.0,0.0,,,0.0,10.0,9.0,811,9.0,1.78,1.78,4.0,2.22,55.6,0.0,0.44,0.56,0.11,11.1,0.33,0.33,0.0,0.0,0.0,Preston
176,Jamie Cumming,eng ENG,GK,Oxford Utd,24.0,1999.0,45,45,"4,050",45.0,0.0,0.0,0.0,0.0,0.0,0.0,0.02,0.0,0.0,0.0,0.0,0.0,0.0,Matches,GK,False,jamie cumming,2024-2025,standard,0.0,0.0,,0.0,0.0,,,90,97.8,90.0,1.0,0.0,,0.02,1.16,1.02,1.38,-0.36,-0.36,-0.36,0.0,0.02,0.16,0.0,0.0,0.02,0.0,,,0.02,45.0,45.0,"4,050",45.0,1.38,1.38,4.51,3.13,69.5,0.29,0.29,0.42,0.29,28.9,0.09,0.04,0.04,0.0,50.0,Oxford United
181,Karl Darlow,wls WAL,GK,Leeds,33.0,1990.0,7,7,630,7.0,0.0,0.0,0.0,0.0,0.0,0.0,0.14,0.0,0.0,0.0,0.0,0.0,0.0,Matches,GK,False,karl darlow,2024-2025,standard,0.0,0.0,,0.0,0.0,,,90,15.2,90.0,1.0,0.0,,5.57,2.71,2.43,0.43,2.0,2.0,0.69,0.0,0.14,0.0,0.0,0.0,0.0,0.0,,,0.0,7.0,7.0,630,7.0,0.43,0.43,1.71,1.29,75.0,0.86,0.14,0.0,0.57,57.1,0.0,0.0,0.0,0.0,,Leeds United
183,Adam Davies,wls WAL,GK,Sheffield Utd,32.0,1992.0,3,3,270,3.0,0.0,0.0,0.0,0.0,0.0,0.0,0.0,0.0,0.0,0.0,0.0,0.0,0.0,Matches,GK,False,adam davies,2024-2025,standard,0.0,0.0,,0.0,0.0,,,90,6.5,90.0,1.0,0.0,,11.7,1.67,1.67,1.0,0.67,0.67,0.09,0.0,0.0,0.0,0.0,0.0,0.0,0.0,,,0.0,3.0,3.0,270,3.0,1.0,1.0,2.33,1.33,57.1,0.33,0.67,0.0,0.33,33.3,0.0,0.0,0.0,0.0,,Sheffield United
197,Seny Dieng,sn SEN,GK,Middlesbrough,29.0,1994.0,17,17,"1,530",17.0,0.0,0.0,0.0,0.0,0.0,0.0,0.0,0.0,0.0,0.0,0.0,0.0,0.0,Matches,GK,False,seny dieng,2024-2025,standard,0.0,0.0,,0.0,0.0,,,90,37.0,90.0,1.0,0.0,,0.18,1.47,1.47,1.24,0.24,0.24,0.1,0.0,0.0,0.12,0.0,0.06,0.0,0.0,,,0.06,17.0,17.0,"1,530",17.0,1.24,1.24,3.0,1.76,58.8,0.41,0.24,0.35,0.29,29.4,0.0,0.0,0.0,0.0,,Middlesbrough
207,Oliver Dovin,se SWE,GK,Coventry,22.0,2002.0,28,28,"2,467",27.4,0.0,0.0,0.0,0.0,0.0,0.0,0.04,0.0,0.0,0.0,0.0,0.0,0.0,Matches,GK,False,oliver dovin,2024-2025,standard,0.0,0.0,,0.0,0.0,,,88,59.6,88.0,0.99,0.0,,0.36,1.68,1.5,1.09,0.4,0.4,0.67,0.0,0.0,0.11,0.0,0.0,0.0,0.0,,,0.0,28.0,28.0,"2,467",27.4,1.09,1.09,3.61,2.52,69.7,0.51,0.18,0.33,0.29,28.6,0.04,0.04,0.0,0.0,0.0,Coventry City
236,George Evans,eng ENG,GK,Millwall,19.0,2005.0,4,4,360,4.0,0.0,0.0,0.0,0.0,0.0,0.0,0.0,0.0,0.0,0.0,0.0,0.0,0.0,Matches,GK,False,george evans,2024-2025,standard,0.0,0.0,,0.0,0.0,,,90,8.7,90.0,1.0,0.0,,1.75,1.5,1.5,2.0,-0.5,-0.5,-0.5,0.0,0.0,0.0,0.0,0.0,0.0,0.0,,,0.0,4.0,4.0,360,4.0,2.0,2.0,4.75,2.75,57.9,0.5,0.0,0.5,0.25,25.0,0.0,0.0,0.0,0.0,,Millwall
284,Tom Glover,au AUS,GK,Middlesbrough,26.0,1997.0,7,6,571,6.3,0.0,0.0,0.0,0.0,0.0,0.0,0.0,0.0,0.0,0.0,0.0,0.0,0.0,Matches,GK,False,tom glover,2024-2025,standard,0.0,0.0,,0.0,0.0,,,82,13.8,90.0,0.95,0.16,31.0,3.49,1.29,0.95,0.95,0.0,0.0,-0.2,0.0,0.0,0.32,0.0,0.0,0.0,0.16,,,0.0,7.0,6.0,571,6.3,0.95,0.95,2.06,1.11,53.8,0.32,0.32,0.32,0.48,50.0,0.0,0.0,0.0,0.0,,Middlesbrough
297,Joshua Griffiths,eng ENG,GK,West Brom,22.0,2001.0,6,6,540,6.0,0.0,0.0,0.0,0.0,0.0,0.0,0.0,0.0,0.0,0.0,0.0,0.0,0.0,Matches,GK,False,joshua griffiths,2024-2025,standard,0.0,0.0,,0.0,0.0,,,90,13.0,90.0,1.0,0.0,,1.67,1.17,1.5,1.83,-0.33,-0.33,-0.63,0.0,0.0,0.17,0.0,0.0,0.0,0.0,,,0.0,6.0,6.0,540,6.0,1.83,1.83,4.5,2.67,59.3,0.33,0.17,0.5,0.17,16.7,0.0,0.0,0.0,0.0,,West Brom
300,Daniel Grimshaw,eng ENG,GK,Plymouth,26.0,1998.0,21,21,"1,890",21.0,0.0,0.0,0.0,0.0,0.0,0.0,0.1,0.0,0.0,0.0,0.0,0.0,0.0,Matches,GK,False,daniel grimshaw,2024-2025,standard,0.0,0.0,,0.0,0.0,,,90,45.7,90.0,1.0,0.0,,1.05,0.81,1.0,2.33,-1.33,-1.33,-0.97,0.0,0.0,0.05,0.0,0.0,0.0,0.0,,,0.0,21.0,21.0,"1,890",21.0,2.33,2.33,5.95,3.62,60.8,0.19,0.24,0.57,0.05,4.8,0.14,0.14,0.0,0.0,0.0,Plymouth Argyle
304,Angus Gunn,sct SCO,GK,Norwich,28.0,1996.0,35,35,"3,104",34.5,0.0,0.0,0.0,0.0,0.0,0.0,0.03,0.0,0.0,0.0,0.0,0.0,0.0,Matches,GK,False,angus gunn,2024-2025,standard,0.0,0.0,,0.0,0.0,,,89,75.0,89.0,0.96,0.0,,0.0,1.51,1.57,1.22,0.35,0.35,1.13,0.0,0.0,0.23,0.0,0.0,0.0,0.03,,,0.0,35.0,35.0,"3,104",34.5,1.22,1.22,3.65,2.43,66.7,0.41,0.32,0.29,0.23,22.9,0.12,0.12,0.0,0.0,0.0,Norwich City
320,Conor Hazard,nir NIR,GK,Plymouth,26.0,1998.0,25,25,"2,250",25.0,0.0,0.0,0.0,0.0,0.0,0.0,0.16,0.0,0.0,0.0,0.0,0.0,0.0,Matches,GK,False,conor hazard,2024-2025,standard,0.0,0.0,,0.0,0.0,,,90,54.3,90.0,1.0,0.0,,0.16,1.16,1.2,1.56,-0.36,-0.36,0.97,0.0,0.0,0.12,0.0,0.0,0.04,0.0,,,0.0,25.0,25.0,"2,250",25.0,1.56,1.56,4.96,3.4,68.5,0.28,0.32,0.4,0.08,8.0,0.04,0.04,0.0,0.0,0.0,Plymouth Argyle
327,Václav Hladký,cz CZE,GK,Burnley,33.0,1990.0,1,1,90,1.0,0.0,0.0,0.0,0.0,0.0,0.0,0.0,0.0,0.0,0.0,0.0,0.0,0.0,Matches,GK,False,vaclav hladky,2024-2025,standard,0.0,0.0,,0.0,0.0,,,90,2.2,90.0,1.0,0.0,,45.0,3.0,5.0,0.0,5.0,5.0,3.93,0.0,0.0,0.0,0.0,0.0,0.0,0.0,,,0.0,1.0,1.0,90,1.0,0.0,0.0,4.0,4.0,100.0,1.0,0.0,0.0,1.0,100.0,0.0,0.0,0.0,0.0,,Burnley
333,Ethan Horvath,us USA,GK,Cardiff,29.0,1995.0,17,17,"1,530",17.0,0.0,0.0,0.0,0.0,0.0,0.0,0.0,0.0,0.0,0.0,0.0,0.0,0.0,Matches,GK,False,ethan horvath,2024-2025,standard,0.0,0.0,,0.0,0.0,,,90,37.0,90.0,1.0,0.0,,1.71,0.71,0.76,1.65,-0.88,-0.88,-0.54,0.0,0.0,0.24,0.0,0.0,0.0,0.0,,,0.06,17.0,17.0,"1,530",17.0,1.65,1.65,4.24,2.59,61.1,0.12,0.35,0.53,0.18,17.6,0.0,0.0,0.0,0.0,,Cardiff City
349,Matt Ingram,eng ENG,GK,Oxford Utd,30.0,1993.0,1,1,90,1.0,0.0,0.0,0.0,0.0,0.0,0.0,0.0,0.0,0.0,0.0,0.0,0.0,0.0,Matches,GK,False,matt ingram,2024-2025,standard,0.0,0.0,,0.0,0.0,,,90,2.2,90.0,1.0,0.0,,45.0,1.0,3.0,3.0,0.0,0.0,0.36,0.0,0.0,0.0,0.0,0.0,0.0,0.0,,,0.0,1.0,1.0,90,1.0,3.0,3.0,5.0,2.0,40.0,0.0,1.0,0.0,0.0,0.0,0.0,0.0,0.0,0.0,,Oxford United
359,Lukas Jensen,dk DEN,GK,Millwall,25.0,1999.0,41,41,"3,689",41.0,0.0,0.0,0.0,0.0,0.0,0.0,0.02,0.0,0.0,0.0,0.0,0.0,0.0,Matches,GK,False,lukas jensen,2024-2025,standard,0.0,0.0,,0.0,0.0,,,90,89.1,90.0,0.98,0.0,,0.0,1.39,0.98,1.0,-0.02,-0.02,0.18,0.0,0.0,0.1,0.0,0.0,0.0,0.02,,,0.0,41.0,41.0,"3,689",41.0,1.0,1.0,3.32,2.34,69.9,0.37,0.29,0.34,0.34,34.1,0.07,0.02,0.02,0.02,50.0,Millwall
361,Viktor Johansson,se SWE,GK,Stoke,25.0,1998.0,46,46,"4,140",46.0,0.0,0.0,0.0,0.0,0.0,0.0,0.09,0.0,0.0,0.0,0.0,0.0,0.0,Matches,GK,False,viktor johansson,2024-2025,standard,0.0,0.0,,0.0,0.0,,,90,100.0,90.0,1.0,0.0,,0.0,1.11,0.98,1.35,-0.37,-0.37,,0.0,0.0,0.3,0.0,0.0,0.0,0.0,,,0.02,46.0,46.0,"4,140",46.0,1.35,1.35,4.63,3.28,70.9,0.26,0.33,0.41,0.3,30.4,0.11,0.07,0.02,0.02,25.0,Stoke City
378,Thomas Kaminski,be BEL,GK,Luton,31.0,1992.0,45,45,"3,990",44.3,0.0,0.02,0.02,0.0,0.0,0.0,0.11,0.02,0.0,0.02,0.02,0.0,0.02,Matches,GK,False,thomas kaminski,2024-2025,standard,0.0,0.0,,0.0,0.0,,,89,96.4,89.0,0.99,0.0,,0.0,1.09,1.02,1.53,-0.52,-0.52,0.08,0.02,0.05,0.07,0.0,0.0,0.0,0.0,,,0.0,45.0,45.0,"3,990",44.3,1.53,1.53,4.42,2.89,65.3,0.29,0.23,0.5,0.25,24.4,0.07,0.05,0.02,0.0,33.3,Luton Town
388,Ben Killip,eng ENG,GK,Portsmouth,28.0,1995.0,2,2,180,2.0,0.0,0.0,0.0,0.0,0.0,0.0,0.0,0.0,0.0,0.0,0.0,0.0,0.0,Matches,GK,False,ben killip,2024-2025,standard,0.0,0.0,,0.0,0.0,,,90,4.3,90.0,1.0,0.0,,0.0,1.0,1.0,1.0,0.0,0.0,0.3,0.0,0.0,0.0,0.0,0.0,0.0,0.0,,,0.0,2.0,2.0,180,2.0,1.0,1.0,4.5,3.5,77.8,0.0,1.0,0.0,0.0,0.0,0.0,0.0,0.0,0.0,,Portsmouth
420,George Long,eng ENG,GK,Norwich,30.0,1993.0,9,8,765,8.5,0.0,0.0,0.0,0.0,0.0,0.0,0.0,0.0,0.0,0.0,0.0,0.0,0.0,Matches,GK,False,george long,2024-2025,standard,0.0,0.0,,0.0,0.0,,,85,18.5,90.0,0.94,0.12,45.0,3.76,0.67,1.53,2.24,-0.71,-0.71,-0.95,0.0,0.12,0.0,0.0,0.0,0.0,0.0,,,0.0,9.0,8.0,765,8.5,2.24,2.24,5.06,2.82,55.8,0.0,0.35,0.59,0.12,12.5,0.35,0.24,0.12,0.0,33.3,Norwich City
470,Illan Meslier,fr FRA,GK,Leeds,24.0,2000.0,39,39,"3,510",39.0,0.0,0.0,0.0,0.0,0.0,0.0,0.0,0.0,0.0,0.0,0.0,0.0,0.0,Matches,GK,False,illan meslier,2024-2025,standard,0.0,0.0,,0.0,0.0,,,90,84.8,90.0,1.0,0.0,,0.18,2.08,2.0,0.69,1.31,1.31,-0.69,0.0,0.0,0.28,0.0,0.0,0.0,0.0,,,0.03,39.0,39.0,"3,510",39.0,0.69,0.69,2.31,1.62,70.0,0.59,0.31,0.1,0.54,53.8,0.1,0.08,0.03,0.0,25.0,Leeds United
481,Simon Moore,eng ENG,GK,Sunderland,34.0,1990.0,4,4,360,4.0,0.0,0.0,0.0,0.0,0.0,0.0,0.25,0.0,0.0,0.0,0.0,0.0,0.0,Matches,GK,False,simon moore,2024-2025,standard,0.0,0.0,,0.0,0.0,,,90,8.7,90.0,1.0,0.0,,10.5,1.5,1.0,0.5,0.5,0.5,0.21,0.0,0.0,0.25,0.0,0.0,0.0,0.0,,,0.0,4.0,4.0,360,4.0,0.5,0.5,2.5,2.0,80.0,0.25,0.75,0.0,0.75,75.0,0.0,0.0,0.0,0.0,,Sunderland
501,Paul Nardi,fr FRA,GK,QPR,30.0,1994.0,45,45,"4,050",45.0,0.0,0.0,0.0,0.0,0.0,0.0,0.04,0.0,0.0,0.0,0.0,0.0,0.0,Matches,GK,False,paul nardi,2024-2025,standard,0.04,0.04,100.0,0.04,0.04,0.0,0.0,90,97.8,90.0,1.0,0.0,,0.0,1.18,1.16,1.4,-0.24,-0.24,-1.24,0.0,0.0,0.31,0.0,0.0,0.0,0.02,,,0.0,45.0,45.0,"4,050",45.0,1.4,1.4,3.84,2.49,63.6,0.29,0.31,0.4,0.2,20.0,0.07,0.07,0.0,0.0,0.0,QPR
514,Will Norris,eng ENG,GK,Portsmouth,30.0,1993.0,8,8,720,8.0,0.0,0.0,0.0,0.0,0.0,0.0,0.25,0.0,0.0,0.0,0.0,0.0,0.0,Matches,GK,False,will norris,2024-2025,standard,0.0,0.0,,0.0,0.0,,,90,17.4,90.0,1.0,0.0,,0.13,0.5,1.0,2.38,-1.38,-1.37,-1.32,0.0,0.13,0.38,0.0,0.0,0.0,0.13,,,0.0,8.0,8.0,720,8.0,2.38,2.37,6.0,3.63,60.4,0.0,0.5,0.5,0.25,25.0,0.38,0.38,0.0,0.0,0.0,Portsmouth
522,Max O'Leary,ie IRL,GK,Bristol City,27.0,1996.0,46,46,"4,140",46.0,0.0,0.0,0.0,0.0,0.0,0.0,0.07,0.0,0.0,0.0,0.0,0.0,0.0,Matches,GK,False,max o'leary,2024-2025,standard,0.0,0.0,,0.0,0.0,,,90,100.0,90.0,1.0,0.0,,0.0,1.42,1.28,1.2,0.09,0.09,,0.0,0.0,0.09,0.0,0.0,0.0,0.0,,,0.0,46.0,46.0,"4,140",46.0,1.2,1.2,3.74,2.54,68.0,0.37,0.37,0.26,0.22,21.7,0.04,0.04,0.0,0.0,0.0,Bristol City
542,Alex Palmer,eng ENG,GK,West Brom,27.0,1996.0,30,30,"2,700",30.0,0.0,0.0,0.0,0.0,0.0,0.0,0.07,0.0,0.0,0.0,0.0,0.0,0.0,Matches,GK,False,alex palmer,2024-2025,standard,0.0,0.0,,0.0,0.0,,,90,65.2,90.0,1.0,0.0,,0.0,1.47,1.3,0.9,0.4,0.4,0.52,0.0,0.0,0.17,0.0,0.0,0.0,0.07,,,0.0,30.0,30.0,"2,700",30.0,0.9,0.9,3.5,2.6,74.3,0.33,0.47,0.2,0.37,36.7,0.03,0.03,0.0,0.0,0.0,West Brom
547,Ivor Pandur,hr CRO,GK,Hull,24.0,2000.0,44,44,"3,960",44.0,0.0,0.0,0.0,0.0,0.0,0.0,0.07,0.0,0.0,0.0,0.0,0.0,0.0,Matches,GK,False,ivor pandur,2024-2025,standard,0.0,0.0,,0.0,0.0,,,90,95.7,90.0,1.0,0.0,,0.05,1.05,0.95,1.18,-0.23,-0.23,-0.23,0.0,0.0,0.11,0.0,0.0,0.0,0.0,,,0.0,44.0,44.0,"3,960",44.0,1.18,1.18,3.91,2.73,69.8,0.25,0.3,0.45,0.14,13.6,0.14,0.09,0.02,0.02,20.0,Hull City
551,Anthony Patterson,eng ENG,GK,Sunderland,24.0,2000.0,42,42,"3,780",42.0,0.0,0.0,0.0,0.0,0.0,0.0,0.07,0.0,0.0,0.0,0.0,0.0,0.0,Matches,GK,False,anthony patterson,2024-2025,standard,0.02,0.02,100.0,0.02,0.02,0.0,0.0,90,91.3,90.0,1.0,0.0,,0.0,1.71,1.29,1.0,0.29,0.29,-0.21,0.0,0.0,0.19,0.0,0.0,0.0,0.02,,,0.05,42.0,42.0,"3,780",42.0,1.0,1.0,3.12,2.12,67.9,0.48,0.24,0.29,0.33,33.3,0.12,0.1,0.02,0.0,20.0,Sunderland
552,Aynsley Pears,eng ENG,GK,Blackburn,26.0,1998.0,40,40,"3,600",40.0,0.0,0.0,0.0,0.0,0.0,0.0,0.07,0.0,0.0,0.0,0.0,0.0,0.0,Matches,GK,False,aynsley pears,2024-2025,standard,0.0,0.0,,0.0,0.0,,,90,87.0,90.0,1.0,0.0,,0.1,1.33,1.1,1.07,0.03,0.02,-0.64,0.0,0.0,0.15,0.0,0.0,0.03,0.03,,,0.0,40.0,40.0,"3,600",40.0,1.07,1.07,3.8,2.73,71.7,0.38,0.2,0.42,0.33,32.5,0.1,0.07,0.03,0.0,25.0,Blackburn
588,Vicente Reyes,cl CHI,GK,Norwich,20.0,2003.0,4,3,271,3.0,0.0,0.0,0.0,0.0,0.0,0.0,0.0,0.0,0.0,0.0,0.0,0.0,0.0,Matches,GK,False,vicente reyes,2024-2025,standard,0.0,0.0,,0.0,0.0,,,68,6.5,90.0,1.0,0.33,1.0,1.33,1.0,1.33,2.33,-1.0,-1.0,-1.14,0.0,0.0,0.0,0.0,0.0,0.0,0.0,,,0.0,4.0,3.0,271,3.0,2.33,2.32,4.0,1.67,41.7,0.0,0.33,0.67,0.0,0.0,0.0,0.0,0.0,0.0,,Norwich City
597,Liam Roberts,eng ENG,GK,Millwall,29.0,1994.0,2,1,91,1.0,0.0,0.0,0.0,0.0,0.0,0.0,0.0,0.0,0.0,0.0,0.0,0.0,0.0,Matches,GK,False,liam roberts,2024-2025,standard,0.0,0.0,,0.0,0.0,,,46,2.2,90.0,1.0,1.0,1.0,32.0,3.0,1.0,0.0,1.0,0.99,1.06,0.0,0.0,0.0,0.0,0.0,0.0,0.0,,,0.0,2.0,1.0,91,1.0,0.0,0.0,3.0,3.0,100.0,1.0,0.0,0.0,2.0,200.0,0.0,0.0,0.0,0.0,,Millwall
612,Carl Rushworth,eng ENG,GK,Hull,23.0,2001.0,2,2,180,2.0,0.0,0.0,0.0,0.0,0.0,0.0,0.0,0.0,0.0,0.0,0.0,0.0,0.0,Matches,GK,False,carl rushworth,2024-2025,standard,0.0,0.0,,0.0,0.0,,,90,4.3,90.0,1.0,0.0,,2.0,1.5,1.0,1.0,0.0,0.0,0.23,0.0,0.0,0.5,0.0,0.0,0.0,0.0,,,0.0,2.0,2.0,180,2.0,1.0,1.0,2.0,1.0,50.0,0.5,0.0,0.5,0.5,50.0,0.0,0.0,0.0,0.0,,Hull City
630,Nicolas Schmid,at AUT,GK,Portsmouth,27.0,1997.0,35,35,"3,090",34.3,0.0,0.06,0.06,0.0,0.0,0.0,0.03,0.0,0.0,0.06,0.06,0.0,0.06,Matches,GK,False,nicolas schmid,2024-2025,standard,0.0,0.0,,0.0,0.0,,,88,74.6,88.0,0.99,0.0,,0.2,1.37,1.37,1.4,-0.03,-0.03,1.0,0.0,0.0,0.17,0.0,0.0,0.0,0.0,,,0.0,35.0,35.0,"3,090",34.3,1.4,1.4,4.43,3.0,68.4,0.41,0.17,0.44,0.23,22.9,0.03,0.03,0.0,0.0,0.0,Portsmouth
636,Egil Selvik,no NOR,GK,Watford,27.0,1997.0,16,16,"1,440",16.0,0.0,0.0,0.0,0.0,0.0,0.0,0.13,0.0,0.0,0.0,0.0,0.0,0.0,Matches,GK,False,egil selvik,2024-2025,standard,0.0,0.0,,0.0,0.0,,,90,34.8,90.0,1.0,0.0,,0.06,1.0,0.81,1.19,-0.38,-0.37,-0.31,0.0,0.0,0.0,0.0,0.0,0.0,0.0,,,0.0,16.0,16.0,"1,440",16.0,1.19,1.19,4.44,3.25,73.2,0.25,0.25,0.5,0.38,37.5,0.0,0.0,0.0,0.0,,Watford
641,James Shea,eng ENG,GK,Luton,33.0,1991.0,2,1,147,1.6,0.0,0.0,0.0,0.0,0.0,0.0,0.0,0.0,0.0,0.0,0.0,0.0,0.0,Matches,GK,False,james shea,2024-2025,standard,0.0,0.0,,0.0,0.0,,,74,3.6,90.0,0.63,0.63,57.0,5.0,0.5,0.0,0.63,-0.63,-0.61,-0.09,0.0,0.0,0.63,0.0,0.0,0.0,0.0,,,0.0,2.0,1.0,147,1.6,0.63,0.61,3.13,2.5,80.0,0.0,0.0,0.63,0.63,100.0,0.0,0.0,0.0,0.0,,Luton Town
696,Balázs Tóth,hu HUN,GK,Blackburn,26.0,1997.0,6,6,540,6.0,0.0,0.0,0.0,0.0,0.0,0.0,0.17,0.0,0.0,0.0,0.0,0.0,0.0,Matches,GK,False,balazs toth,2024-2025,standard,0.0,0.0,,0.0,0.0,,,90,13.0,90.0,1.0,0.0,,5.17,2.17,1.5,0.83,0.67,0.67,0.64,0.0,0.0,0.0,0.0,0.0,0.0,0.0,,,0.0,6.0,6.0,540,6.0,0.83,0.83,3.67,2.67,77.3,0.67,0.17,0.17,0.33,33.3,0.0,0.0,0.0,0.0,,Blackburn
699,James Trafford,eng ENG,GK,Burnley,21.0,2002.0,45,45,"4,050",45.0,0.0,0.0,0.0,0.0,0.0,0.0,0.16,0.0,0.0,0.0,0.0,0.0,0.0,Matches,GK,False,james trafford,2024-2025,standard,0.0,0.0,,0.0,0.0,,,90,97.8,90.0,1.0,0.0,,0.0,2.16,1.42,0.36,1.07,1.07,-3.93,0.0,0.0,0.09,0.0,0.0,0.0,0.02,,,0.0,45.0,45.0,"4,050",45.0,0.36,0.36,2.22,1.89,84.0,0.6,0.36,0.04,0.64,64.4,0.04,0.0,0.04,0.0,100.0,Burnley
700,Mark Travers,ie IRL,GK,Middlesbrough,25.0,1999.0,17,17,"1,530",17.0,0.0,0.0,0.0,0.0,0.0,0.0,0.06,0.0,0.0,0.0,0.0,0.0,0.0,Matches,GK,False,mark travers,2024-2025,standard,0.0,0.0,,0.0,0.0,,,90,37.0,90.0,1.0,0.0,,0.0,1.18,1.0,1.18,-0.18,-0.18,-0.56,0.0,0.0,0.24,0.0,0.0,0.0,0.0,,,0.0,17.0,17.0,"1,530",17.0,1.18,1.18,4.94,3.76,76.2,0.35,0.12,0.53,0.24,23.5,0.0,0.0,0.0,0.0,,Middlesbrough
716,Josh Vickers,eng ENG,GK,Derby,28.0,1995.0,6,6,540,6.0,0.0,0.0,0.0,0.0,0.0,0.0,0.0,0.0,0.0,0.0,0.0,0.0,0.0,Matches,GK,False,josh vickers,2024-2025,standard,0.0,0.0,,0.0,0.0,,,90,13.0,90.0,1.0,0.0,,6.5,1.67,1.17,1.0,0.17,0.17,0.39,0.0,0.0,0.33,0.0,0.0,0.0,0.0,,,0.0,6.0,6.0,540,6.0,1.0,1.0,2.83,1.83,64.7,0.5,0.17,0.33,0.5,50.0,0.0,0.0,0.0,0.0,,Derby County
718,Lawrence Vigouroux,cl CHI,GK,Swansea,30.0,1993.0,46,46,"4,140",46.0,0.0,0.0,0.0,0.0,0.0,0.0,0.0,0.0,0.0,0.0,0.0,0.0,0.0,Matches,GK,False,lawrence vigouroux,2024-2025,standard,0.0,0.0,,0.0,0.0,,,90,100.0,90.0,1.0,0.0,,0.0,1.33,1.11,1.22,-0.11,-0.11,,0.0,0.0,0.11,0.0,0.0,0.0,0.07,,,0.0,46.0,46.0,"4,140",46.0,1.22,1.22,3.61,2.46,66.3,0.37,0.22,0.41,0.3,30.4,0.09,0.09,0.0,0.0,0.0,Swansea City
726,Joe Walsh,eng ENG,GK,QPR,22.0,2002.0,1,1,90,1.0,0.0,0.0,0.0,0.0,0.0,0.0,0.0,0.0,0.0,0.0,0.0,0.0,0.0,Matches,GK,False,joe walsh,2024-2025,standard,0.0,0.0,,0.0,0.0,,,90,2.2,90.0,1.0,0.0,,42.0,3.0,1.0,0.0,1.0,1.0,1.24,0.0,0.0,1.0,0.0,0.0,0.0,0.0,,,0.0,1.0,1.0,90,1.0,0.0,0.0,4.0,4.0,100.0,1.0,0.0,0.0,1.0,100.0,0.0,0.0,0.0,0.0,,QPR
741,Jacob Widell Zetterström,se SWE,GK,Derby,26.0,1998.0,40,40,"3,600",40.0,0.0,0.0,0.0,0.0,0.0,0.0,0.05,0.0,0.0,0.0,0.0,0.0,0.0,Matches,GK,False,jacob widell zetterstrom,2024-2025,standard,0.0,0.0,,0.0,0.0,,,90,87.0,90.0,1.0,0.0,,0.03,1.0,1.02,1.25,-0.23,-0.23,-0.39,0.0,0.05,0.17,0.0,0.0,0.05,0.05,,,0.0,40.0,40.0,"3,600",40.0,1.25,1.25,3.67,2.45,66.0,0.25,0.25,0.5,0.23,22.5,0.07,0.03,0.05,0.0,66.7,Derby County
742,Joe Wildsmith,eng ENG,GK,West Brom,28.0,1995.0,10,10,900,10.0,0.0,0.0,0.0,0.0,0.0,0.0,0.1,0.0,0.0,0.0,0.0,0.0,0.0,Matches,GK,False,joe wildsmith,2024-2025,standard,0.0,0.0,,0.0,0.0,,,90,21.7,90.0,1.0,0.0,,3.5,1.3,0.9,0.9,0.0,0.0,-0.28,0.0,0.0,0.2,0.0,0.0,0.0,0.1,,,0.0,10.0,10.0,900,10.0,0.9,0.9,2.8,1.9,67.9,0.3,0.4,0.3,0.2,20.0,0.0,0.0,0.0,0.0,,West Brom
748,Ben Wilson,eng ENG,GK,Coventry,31.0,1992.0,4,4,360,4.0,0.0,0.0,0.0,0.0,0.0,0.0,0.25,0.0,0.0,0.0,0.0,0.0,0.0,Matches,GK,False,ben wilson,2024-2025,standard,0.0,0.0,,0.0,0.0,,,90,8.7,90.0,1.0,0.0,,3.5,1.17,1.5,1.25,0.25,0.25,0.13,0.0,0.0,0.75,0.0,0.0,0.0,0.0,,,0.0,4.0,4.0,360,4.0,1.25,1.25,5.5,4.25,77.3,0.5,0.0,0.5,0.5,50.0,0.0,0.0,0.0,0.0,,Coventry City
754,Freddie Woodman,eng ENG,GK,Preston,27.0,1997.0,37,37,"3,329",37.0,0.0,0.0,0.0,0.0,0.0,0.0,0.16,0.03,0.0,0.0,0.0,0.0,0.0,Matches,GK,False,freddie woodman,2024-2025,standard,0.0,0.0,,0.0,0.0,,,90,80.4,90.0,0.97,0.0,,0.0,1.24,1.03,1.16,-0.14,-0.14,0.53,0.0,0.03,0.14,0.0,0.03,0.0,0.03,,,0.0,37.0,37.0,"3,329",37.0,1.16,1.16,3.51,2.35,66.9,0.27,0.43,0.3,0.35,35.1,0.11,0.08,0.03,0.0,25.0,Preston
21,Ryan Allsop,eng ENG,GK,Birmingham,33.0,1992.0,11,11,990,11.0,0.0,0.0,0.0,0.0,0.0,0.0,0.18,0.0,0.0,0.0,0.0,0.0,0.0,Matches,GK,False,ryan allsop,2025-2026,standard,0.0,0.0,,0.0,0.0,,,90,23.9,90.0,1.0,0.0,,3.18,1.09,0.73,1.36,-0.64,-0.64,-0.86,0.0,0.0,0.45,0.0,0.0,0.0,0.0,,,0.0,11.0,11.0,990,11.0,1.36,1.36,3.09,1.73,55.9,0.27,0.27,0.45,0.18,18.2,0.09,0.09,0.0,0.0,0.0,Birmingham City
62,Nathan Baxter,eng ENG,GK,Watford,26.0,1998.0,7,6,585,6.5,0.0,0.0,0.0,0.0,0.0,0.0,0.0,0.0,0.0,0.0,0.0,0.0,0.0,Matches,GK,False,nathan baxter,2025-2026,standard,0.0,0.0,,0.0,0.0,,,84,14.1,90.0,0.92,0.15,45.0,5.85,1.57,1.69,1.38,0.31,0.31,0.66,0.0,0.0,0.0,0.0,0.0,0.0,0.0,,,0.0,7.0,6.0,585,6.5,1.38,1.38,3.08,1.69,55.0,0.46,0.31,0.15,0.0,0.0,0.0,0.0,0.0,0.0,,Watford
63,Gavin Bazunu,ie IRL,GK,Stoke,23.0,2002.0,6,6,540,6.0,0.0,0.0,0.0,0.0,0.0,0.0,0.0,0.0,0.0,0.0,0.0,0.0,0.0,Matches,GK,False,gavin bazunu,2025-2026,standard,0.0,0.0,,0.0,0.0,,,90,13.0,90.0,1.0,0.0,,0.0,0.83,0.67,1.33,-0.67,-0.67,-0.64,0.0,0.0,0.67,0.0,0.0,0.0,0.0,,,0.0,6.0,6.0,540,6.0,1.33,1.33,3.17,1.83,57.9,0.17,0.33,0.5,0.33,33.3,0.0,0.0,0.0,0.0,,Stoke City
64,Gavin Bazunu,ie IRL,GK,Southampton,23.0,2002.0,19,19,"1,710",19.0,0.0,0.0,0.0,0.0,0.0,0.0,0.05,0.0,0.0,0.0,0.0,0.0,0.0,Matches,GK,False,gavin bazunu,2025-2026,standard,0.0,0.0,,0.0,0.0,,,90,41.3,90.0,1.0,0.0,,0.37,1.42,1.68,1.47,0.21,0.21,-0.6,0.0,0.05,0.42,0.0,0.0,0.0,0.0,,,0.0,19.0,19.0,"1,710",19.0,1.47,1.47,3.79,2.32,61.1,0.37,0.32,0.32,0.16,15.8,0.05,0.05,0.0,0.0,0.0,Southampton
65,James Beadle,eng ENG,GK,Birmingham,21.0,2004.0,35,35,"3,150",35.0,0.0,0.0,0.0,0.0,0.0,0.0,0.11,0.0,0.0,0.0,0.0,0.0,0.0,Matches,GK,False,james beadle,2025-2026,standard,0.03,0.0,0.0,0.03,0.0,0.0,,90,76.1,90.0,1.0,0.0,,0.23,1.49,1.4,1.17,0.23,0.23,0.86,0.0,0.03,0.17,0.0,0.0,0.03,0.0,,,0.0,35.0,35.0,"3,150",35.0,1.17,1.17,3.69,2.51,68.2,0.4,0.29,0.31,0.23,22.9,0.06,0.03,0.03,0.0,50.0,Birmingham City
66,Asmir Begović,ba BIH,GK,Leicester,38.0,1987.0,11,10,945,10.5,0.0,0.0,0.0,0.0,0.0,0.0,0.19,0.0,0.0,0.0,0.0,0.0,0.0,Matches,GK,False,asmir begovic,2025-2026,standard,0.0,0.0,,0.0,0.0,,,86,22.8,90.0,0.95,0.1,45.0,2.86,0.91,1.43,2.0,-0.57,-0.57,-0.46,0.0,0.0,0.38,0.0,0.0,0.0,0.0,,,0.0,11.0,10.0,945,10.5,2.0,2.0,4.48,2.48,55.3,0.19,0.29,0.48,0.0,0.0,0.0,0.0,0.0,0.0,,Leicester City
71,Steven Benda,de GER,GK,Millwall,26.0,1998.0,9,9,810,9.0,0.0,0.0,0.0,0.0,0.0,0.0,0.0,0.0,0.0,0.0,0.0,0.0,0.0,Matches,GK,False,steven benda,2025-2026,standard,0.0,0.0,,0.0,0.0,,,90,19.6,90.0,1.0,0.0,,1.22,1.56,1.0,1.33,-0.33,-0.33,-0.82,0.0,0.0,0.67,0.0,0.0,0.0,0.0,,,0.0,9.0,9.0,810,9.0,1.33,1.33,3.11,1.78,57.1,0.44,0.22,0.33,0.33,33.3,0.0,0.0,0.0,0.0,,Millwall
112,Solomon Brynn,eng ENG,GK,Middlesbrough,24.0,2000.0,46,46,"4,140",46.0,0.0,0.02,0.02,0.0,0.0,0.0,0.02,0.0,0.0,0.02,0.02,0.0,0.02,Matches,GK,False,solomon brynn,2025-2026,standard,0.0,0.0,,0.0,0.0,,,90,100.0,90.0,1.0,0.0,,0.0,1.65,1.57,1.02,0.54,0.54,,0.0,0.07,0.15,0.0,0.0,0.0,0.04,,,0.0,46.0,46.0,"4,140",46.0,1.02,1.02,3.26,2.2,68.7,0.48,0.3,0.22,0.28,28.3,0.17,0.15,0.02,0.0,12.5,Middlesbrough
120,Josef Bursik,eng ENG,GK,Portsmouth,25.0,2000.0,10,10,813,9.0,0.0,0.0,0.0,0.0,0.0,0.0,0.11,0.0,0.0,0.0,0.0,0.0,0.0,Matches,GK,False,josef bursik,2025-2026,standard,0.11,0.0,0.0,0.11,0.0,0.0,,81,19.6,81.0,1.0,0.0,,3.33,0.9,0.89,1.67,-0.78,-0.77,-0.56,0.0,0.0,0.33,0.0,0.0,0.0,0.0,,,0.0,10.0,10.0,813,9.0,1.67,1.66,4.33,2.67,61.5,0.22,0.33,0.56,0.22,20.0,0.11,0.0,0.11,0.0,100.0,Portsmouth
147,Pierce Charles,nir NIR,GK,Sheffield Wed,20.0,2005.0,19,19,"1,710",19.0,0.0,0.05,0.05,0.0,0.0,0.0,0.05,0.0,0.0,0.05,0.05,0.0,0.05,Matches,GK,False,pierce charles,2025-2026,standard,0.0,0.0,,0.0,0.0,,,90,41.3,90.0,1.0,0.0,,0.0,0.53,0.68,1.95,-1.26,-1.26,0.07,0.0,0.0,0.26,0.0,0.0,0.0,0.0,,,0.0,19.0,19.0,"1,710",19.0,1.95,1.95,6.26,4.32,68.9,0.05,0.37,0.58,0.11,10.5,0.11,0.05,0.0,0.05,0.0,Sheffield Weds
169,Michael Cooper,eng ENG,GK,Sheffield Utd,25.0,1999.0,34,34,"3,015",33.5,0.0,0.0,0.0,0.0,0.0,0.0,0.0,0.0,0.0,0.0,0.0,0.0,0.0,Matches,GK,False,michael cooper,2025-2026,standard,0.0,0.0,,0.0,0.0,,,89,72.8,89.0,0.99,0.0,,0.0,1.32,1.43,1.34,0.09,0.09,0.33,0.0,0.03,0.24,0.0,0.0,0.0,0.0,,,0.0,34.0,34.0,"3,015",33.5,1.34,1.34,4.12,2.78,67.4,0.42,0.09,0.51,0.24,23.5,0.12,0.09,0.0,0.03,0.0,Sheffield United
170,Murphy Cooper,eng ENG,GK,Sheffield Wed,23.0,2001.0,8,8,720,8.0,0.0,0.0,0.0,0.0,0.0,0.0,0.0,0.0,0.0,0.0,0.0,0.0,0.0,Matches,GK,False,murphy cooper,2025-2026,standard,0.0,0.0,,0.0,0.0,,,90,17.4,90.0,1.0,0.0,,0.38,0.0,0.13,1.75,-1.63,-1.62,-0.39,0.0,0.0,0.0,0.0,0.0,0.13,0.13,,,0.0,8.0,8.0,720,8.0,1.75,1.75,5.63,3.88,68.9,0.0,0.0,1.0,0.0,0.0,0.0,0.0,0.0,0.0,,Sheffield Weds
173,David Cornell,wls WAL,GK,Preston,34.0,1991.0,8,7,675,7.5,0.0,0.13,0.13,0.0,0.0,0.0,0.13,0.0,0.0,0.13,0.13,0.0,0.13,Matches,GK,False,david cornell,2025-2026,standard,0.0,0.0,,0.0,0.0,,,84,16.3,90.0,0.93,0.13,45.0,1.87,0.75,0.93,1.6,-0.67,-0.67,-0.61,0.0,0.0,0.27,0.0,0.0,0.0,0.0,,,0.0,8.0,7.0,675,7.5,1.6,1.6,4.53,2.93,64.7,0.13,0.4,0.4,0.13,14.3,0.13,0.13,0.0,0.0,0.0,Preston
180,Max Crocombe,nz NZL,GK,Millwall,31.0,1993.0,23,23,"2,070",23.0,0.0,0.0,0.0,0.0,0.0,0.0,0.0,0.0,0.0,0.0,0.0,0.0,0.0,Matches,GK,False,max crocombe,2025-2026,standard,0.0,0.0,,0.0,0.0,,,90,50.0,90.0,1.0,0.0,,1.0,1.83,1.39,1.09,0.3,0.3,-0.04,0.0,0.0,0.17,0.0,0.0,0.0,0.09,,,0.0,23.0,23.0,"2,070",23.0,1.09,1.09,4.48,3.39,75.7,0.52,0.26,0.22,0.39,39.1,0.04,0.04,0.0,0.0,0.0,Millwall
183,Jamie Cumming,eng ENG,GK,Oxford Utd,25.0,1999.0,46,46,"4,140",46.0,0.0,0.0,0.0,0.0,0.0,0.0,0.02,0.0,0.0,0.0,0.0,0.0,0.0,Matches,GK,False,jamie cumming,2025-2026,standard,0.0,0.0,,0.0,0.0,,,90,100.0,90.0,1.0,0.0,,0.0,1.02,0.98,1.28,-0.3,-0.3,,0.0,0.02,0.11,0.0,0.0,0.0,0.0,,,0.0,46.0,46.0,"4,140",46.0,1.28,1.28,4.2,2.89,69.4,0.24,0.3,0.46,0.17,17.4,0.04,0.04,0.0,0.0,0.0,Oxford United
189,Adam Davies,wls WAL,GK,Sheffield Utd,33.0,1992.0,13,12,"1,125",12.5,0.0,0.0,0.0,0.0,0.0,0.0,0.08,0.0,0.0,0.0,0.0,0.0,0.0,Matches,GK,False,adam davies,2025-2026,standard,0.0,0.0,,0.0,0.0,,,87,27.2,90.0,0.96,0.08,45.0,2.64,1.15,1.44,1.68,-0.24,-0.24,-0.33,0.0,0.08,0.24,0.0,0.0,0.0,0.0,,,0.0,13.0,12.0,"1,125",12.5,1.68,1.68,4.48,2.8,62.5,0.32,0.24,0.4,0.16,16.7,0.08,0.08,0.0,0.0,0.0,Sheffield United
206,Seny Dieng,sn SEN,GK,Sheffield Wed,30.0,1994.0,3,3,270,3.0,0.0,0.0,0.0,0.0,0.0,0.0,0.0,0.0,0.0,0.0,0.0,0.0,0.0,Matches,GK,False,seny dieng,2025-2026,standard,0.0,0.0,,0.0,0.0,,,90,6.5,90.0,1.0,0.0,,0.0,0.0,0.67,2.33,-1.67,-1.67,-0.39,0.0,0.0,0.67,0.0,0.0,0.0,0.0,,,0.0,3.0,3.0,270,3.0,2.33,2.33,5.33,3.0,56.3,0.0,0.0,1.0,0.0,0.0,0.0,0.0,0.0,0.0,,Sheffield Weds
262,Andy Fisher,eng ENG,GK,Swansea,27.0,1998.0,1,1,90,1.0,0.0,0.0,0.0,0.0,0.0,0.0,0.0,0.0,0.0,0.0,0.0,0.0,0.0,Matches,GK,False,andy fisher,2025-2026,standard,0.0,0.0,,0.0,0.0,,,90,2.2,90.0,1.0,0.0,,45.0,3.0,3.0,1.0,2.0,2.0,2.09,0.0,0.0,0.0,0.0,0.0,0.0,0.0,,,0.0,1.0,1.0,90,1.0,1.0,1.0,3.0,2.0,66.7,1.0,0.0,0.0,0.0,0.0,0.0,0.0,0.0,0.0,,Swansea City
306,Joshua Griffiths,eng ENG,GK,West Brom,23.0,2001.0,24,23,"2,095",23.3,0.0,0.0,0.0,0.0,0.0,0.0,0.0,0.0,0.0,0.0,0.0,0.0,0.0,Matches,GK,False,joshua griffiths,2025-2026,standard,0.0,0.0,,0.0,0.0,,,87,50.6,90.0,0.99,0.04,25.0,0.82,1.33,1.2,1.46,-0.26,-0.26,-0.08,0.0,0.0,0.09,0.0,0.0,0.0,0.04,,,0.0,24.0,23.0,"2,095",23.3,1.46,1.46,3.65,2.15,60.0,0.34,0.21,0.43,0.26,26.1,0.04,0.0,0.04,0.0,100.0,West Brom
308,Daniel Grimshaw,eng ENG,GK,Norwich,27.0,1998.0,1,1,90,1.0,0.0,1.0,1.0,0.0,0.0,0.0,0.0,0.0,0.0,1.0,1.0,0.0,1.0,Matches,GK,False,daniel grimshaw,2025-2026,standard,0.0,0.0,,0.0,0.0,,,90,2.2,90.0,1.0,0.0,,42.0,3.0,3.0,0.0,3.0,3.0,2.91,0.0,0.0,0.0,0.0,0.0,0.0,0.0,,,0.0,1.0,1.0,90,1.0,0.0,0.0,1.0,1.0,100.0,1.0,0.0,0.0,1.0,100.0,0.0,0.0,0.0,0.0,,Norwich City
315,Ben Hamer,eng ENG,GK,QPR,37.0,1987.0,7,7,558,6.2,0.0,0.0,0.0,0.0,0.0,0.0,0.0,0.0,0.0,0.0,0.0,0.0,0.0,Matches,GK,False,ben hamer,2025-2026,standard,0.0,0.0,,0.0,0.0,,,80,13.5,80.0,0.97,0.0,,5.0,2.0,1.94,0.97,0.97,0.97,1.42,0.0,0.0,0.16,0.0,0.0,0.0,0.0,,,0.0,7.0,7.0,558,6.2,0.97,0.97,2.74,1.77,64.7,0.65,0.32,0.16,0.48,42.9,0.16,0.0,0.0,0.16,,QPR
337,Ethan Horvath,us USA,GK,Sheffield Wed,30.0,1995.0,14,14,"1,259",14.0,0.0,0.0,0.0,0.0,0.0,0.0,0.07,0.07,0.0,0.0,0.0,0.0,0.0,Matches,GK,False,ethan horvath,2025-2026,standard,0.0,0.0,,0.0,0.0,,,90,30.4,90.0,0.93,0.0,,0.5,0.57,0.86,2.0,-1.14,-1.14,0.23,0.0,0.07,0.21,0.0,0.0,0.0,0.0,,,0.0,14.0,14.0,"1,259",14.0,2.0,2.0,5.57,3.57,64.1,0.07,0.36,0.57,0.14,14.3,0.07,0.07,0.0,0.0,0.0,Sheffield Weds
354,Daniel Iversen,dk DEN,GK,Preston,28.0,1997.0,36,36,"3,195",35.5,0.0,0.03,0.03,0.0,0.0,0.0,0.08,0.0,0.0,0.03,0.03,0.0,0.03,Matches,GK,False,daniel iversen,2025-2026,standard,0.0,0.0,,0.0,0.0,,,89,77.2,89.0,0.99,0.0,,0.0,1.5,1.35,1.18,0.17,0.17,1.41,0.0,0.0,0.08,0.0,0.0,0.0,0.0,,,0.0,36.0,36.0,"3,195",35.5,1.18,1.18,4.0,2.79,70.4,0.39,0.34,0.28,0.23,22.2,0.08,0.06,0.03,0.0,33.3,Preston
366,Viktor Johansson,se SWE,GK,Stoke,26.0,1998.0,25,25,"2,250",25.0,0.0,0.04,0.04,0.0,0.0,0.0,0.08,0.0,0.0,0.04,0.04,0.0,0.04,Matches,GK,False,viktor johansson,2025-2026,standard,0.0,0.0,,0.0,0.0,,,90,54.3,90.0,1.0,0.0,,0.0,1.36,1.16,1.0,0.16,0.16,0.59,0.0,0.0,0.44,0.0,0.0,0.0,0.04,,,0.0,25.0,25.0,"2,250",25.0,1.0,1.0,3.92,2.92,74.5,0.4,0.16,0.44,0.32,32.0,0.04,0.04,0.0,0.0,0.0,Stoke City
381,Thomas Kaminski,be BEL,GK,Charlton Athletic,32.0,1992.0,37,37,"3,330",37.0,0.0,0.0,0.0,0.0,0.0,0.0,0.08,0.0,0.0,0.0,0.0,0.0,0.0,Matches,GK,False,thomas kaminski,2025-2026,standard,0.0,0.0,,0.0,0.0,,,90,80.4,90.0,1.0,0.0,,0.11,1.19,1.0,1.32,-0.32,-0.32,-0.1,0.0,0.0,0.24,0.0,0.0,0.0,0.0,,,0.0,37.0,37.0,"3,330",37.0,1.32,1.32,4.14,2.81,68.0,0.3,0.3,0.41,0.3,29.7,0.14,0.08,0.03,0.03,25.0,Charlton Athletic
393,Ben Killip,eng ENG,GK,Portsmouth,29.0,1995.0,4,2,332,3.7,0.0,0.0,0.0,0.0,0.0,0.0,0.0,0.0,0.0,0.0,0.0,0.0,0.0,Matches,GK,False,ben killip,2025-2026,standard,0.0,0.0,,0.0,0.0,,,83,8.0,90.0,0.54,0.54,76.0,3.51,1.25,1.08,1.08,0.0,0.0,0.35,0.0,0.0,0.0,0.0,0.0,0.0,0.0,,,0.0,4.0,2.0,332,3.7,1.08,1.08,4.59,3.51,76.5,0.0,0.27,0.27,0.27,50.0,0.0,0.0,0.0,0.0,,Portsmouth
408,Vladan Kovačević,ba BIH,GK,Norwich,27.0,1998.0,45,45,"4,050",45.0,0.0,0.0,0.0,0.0,0.0,0.0,0.13,0.0,0.0,0.0,0.0,0.0,0.0,Matches,GK,False,vladan kovacevic,2025-2026,standard,0.0,0.0,,0.0,0.0,,,90,97.8,90.0,1.0,0.0,,0.0,1.38,1.33,1.24,0.09,0.09,-2.91,0.0,0.02,0.13,0.0,0.0,0.0,0.0,,,0.0,45.0,45.0,"4,050",45.0,1.24,1.24,3.82,2.58,67.4,0.4,0.18,0.42,0.18,17.8,0.11,0.07,0.04,0.0,40.0,Norwich City
440,Joe Lumley,eng ENG,GK,Sheffield Wed,30.0,1995.0,2,2,180,2.0,0.0,0.0,0.0,0.0,0.0,0.0,0.5,0.0,0.0,0.0,0.0,0.0,0.0,Matches,GK,False,joe lumley,2025-2026,standard,0.0,0.0,,0.0,0.0,,,90,4.3,90.0,1.0,0.0,,0.0,0.0,0.5,1.5,-1.0,-1.0,0.32,0.0,0.0,0.0,0.0,0.0,0.0,0.0,,,0.0,2.0,2.0,180,2.0,1.5,1.5,5.5,4.0,72.7,0.0,0.0,1.0,0.0,0.0,0.0,0.0,0.0,0.0,,Sheffield Weds
455,William Mannion,eng ENG,GK,Charlton Athletic,27.0,1998.0,9,9,810,9.0,0.0,0.0,0.0,0.0,0.0,0.0,0.0,0.0,0.0,0.0,0.0,0.0,0.0,Matches,GK,False,william mannion,2025-2026,standard,0.0,0.0,,0.0,0.0,,,90,19.6,90.0,1.0,0.0,,3.22,1.0,0.78,1.0,-0.22,-0.22,0.1,0.0,0.0,0.22,0.0,0.0,0.0,0.0,,,0.0,9.0,9.0,810,9.0,1.0,1.0,4.56,3.56,78.0,0.22,0.33,0.44,0.22,22.2,0.11,0.11,0.0,0.0,0.0,Charlton Athletic
476,Alex McCarthy,eng ENG,GK,Southampton,35.0,1989.0,7,7,630,7.0,0.0,0.0,0.0,0.0,0.0,0.0,0.0,0.0,0.0,0.0,0.0,0.0,0.0,Matches,GK,False,alex mccarthy,2025-2026,standard,0.0,0.0,,0.0,0.0,,,90,15.2,90.0,1.0,0.0,,3.43,0.86,0.86,1.43,-0.57,-0.57,-1.34,0.0,0.0,0.29,0.0,0.0,0.0,0.0,,,0.0,7.0,7.0,630,7.0,1.43,1.43,3.57,2.14,60.0,0.14,0.43,0.43,0.14,14.3,0.0,0.0,0.0,0.0,,Southampton
529,Paul Nardi,fr FRA,GK,QPR,31.0,1994.0,17,16,"1,512",16.8,0.0,0.0,0.0,0.0,0.0,0.0,0.06,0.0,0.0,0.0,0.0,0.0,0.0,Matches,GK,False,paul nardi,2025-2026,standard,0.0,0.0,,0.0,0.0,,,89,36.5,90.0,0.95,0.06,72.0,0.6,1.35,1.31,1.49,-0.18,-0.18,0.13,0.0,0.0,0.3,0.0,0.0,0.0,0.12,,,0.0,17.0,16.0,"1,512",16.8,1.49,1.49,3.75,2.26,60.3,0.36,0.12,0.48,0.24,25.0,0.06,0.06,0.0,0.0,0.0,QPR
550,Richard O'Donnell,eng ENG,GK,Derby,36.0,1988.0,8,7,635,7.1,0.0,0.0,0.0,0.0,0.0,0.0,0.0,0.0,0.0,0.0,0.0,0.0,0.0,Matches,GK,False,richard o'donnell,2025-2026,standard,0.0,0.0,,0.0,0.0,,,79,15.3,90.0,0.99,0.14,5.0,1.69,1.88,1.97,0.85,1.13,1.13,1.13,0.0,0.0,0.28,0.0,0.0,0.0,0.0,,,0.0,8.0,7.0,635,7.1,0.85,0.85,3.66,2.82,76.9,0.7,0.0,0.28,0.56,57.1,0.0,0.0,0.0,0.0,,Derby County
552,Max O'Leary,ie IRL,GK,West Brom,28.0,1996.0,16,16,"1,415",15.7,0.0,0.0,0.0,0.0,0.0,0.0,0.0,0.0,0.0,0.0,0.0,0.0,0.0,Matches,GK,False,max o'leary,2025-2026,standard,0.0,0.0,,0.0,0.0,,,88,34.2,88.0,0.96,0.0,,0.06,1.13,0.76,0.83,-0.06,-0.06,0.23,0.0,0.0,0.13,0.0,0.0,0.0,0.0,,,0.0,16.0,16.0,"1,415",15.7,0.83,0.83,2.8,1.97,70.5,0.19,0.57,0.25,0.51,50.0,0.0,0.0,0.0,0.0,,West Brom
553,Max O'Leary,ie IRL,GK,Bristol City,28.0,1996.0,5,5,450,5.0,0.0,0.0,0.0,0.0,0.0,0.0,0.0,0.0,0.0,0.0,0.0,0.0,0.0,Matches,GK,False,max o'leary,2025-2026,standard,0.0,0.0,,0.0,0.0,,,90,10.9,90.0,1.0,0.0,,2.4,1.8,2.0,1.0,1.0,1.0,1.12,0.0,0.0,0.0,0.0,0.0,0.0,0.0,,,0.0,5.0,5.0,450,5.0,1.0,1.0,2.6,1.6,61.5,0.6,0.0,0.4,0.4,40.0,0.0,0.0,0.0,0.0,,Bristol City
562,Arthur Okonkwo,ng NGA,GK,Wrexham,23.0,2001.0,39,38,"3,421",38.0,0.0,0.0,0.0,0.0,0.0,0.0,0.03,0.0,0.0,0.0,0.0,0.0,0.0,Matches,GK,False,arthur okonkwo,2025-2026,standard,0.0,0.0,,0.0,0.0,,,88,82.6,90.0,1.0,0.03,1.0,0.18,1.62,1.5,1.39,0.11,0.11,0.11,0.0,0.0,0.08,0.0,0.0,0.03,0.0,,,0.0,39.0,38.0,"3,421",38.0,1.39,1.39,4.32,2.92,67.7,0.42,0.32,0.26,0.26,26.3,0.05,0.03,0.03,0.0,50.0,Wrexham
576,Alex Palmer,eng ENG,GK,Ipswich,28.0,1996.0,10,10,833,9.3,0.0,0.0,0.0,0.0,0.0,0.0,0.0,0.0,0.0,0.0,0.0,0.0,0.0,Matches,GK,False,alex palmer,2025-2026,standard,0.0,0.0,,0.0,0.0,,,83,20.1,83.0,0.97,0.0,,2.9,1.3,1.72,1.08,0.65,0.65,-0.09,0.0,0.0,0.32,0.0,0.0,0.0,0.11,,,0.0,10.0,10.0,833,9.3,1.08,1.08,3.01,1.94,64.3,0.32,0.43,0.32,0.11,10.0,0.22,0.22,0.0,0.0,0.0,Ipswich Town
579,Ivor Pandur,hr CRO,GK,Hull,25.0,2000.0,45,45,"4,050",45.0,0.0,0.0,0.0,0.0,0.0,0.0,0.18,0.0,0.0,0.0,0.0,0.0,0.0,Matches,GK,False,ivor pandur,2025-2026,standard,0.0,0.0,,0.0,0.0,,,90,97.8,90.0,1.0,0.0,,0.02,1.65,1.53,1.44,0.09,0.09,0.09,0.0,0.02,0.13,0.0,0.0,0.0,0.02,,,0.0,45.0,45.0,"4,050",45.0,1.44,1.44,4.6,3.16,68.6,0.47,0.2,0.33,0.24,24.4,0.11,0.07,0.04,0.0,40.0,Hull City
582,Anthony Patterson,eng ENG,GK,Millwall,25.0,2000.0,14,14,"1,260",14.0,0.0,0.0,0.0,0.0,0.0,0.0,0.0,0.0,0.0,0.0,0.0,0.0,0.0,Matches,GK,False,anthony patterson,2025-2026,standard,0.0,0.0,,0.0,0.0,,,90,30.4,90.0,1.0,0.0,,0.14,1.75,1.64,0.86,0.79,0.79,0.66,0.0,0.0,0.07,0.0,0.0,0.0,0.0,,,0.0,14.0,14.0,"1,260",14.0,0.86,0.86,3.14,2.29,72.7,0.57,0.21,0.21,0.43,42.9,0.0,0.0,0.0,0.0,,Millwall
583,Aynsley Pears,eng ENG,GK,Blackburn,27.0,1998.0,13,12,"1,082",12.0,0.0,0.0,0.0,0.0,0.0,0.0,0.08,0.0,0.0,0.0,0.0,0.0,0.0,Matches,GK,False,aynsley pears,2025-2026,standard,0.0,0.0,,0.0,0.0,,,83,26.1,90.0,1.0,0.08,2.0,1.33,1.15,0.92,1.08,-0.17,-0.17,0.19,0.0,0.0,0.17,0.0,0.0,0.08,0.0,,,0.0,13.0,12.0,"1,082",12.0,1.08,1.08,2.83,1.75,61.8,0.17,0.5,0.33,0.33,33.3,0.08,0.08,0.0,0.0,0.0,Blackburn
589,Daniel Peretz,il ISR,GK,Southampton,25.0,2000.0,20,20,"1,800",20.0,0.0,0.0,0.0,0.0,0.0,0.0,0.1,0.0,0.0,0.0,0.0,0.0,0.0,Matches,GK,False,daniel peretz,2025-2026,standard,0.0,0.0,,0.0,0.0,,,90,43.5,90.0,1.0,0.0,,0.0,2.32,2.2,0.9,1.3,1.3,1.3,0.0,0.0,0.25,0.0,0.0,0.0,0.0,,,0.0,20.0,20.0,"1,800",20.0,0.9,0.9,3.8,2.9,76.3,0.7,0.25,0.05,0.35,35.0,0.05,0.05,0.0,0.0,0.0,Southampton
592,Dillon Phillips,eng ENG,GK,Hull,30.0,1995.0,1,1,90,1.0,0.0,0.0,0.0,0.0,0.0,0.0,0.0,0.0,0.0,0.0,0.0,0.0,0.0,Matches,GK,False,dillon phillips,2025-2026,standard,0.0,0.0,,0.0,0.0,,,90,2.2,90.0,1.0,0.0,,45.0,1.0,1.0,1.0,0.0,0.0,-0.09,0.0,0.0,1.0,0.0,0.0,0.0,0.0,,,0.0,1.0,1.0,90,1.0,1.0,1.0,4.0,3.0,75.0,0.0,1.0,0.0,0.0,0.0,1.0,1.0,0.0,0.0,0.0,Hull City
636,Carl Rushworth,eng ENG,GK,Coventry,24.0,2001.0,46,46,"4,140",46.0,0.0,0.02,0.02,0.0,0.0,0.0,0.04,0.0,0.0,0.02,0.02,0.0,0.02,Matches,GK,False,carl rushworth,2025-2026,standard,0.0,0.0,,0.0,0.0,,,90,100.0,90.0,1.0,0.0,,0.0,2.07,2.11,0.98,1.13,1.13,,0.0,0.04,0.2,0.0,0.0,0.0,0.04,,,0.0,46.0,46.0,"4,140",46.0,0.98,0.98,3.63,2.63,73.1,0.61,0.24,0.15,0.37,37.0,0.07,0.07,0.0,0.0,0.0,Coventry City
649,Nicolas Schmid,at AUT,GK,Portsmouth,28.0,1997.0,34,34,"2,995",33.3,0.0,0.0,0.0,0.0,0.0,0.0,0.0,0.0,0.0,0.0,0.0,0.0,0.0,Matches,GK,False,nicolas schmid,2025-2026,standard,0.0,0.0,,0.0,0.0,,,88,72.3,88.0,0.99,0.0,,0.03,1.32,1.11,1.35,-0.24,-0.24,0.31,0.0,0.0,0.27,0.0,0.0,0.0,0.0,,,0.0,34.0,34.0,"2,995",33.3,1.35,1.35,3.72,2.37,63.7,0.36,0.27,0.39,0.24,23.5,0.06,0.06,0.0,0.0,0.0,Portsmouth
654,Egil Selvik,no NOR,GK,Watford,28.0,1997.0,40,40,"3,555",39.5,0.0,0.0,0.0,0.0,0.0,0.0,0.08,0.0,0.0,0.0,0.0,0.0,0.0,Matches,GK,False,egil selvik,2025-2026,standard,0.0,0.0,,0.0,0.0,,,89,85.9,89.0,0.99,0.0,,0.0,1.15,1.06,1.42,-0.35,-0.35,-0.66,0.0,0.0,0.13,0.0,0.0,0.0,0.0,,,0.0,40.0,40.0,"3,555",39.5,1.42,1.42,4.23,2.81,66.5,0.28,0.33,0.41,0.18,17.5,0.05,0.03,0.03,0.0,50.0,Watford
666,Tommy Simkin,eng ENG,GK,Stoke,20.0,2004.0,15,15,"1,350",15.0,0.0,0.0,0.0,0.0,0.0,0.0,0.13,0.0,0.0,0.0,0.0,0.0,0.0,Matches,GK,False,tommy simkin,2025-2026,standard,0.0,0.0,,0.0,0.0,,,90,32.6,90.0,1.0,0.0,,0.47,1.07,1.2,1.53,-0.33,-0.33,-0.33,0.0,0.0,0.13,0.0,0.0,0.0,0.0,,,0.0,15.0,15.0,"1,350",15.0,1.53,1.53,3.93,2.4,61.0,0.27,0.27,0.47,0.2,20.0,0.0,0.0,0.0,0.0,,Stoke City
690,Jakub Stolarczyk,pl POL,GK,Leicester,24.0,2000.0,36,36,"3,195",35.5,0.0,0.0,0.0,0.0,0.0,0.0,0.03,0.0,0.0,0.0,0.0,0.0,0.0,Matches,GK,False,jakub stolarczyk,2025-2026,standard,0.0,0.0,,0.0,0.0,,,89,77.2,89.0,0.99,0.0,,0.17,1.19,1.21,1.32,-0.11,-0.11,0.46,0.0,0.0,0.2,0.0,0.0,0.03,0.0,,,0.0,36.0,36.0,"3,195",35.5,1.32,1.32,3.97,2.62,66.7,0.28,0.37,0.37,0.17,16.7,0.08,0.03,0.06,0.0,66.7,Leicester City
726,Balázs Tóth,hu HUN,GK,Blackburn,27.0,1997.0,34,34,"3,058",34.0,0.0,0.0,0.0,0.0,0.0,0.0,0.0,0.0,0.0,0.0,0.0,0.0,0.0,Matches,GK,False,balazs toth,2025-2026,standard,0.0,0.0,,0.0,0.0,,,90,73.9,90.0,0.97,0.0,,0.09,1.18,0.91,1.26,-0.35,-0.35,-0.19,0.0,0.0,0.09,0.0,0.0,0.03,0.06,,,0.0,34.0,34.0,"3,058",34.0,1.26,1.27,4.15,2.85,69.5,0.32,0.21,0.47,0.26,26.5,0.06,0.06,0.0,0.0,0.0,Blackburn
743,Josh Vickers,eng ENG,GK,Derby,29.0,1995.0,7,7,625,6.9,0.0,0.0,0.0,0.0,0.0,0.0,0.0,0.0,0.0,0.0,0.0,0.0,0.0,Matches,GK,False,josh vickers,2025-2026,standard,0.0,0.0,,0.0,0.0,,,89,15.1,89.0,0.87,0.0,,4.06,1.29,1.45,1.59,-0.14,-0.14,-0.37,0.0,0.0,0.43,0.0,0.0,0.0,0.0,,,0.0,7.0,7.0,625,6.9,1.59,1.58,4.49,2.9,64.5,0.43,0.0,0.58,0.14,14.3,0.0,0.0,0.0,0.0,,Derby County
744,Lawrence Vigouroux,cl CHI,GK,Swansea,31.0,1993.0,45,45,"4,050",45.0,0.0,0.0,0.0,0.0,0.0,0.0,0.02,0.0,0.0,0.0,0.0,0.0,0.0,Matches,GK,False,lawrence vigouroux,2025-2026,standard,0.0,0.0,,0.0,0.0,,,90,97.8,90.0,1.0,0.0,,0.0,1.36,1.2,1.29,-0.09,-0.09,-2.09,0.0,0.02,0.13,0.0,0.0,0.0,0.0,,,0.0,45.0,45.0,"4,050",45.0,1.29,1.29,4.51,3.22,71.4,0.38,0.22,0.4,0.27,26.7,0.09,0.09,0.0,0.0,0.0,Swansea City
746,Radek Vítek,,GK,Bristol City,21.0,2003.0,41,41,"3,690",41.0,0.0,0.0,0.0,0.0,0.0,0.0,0.05,0.0,0.0,0.0,0.0,0.0,0.0,Matches,GK,False,radek vitek,2025-2026,standard,0.0,0.0,,0.0,0.0,,,90,89.1,90.0,1.0,0.0,,0.0,1.29,1.2,1.32,-0.12,-0.12,-1.12,0.0,0.0,0.37,0.0,0.0,0.02,0.05,,,0.02,41.0,41.0,"3,690",41.0,1.32,1.32,4.59,3.24,71.3,0.34,0.27,0.39,0.29,29.3,0.05,0.05,0.0,0.0,0.0,Bristol City
754,Joe Walsh,eng ENG,GK,QPR,23.0,2002.0,23,23,"2,070",23.0,0.0,0.0,0.0,0.0,0.0,0.0,0.0,0.0,0.0,0.0,0.0,0.0,0.0,Matches,GK,False,joe walsh,2025-2026,standard,0.0,0.0,,0.0,0.0,,,90,50.0,90.0,1.0,0.0,,0.09,1.04,1.17,1.83,-0.65,-0.65,-0.78,0.0,0.0,0.17,0.0,0.0,0.0,0.0,,,0.0,23.0,23.0,"2,070",23.0,1.83,1.83,4.74,2.91,61.5,0.26,0.26,0.48,0.17,17.4,0.09,0.09,0.0,0.0,0.0,QPR
756,Christian Walton,eng ENG,GK,Ipswich,29.0,1995.0,37,36,"3,307",36.7,0.0,0.0,0.0,0.0,0.0,0.0,0.11,0.0,0.0,0.0,0.0,0.0,0.0,Matches,GK,False,christian walton,2025-2026,standard,0.0,0.0,,0.0,0.0,,,89,79.9,90.0,0.98,0.03,67.0,0.25,1.92,1.74,1.01,0.74,0.73,0.09,0.0,0.03,0.14,0.0,0.0,0.0,0.0,,,0.0,37.0,36.0,"3,307",36.7,1.01,1.01,3.6,2.59,72.0,0.54,0.3,0.14,0.44,44.4,0.08,0.05,0.03,0.0,33.3,Ipswich Town
757,Jack Walton,eng ENG,GK,Preston,27.0,1998.0,3,3,270,3.0,0.0,0.0,0.0,0.0,0.0,0.0,0.0,0.0,0.0,0.0,0.0,0.0,0.0,Matches,GK,False,jack walton,2025-2026,standard,0.0,0.0,,0.0,0.0,,,90,6.5,90.0,1.0,0.0,,12.0,0.0,0.0,2.67,-2.67,-2.67,-2.69,0.0,0.0,0.0,0.0,0.0,0.0,0.0,,,0.0,3.0,3.0,270,3.0,2.67,2.67,7.33,4.67,63.6,0.0,0.0,1.0,0.0,0.0,0.0,0.0,0.0,0.0,,Preston
758,Danny Ward,wls WAL,GK,Wrexham,32.0,1993.0,8,8,719,8.0,0.0,0.0,0.0,0.0,0.0,0.0,0.0,0.0,0.0,0.0,0.0,0.0,0.0,Matches,GK,False,danny ward,2025-2026,standard,0.0,0.0,,0.0,0.0,,,90,17.4,90.0,0.88,0.0,,1.5,1.38,1.5,1.5,0.0,0.0,-0.11,0.0,0.0,0.0,0.0,0.0,0.0,0.0,,,0.0,8.0,8.0,719,8.0,1.5,1.5,4.63,3.13,67.6,0.38,0.25,0.38,0.38,37.5,0.0,0.0,0.0,0.0,,Wrexham
770,Jacob Widell Zetterström,se SWE,GK,Derby,27.0,1998.0,32,32,"2,880",32.0,0.0,0.0,0.0,0.0,0.0,0.0,0.03,0.0,0.0,0.0,0.0,0.0,0.0,Matches,GK,False,jacob widell zetterstrom,2025-2026,standard,0.0,0.0,,0.0,0.0,,,90,69.6,90.0,1.0,0.0,,0.0,1.41,1.34,1.31,0.03,0.03,-0.47,0.0,0.0,0.41,0.0,0.0,0.06,0.0,,,0.0,32.0,32.0,"2,880",32.0,1.31,1.31,4.53,3.13,71.0,0.38,0.28,0.34,0.22,21.9,0.16,0.13,0.03,0.0,20.0,Derby County
771,Joe Wildsmith,eng ENG,GK,West Brom,29.0,1995.0,7,7,630,7.0,0.0,0.0,0.0,0.0,0.0,0.0,0.0,0.0,0.0,0.0,0.0,0.0,0.0,Matches,GK,False,joe wildsmith,2025-2026,standard,0.0,0.0,,0.0,0.0,,,90,15.2,90.0,1.0,0.0,,3.0,0.86,1.14,1.57,-0.43,-0.43,-0.25,0.0,0.0,0.29,0.0,0.0,0.0,0.0,,,0.0,7.0,7.0,630,7.0,1.57,1.57,2.86,1.29,45.0,0.29,0.0,0.71,0.14,14.3,0.14,0.14,0.0,0.0,0.0,West Brom
