Rk,Player,Nation,Pos,Squad,Age,Born,MP,Starts,Min,90s,Gls,Ast,G+A,G-PK,PK,PKatt,CrdY,CrdR,Gls.1,Ast.1,G+A.1,G-PK.1,G+A-PK,Matches,Pos_Primary,Is_Multi_Pos,Player_Key,Season,Table_Type,Rk_shoot,Player_shoot,Nation_shoot,Pos_shoot,Age_shoot,Born_shoot,90s_shoot,Gls_shoot,Sh,SoT,SoT%,Sh/90,SoT/90,G/Sh,G/SoT,PK_shoot,PKatt_shoot,Matches_shoot,Pos_Primary_shoot,Is_Multi_Pos_shoot,Table_Type_shoot,Rk_playtime,Player_playtime,Nation_playtime,Pos_playtime,Age_playtime,Born_playtime,MP_playtime,Min_playtime,Mn/MP,Min%,90s_playtime,Starts_playtime,Mn/Start,Compl,Subs,Mn/Sub,unSub,PPM,onG,onGA,+/-,+/-90,On-Off,Matches_playtime,Pos_Primary_playtime,Is_Multi_Pos_playtime,Table_Type_playtime,Rk_misc,Player_misc,Nation_misc,Pos_misc,Age_misc,Born_misc,90s_misc,CrdY_misc,CrdR_misc,2CrdY,Fls,Fld,Off,Crs,Int,TklW,PKwon,PKcon,OG,Matches_misc,Pos_Primary_misc,Is_Multi_Pos_misc,Table_Type_misc,Rk_gk,Player_gk,Nation_gk,Pos_gk,Age_gk,Born_gk,MP_gk,Starts_gk,Min_gk,90s_gk,GA,GA90,SoTA,Saves,Save%,W,D,L,CS,CS%,PKatt_gk,PKA,PKsv,PKm,Save%.1,Matches_gk,Pos_Primary_gk,Is_Multi_Pos_gk,Table_Type_gk
60,Daniel Bentley,eng ENG,GK,Bristol City,26,1993,43,42,"3,843",42.7,0.00,0.00,0.00,0.00,0.00,0.00,0.02,0.00,0.00,0.00,0.00,0.00,0.00,Matches,GK,False,daniel bentley,2019-2020,standard,60,Daniel Bentley,eng ENG,GK,26,1993,42.7,0.00,0.00,0.00,,0.00,0.00,,,0.00,0.00,Matches,GK,False,shooting,67,Daniel Bentley,eng ENG,GK,26,1993,43,"3,843",89,92.8,42.7,0.98,90,0.98,0.02,63,0.02,1.42,1.33,1.43,-0.09,-0.09,+0.21,Matches,GK,False,playing_time,60,Daniel Bentley,eng ENG,GK,26,1993,42.7,1,0,0,0,10,0,0,2,1,,,0,Matches,GK,False,misc,1,Daniel Bentley,eng ENG,GK,26,1993,43,42,"3,843",42.7,61,1.43,191,134,70.2,17,10,15,10,23.8,4,4,0,0,0.0,Matches,GK,False,goalkeeping
65,Marcus Bettinelli,eng ENG,GK,Fulham,27,1992,14,13,"1,242",13.8,0.00,0.00,0.00,0.00,0.00,0.00,0.22,0.00,0.00,0.00,0.00,0.00,0.00,Matches,GK,False,marcus bettinelli,2019-2020,standard,65,Marcus Bettinelli,eng ENG,GK,27,1992,13.8,0.00,0.00,0.00,,0.00,0.00,,,0.00,0.00,Matches,GK,False,shooting,72,Marcus Bettinelli,eng ENG,GK,27,1992,14,"1,242",89,30.0,13.8,0.94,90,0.94,0.07,72,2.25,1.43,1.45,1.09,0.36,+0.36,+0.02,Matches,GK,False,playing_time,65,Marcus Bettinelli,eng ENG,GK,27,1992,13.8,3,0,0,1,7,0,0,1,0,,,0,Matches,GK,False,misc,2,Marcus Bettinelli,eng ENG,GK,27,1992,14,13,"1,242",13.8,15,1.09,35,21,60.0,5,4,4,4,30.8,1,1,0,0,0.0,Matches,GK,False,goalkeeping
66,Bartosz Białkowski,pl POL,GK,Millwall,32,1987,46,45,"4,098",45.5,0.00,0.00,0.00,0.00,0.00,0.00,0.02,0.00,0.00,0.00,0.00,0.00,0.00,Matches,GK,False,bartosz biakowski,2019-2020,standard,66,Bartosz Białkowski,pl POL,GK,32,1987,45.5,0.00,0.00,0.00,,0.00,0.00,,,0.00,0.00,Matches,GK,False,shooting,73,Bartosz Białkowski,pl POL,GK,32,1987,46,"4,098",89,99.0,45.5,0.99,90,0.99,0.02,48,0.00,1.48,1.23,1.12,0.11,+0.11,-2.03,Matches,GK,False,playing_time,66,Bartosz Białkowski,pl POL,GK,32,1987,45.5,1,0,0,1,3,0,0,1,0,,,1,Matches,GK,False,misc,3,Bartosz Białkowski,pl POL,GK,32,1987,46,45,"4,098",45.5,51,1.12,190,141,74.2,16,17,12,16,35.6,3,2,1,0,33.3,Matches,GK,False,goalkeeping
107,Jack Butland,eng ENG,GK,Stoke City,26,1993,35,35,"3,150",35.0,0.00,0.00,0.00,0.00,0.00,0.00,0.00,0.00,0.00,0.00,0.00,0.00,0.00,Matches,GK,False,jack butland,2019-2020,standard,107,Jack Butland,eng ENG,GK,26,1993,35.0,0.00,0.00,0.00,,0.00,0.00,,,0.00,0.00,Matches,GK,False,shooting,121,Jack Butland,eng ENG,GK,26,1993,35,"3,150",90,76.1,35.0,1.00,90,1.00,0.00,,0.23,1.14,1.40,1.60,-0.20,-0.20,-0.29,Matches,GK,False,playing_time,107,Jack Butland,eng ENG,GK,26,1993,35.0,0,0,0,0,3,0,0,0,0,,,1,Matches,GK,False,misc,4,Jack Butland,eng ENG,GK,26,1993,35,35,"3,150",35.0,56,1.60,125,73,58.4,11,7,17,9,25.7,4,4,0,0,0.0,Matches,GK,False,goalkeeping
112,Rafael Cabral,br BRA,GK,Reading,29,1990,44,44,"3,960",44.0,0.00,0.00,0.00,0.00,0.00,0.00,0.02,0.00,0.00,0.00,0.00,0.00,0.00,Matches,GK,False,rafael cabral,2019-2020,standard,112,Rafael Cabral,br BRA,GK,29,1990,44.0,0.00,0.00,0.00,,0.00,0.00,,,0.00,0.00,Matches,GK,False,shooting,126,Rafael Cabral,br BRA,GK,29,1990,44,"3,960",90,95.7,44.0,1.00,90,1.00,0.00,,0.00,1.27,1.30,1.20,0.09,+0.09,+1.59,Matches,GK,False,playing_time,112,Rafael Cabral,br BRA,GK,29,1990,44.0,1,0,0,0,3,0,0,0,0,,,0,Matches,GK,False,misc,5,Rafael Cabral,br BRA,GK,29,1990,44,44,"3,960",44.0,53,1.20,198,148,74.7,15,11,18,13,29.5,3,3,0,0,0.0,Matches,GK,False,goalkeeping
115,Lee Camp,nir NIR,GK,Birmingham City,34,1984,36,36,"3,240",36.0,0.00,0.03,0.03,0.00,0.00,0.00,0.00,0.00,0.00,0.03,0.03,0.00,0.03,Matches,GK,False,lee camp,2019-2020,standard,115,Lee Camp,nir NIR,GK,34,1984,36.0,0.00,0.00,0.00,,0.00,0.00,,,0.00,0.00,Matches,GK,False,shooting,129,Lee Camp,nir NIR,GK,34,1984,36,"3,240",90,78.3,36.0,1.00,90,1.00,0.00,,0.28,1.19,1.08,1.47,-0.39,-0.39,+0.31,Matches,GK,False,playing_time,115,Lee Camp,nir NIR,GK,34,1984,36.0,0,0,0,0,5,0,0,0,0,,,0,Matches,GK,False,misc,6,Lee Camp,nir NIR,GK,34,1984,36,36,"3,240",36.0,53,1.47,120,76,60.8,11,10,15,7,19.4,9,6,3,0,33.3,Matches,GK,False,goalkeeping
126,Kiko Casilla,es ESP,GK,Leeds United,32,1986,36,36,"3,240",36.0,0.00,0.00,0.00,0.00,0.00,0.00,0.06,0.00,0.00,0.00,0.00,0.00,0.00,Matches,GK,False,kiko casilla,2019-2020,standard,126,Kiko Casilla,es ESP,GK,32,1986,36.0,0.00,0.00,0.00,,0.00,0.00,,,0.00,0.00,Matches,GK,False,shooting,141,Kiko Casilla,es ESP,GK,32,1986,36,"3,240",90,78.3,36.0,1.00,90,1.00,0.00,,0.03,1.89,1.47,0.86,0.61,+0.61,-1.39,Matches,GK,False,playing_time,126,Kiko Casilla,es ESP,GK,32,1986,36.0,2,0,0,0,5,0,0,2,0,,,0,Matches,GK,False,misc,7,Kiko Casilla,es ESP,GK,32,1986,36,36,"3,240",36.0,31,0.86,99,71,71.7,20,8,8,15,41.7,3,3,0,0,0.0,Matches,GK,False,goalkeeping
145,Joel Coleman,eng ENG,GK,Huddersfield,23,1995,3,2,188,2.1,0.00,0.00,0.00,0.00,0.00,0.00,0.00,0.00,0.00,0.00,0.00,0.00,0.00,Matches,GK,False,joel coleman,2019-2020,standard,145,Joel Coleman,eng ENG,GK,23,1995,2.1,0.00,0.00,0.00,,0.00,0.00,,,0.00,0.00,Matches,GK,False,shooting,161,Joel Coleman,eng ENG,GK,23,1995,3,188,63,4.5,2.1,0.95,90,0.95,0.48,8,13.3,1.00,1.90,3.33,-1.43,-1.44,-1.09,Matches,GK,False,playing_time,145,Joel Coleman,eng ENG,GK,23,1995,2.1,0,0,0,0,0,0,0,0,0,,,0,Matches,GK,False,misc,8,Joel Coleman,eng ENG,GK,23,1995,3,2,188,2.1,7,3.35,13,6,46.2,0,0,2,0,0.0,0,0,0,0,,Matches,GK,False,goalkeeping
147,Bradley Collins,eng ENG,GK,Barnsley,22,1997,19,19,"1,710",19.0,0.00,0.00,0.00,0.00,0.00,0.00,0.05,0.00,0.00,0.00,0.00,0.00,0.00,Matches,GK,False,bradley collins,2019-2020,standard,147,Bradley Collins,eng ENG,GK,22,1997,19.0,0.00,0.00,0.00,,0.00,0.00,,,0.00,0.00,Matches,GK,False,shooting,163,Bradley Collins,eng ENG,GK,22,1997,19,"1,710",90,41.3,19.0,1.00,90,1.00,0.00,,1.32,0.79,0.95,1.63,-0.68,-0.68,-0.42,Matches,GK,False,playing_time,147,Bradley Collins,eng ENG,GK,22,1997,19.0,1,0,0,0,4,0,0,0,1,,,0,Matches,GK,False,misc,9,Bradley Collins,eng ENG,GK,22,1997,19,19,"1,710",19.0,31,1.63,84,56,66.7,3,6,10,4,21.1,3,3,0,0,0.0,Matches,GK,False,goalkeeping
171,Adam Davies,wls WAL,GK,Stoke City,27,1992,4,4,360,4.0,0.00,0.00,0.00,0.00,0.00,0.00,0.00,0.00,0.00,0.00,0.00,0.00,0.00,Matches,GK,False,adam davies,2019-2020,standard,171,Adam Davies,wls WAL,GK,27,1992,4.0,0.00,0.00,0.00,,0.00,0.00,,,0.00,0.00,Matches,GK,False,shooting,192,Adam Davies,wls WAL,GK,27,1992,4,360,90,8.7,4.0,1.00,90,1.00,0.00,,5.50,2.50,2.00,0.50,1.50,+1.50,+1.79,Matches,GK,False,playing_time,171,Adam Davies,wls WAL,GK,27,1992,4.0,0,0,0,0,0,0,0,0,1,,,0,Matches,GK,False,misc,10,Adam Davies,wls WAL,GK,27,1992,4,4,360,4.0,2,0.50,9,7,77.8,3,1,0,2,50.0,0,0,0,0,,Matches,GK,False,goalkeeping
178,Cameron Dawson,eng ENG,GK,Sheffield Weds,24,1995,24,23,"2,079",23.1,0.00,0.00,0.00,0.00,0.00,0.00,0.00,0.00,0.00,0.00,0.00,0.00,0.00,Matches,GK,False,cameron dawson,2019-2020,standard,178,Cameron Dawson,eng ENG,GK,24,1995,23.1,0.00,0.00,0.00,,0.00,0.00,,,0.00,0.00,Matches,GK,False,shooting,199,Cameron Dawson,eng ENG,GK,24,1995,24,"2,079",87,50.2,23.1,1.00,90,1.00,0.04,9,0.95,1.38,1.26,1.47,-0.22,-0.22,-0.09,Matches,GK,False,playing_time,178,Cameron Dawson,eng ENG,GK,24,1995,23.1,0,0,0,0,1,0,0,0,0,,,1,Matches,GK,False,misc,11,Cameron Dawson,eng ENG,GK,24,1995,24,23,"2,079",23.1,34,1.47,83,51,61.4,8,6,9,7,30.4,3,2,0,1,0.0,Matches,GK,False,goalkeeping
180,Joe Day,eng ENG,GK,Cardiff City,28,1990,1,0,35,0.4,0.00,0.00,0.00,0.00,0.00,0.00,0.00,0.00,0.00,0.00,0.00,0.00,0.00,Matches,GK,False,joe day,2019-2020,standard,180,Joe Day,eng ENG,GK,28,1990,0.4,0.00,0.00,0.00,,0.00,0.00,,,0.00,0.00,Matches,GK,False,shooting,201,Joe Day,eng ENG,GK,28,1990,1,35,35,0.8,0.4,0.00,,0.00,2.50,35,17.5,0.00,2.50,7.50,-5.00,-5.14,-5.41,Matches,GK,False,playing_time,180,Joe Day,eng ENG,GK,28,1990,0.4,0,0,0,0,0,0,0,0,0,,,0,Matches,GK,False,misc,12,Joe Day,eng ENG,GK,28,1990,1,0,35,0.4,3,7.71,4,1,25.0,0,0,0,0,,0,0,0,0,,Matches,GK,False,goalkeeping
218,Neil Etheridge,ph PHI,GK,Cardiff City,29,1990,16,16,"1,405",15.6,0.00,0.00,0.00,0.00,0.00,0.00,0.00,0.00,0.00,0.00,0.00,0.00,0.00,Matches,GK,False,neil etheridge,2019-2020,standard,218,Neil Etheridge,ph PHI,GK,29,1990,15.6,0.00,0.00,0.00,,0.00,0.00,,,0.00,0.00,Matches,GK,False,shooting,240,Neil Etheridge,ph PHI,GK,29,1990,16,"1,405",88,33.9,15.6,1.03,88,0.96,0.00,,1.54,1.31,1.47,1.54,-0.06,-0.06,-0.43,Matches,GK,False,playing_time,218,Neil Etheridge,ph PHI,GK,29,1990,15.6,0,0,0,1,3,0,0,0,1,,,0,Matches,GK,False,misc,13,Neil Etheridge,ph PHI,GK,29,1990,16,16,"1,405",15.6,24,1.54,61,38,62.3,5,6,5,3,18.8,2,1,0,1,0.0,Matches,GK,False,goalkeeping
223,Adam Federici,au AUS,GK,Stoke City,34,1985,7,7,630,7.0,0.00,0.00,0.00,0.00,0.00,0.00,0.00,0.00,0.00,0.00,0.00,0.00,0.00,Matches,GK,False,adam federici,2019-2020,standard,223,Adam Federici,au AUS,GK,34,1985,7.0,0.00,0.14,0.00,0.0,0.14,0.00,0.00,,0.00,0.00,Matches,GK,False,shooting,245,Adam Federici,au AUS,GK,34,1985,7,630,90,15.2,7.0,1.00,90,1.00,0.00,,2.00,0.86,0.71,1.43,-0.71,-0.71,-0.69,Matches,GK,False,playing_time,223,Adam Federici,au AUS,GK,34,1985,7.0,0,0,0,0,1,0,0,0,0,,,0,Matches,GK,False,misc,14,Adam Federici,au AUS,GK,34,1985,7,7,630,7.0,10,1.43,31,22,71.0,2,0,5,1,14.3,1,1,0,0,0.0,Matches,GK,False,goalkeeping
228,Frank Fielding,eng ENG,GK,Millwall,31,1988,1,1,42,0.5,0.00,0.00,0.00,0.00,0.00,0.00,0.00,0.00,0.00,0.00,0.00,0.00,0.00,Matches,GK,False,frank fielding,2019-2020,standard,228,Frank Fielding,eng ENG,GK,31,1988,0.5,0.00,0.00,0.00,,0.00,0.00,,,0.00,0.00,Matches,GK,False,shooting,250,Frank Fielding,eng ENG,GK,31,1988,1,42,42,1.0,0.5,2.00,42,0.00,0.00,,2.00,3.00,2.00,0.00,2.00,+2.14,+2.03,Matches,GK,False,playing_time,228,Frank Fielding,eng ENG,GK,31,1988,0.5,0,0,0,0,0,0,0,0,0,,,0,Matches,GK,False,misc,15,Frank Fielding,eng ENG,GK,31,1988,1,1,42,0.5,0,0.00,0,0,,1,0,0,1,100.0,0,0,0,0,,Matches,GK,False,goalkeeping
264,Kamil Grabara,pl POL,GK,Huddersfield,20,1999,28,28,"2,512",27.9,0.00,0.00,0.00,0.00,0.00,0.00,0.11,0.00,0.00,0.00,0.00,0.00,0.00,Matches,GK,False,kamil grabara,2019-2020,standard,264,Kamil Grabara,pl POL,GK,20,1999,27.9,0.00,0.00,0.00,,0.00,0.00,,,0.00,0.00,Matches,GK,False,shooting,290,Kamil Grabara,pl POL,GK,20,1999,28,"2,512",90,60.7,27.9,1.00,90,0.97,0.00,,0.00,1.11,1.15,1.61,-0.47,-0.47,-0.19,Matches,GK,False,playing_time,264,Kamil Grabara,pl POL,GK,20,1999,27.9,3,0,0,1,7,0,0,0,0,,,0,Matches,GK,False,misc,16,Kamil Grabara,pl POL,GK,20,1999,28,28,"2,512",27.9,45,1.61,104,61,58.7,8,7,13,5,17.9,2,2,0,0,0.0,Matches,GK,False,goalkeeping
281,Ben Hamer,eng ENG,GK,Derby County,31,1987,25,24,"2,235",24.8,0.00,0.00,0.00,0.00,0.00,0.00,0.08,0.00,0.00,0.00,0.00,0.00,0.00,Matches,GK,False,ben hamer,2019-2020,standard,281,Ben Hamer,eng ENG,GK,31,1987,24.8,0.00,0.00,0.00,,0.00,0.00,,,0.00,0.00,Matches,GK,False,shooting,310,Ben Hamer,eng ENG,GK,31,1987,25,"2,235",89,54.0,24.8,0.97,90,0.97,0.04,75,0.77,1.56,1.57,1.37,0.20,+0.20,+0.53,Matches,GK,False,playing_time,281,Ben Hamer,eng ENG,GK,31,1987,24.8,2,0,0,1,5,0,0,1,0,,,0,Matches,GK,False,misc,17,Ben Hamer,eng ENG,GK,31,1987,25,24,"2,235",24.8,34,1.37,96,67,69.8,10,6,8,4,16.7,5,5,0,0,0.0,Matches,GK,False,goalkeeping
315,Matt Ingram,eng ENG,GK,Hull City,25,1993,1,1,90,1.0,0.00,0.00,0.00,0.00,0.00,0.00,0.00,0.00,0.00,0.00,0.00,0.00,0.00,Matches,GK,False,matt ingram,2019-2020,standard,315,Matt Ingram,eng ENG,GK,25,1993,1.0,0.00,0.00,0.00,,0.00,0.00,,,0.00,0.00,Matches,GK,False,shooting,352,Matt Ingram,eng ENG,GK,25,1993,1,90,90,2.2,1.0,1.00,90,1.00,0.00,,45.0,0.00,0.00,1.00,-1.00,-1.00,-0.36,Matches,GK,False,playing_time,315,Matt Ingram,eng ENG,GK,25,1993,1.0,0,0,0,0,0,0,0,0,0,,,0,Matches,GK,False,misc,18,Matt Ingram,eng ENG,GK,25,1993,1,1,90,1.0,1,1.00,4,3,75.0,0,0,1,0,0.0,0,0,0,0,,Matches,GK,False,goalkeeping
332,Sam Johnstone,eng ENG,GK,West Brom,26,1993,46,46,"4,140",46.0,0.00,0.00,0.00,0.00,0.00,0.00,0.02,0.00,0.00,0.00,0.00,0.00,0.00,Matches,GK,False,sam johnstone,2019-2020,standard,332,Sam Johnstone,eng ENG,GK,26,1993,46.0,0.00,0.00,0.00,,0.00,0.00,,,0.00,0.00,Matches,GK,False,shooting,370,Sam Johnstone,eng ENG,GK,26,1993,46,"4,140",90,100.0,46.0,1.00,90,1.00,0.00,,0.00,1.80,1.67,0.98,0.70,+0.70,,Matches,GK,False,playing_time,332,Sam Johnstone,eng ENG,GK,26,1993,46.0,1,0,0,1,1,0,0,0,0,,,2,Matches,GK,False,misc,19,Sam Johnstone,eng ENG,GK,26,1993,46,46,"4,140",46.0,45,0.98,153,113,73.2,22,17,7,14,30.4,5,4,1,0,20.0,Matches,GK,False,goalkeeping
333,Jamie Jones,eng ENG,GK,Wigan Athletic,30,1989,7,7,630,7.0,0.00,0.00,0.00,0.00,0.00,0.00,0.00,0.00,0.00,0.00,0.00,0.00,0.00,Matches,GK,False,jamie jones,2019-2020,standard,333,Jamie Jones,eng ENG,GK,30,1989,7.0,0.00,0.00,0.00,,0.00,0.00,,,0.00,0.00,Matches,GK,False,shooting,372,Jamie Jones,eng ENG,GK,30,1989,7,630,90,15.2,7.0,1.00,90,1.00,0.00,,5.43,1.00,1.00,1.14,-0.14,-0.14,-0.19,Matches,GK,False,playing_time,333,Jamie Jones,eng ENG,GK,30,1989,7.0,0,0,0,1,2,0,0,0,0,,,0,Matches,GK,False,misc,20,Jamie Jones,eng ENG,GK,30,1989,7,7,630,7.0,8,1.14,23,15,65.2,1,4,2,1,14.3,0,0,0,0,,Matches,GK,False,goalkeeping
348,Liam Kelly,sct SCO,GK,QPR,23,1996,19,19,"1,710",19.0,0.00,0.00,0.00,0.00,0.00,0.00,0.00,0.00,0.00,0.00,0.00,0.00,0.00,Matches,GK,False,liam kelly,2019-2020,standard,348,Liam Kelly,sct SCO,GK,23,1996,19.0,0.00,0.00,0.00,,0.00,0.00,,,0.00,0.00,Matches,GK,False,shooting,389,Liam Kelly,sct SCO,GK,23,1996,19,"1,710",90,41.3,19.0,1.00,90,1.00,0.00,,0.95,1.16,1.26,1.53,-0.26,-0.26,-0.12,Matches,GK,False,playing_time,348,Liam Kelly,sct SCO,GK,23,1996,19.0,0,0,0,1,1,0,0,0,1,,,0,Matches,GK,False,misc,21,Liam Kelly,sct SCO,GK,23,1996,19,19,"1,710",19.0,29,1.53,72,48,65.3,6,4,9,3,15.8,5,4,1,0,20.0,Matches,GK,False,goalkeeping
385,George Long,eng ENG,GK,Hull City,25,1993,45,45,"4,050",45.0,0.00,0.02,0.02,0.00,0.00,0.00,0.04,0.00,0.00,0.02,0.02,0.00,0.02,Matches,GK,False,george long,2019-2020,standard,385,George Long,eng ENG,GK,25,1993,45.0,0.00,0.00,0.00,,0.00,0.00,,,0.00,0.00,Matches,GK,False,shooting,428,George Long,eng ENG,GK,25,1993,45,"4,050",90,97.8,45.0,1.00,90,1.00,0.00,,0.02,1.00,1.27,1.91,-0.64,-0.64,+0.36,Matches,GK,False,playing_time,385,George Long,eng ENG,GK,25,1993,45.0,2,0,0,0,10,0,0,2,2,,,0,Matches,GK,False,misc,22,George Long,eng ENG,GK,25,1993,45,45,"4,050",45.0,86,1.91,193,115,59.6,12,9,24,7,15.6,8,8,0,0,0.0,Matches,GK,False,goalkeeping
386,Jonas Lössl,dk DEN,GK,Huddersfield,30,1989,15,15,"1,350",15.0,0.00,0.00,0.00,0.00,0.00,0.00,0.07,0.00,0.00,0.00,0.00,0.00,0.00,Matches,GK,False,jonas lossl,2019-2020,standard,386,Jonas Lössl,dk DEN,GK,30,1989,15.0,0.00,0.00,0.00,,0.00,0.00,,,0.00,0.00,Matches,GK,False,shooting,429,Jonas Lössl,dk DEN,GK,30,1989,15,"1,350",90,32.6,15.0,1.00,90,1.00,0.00,,0.07,1.27,1.07,1.20,-0.13,-0.13,+0.38,Matches,GK,False,playing_time,386,Jonas Lössl,dk DEN,GK,30,1989,15.0,1,0,0,0,3,0,0,1,0,,,0,Matches,GK,False,misc,23,Jonas Lössl,dk DEN,GK,30,1989,15,15,"1,350",15.0,18,1.20,56,38,67.9,5,4,6,6,40.0,0,0,0,0,,Matches,GK,False,goalkeeping
391,Joe Lumley,eng ENG,GK,QPR,24,1995,27,27,"2,430",27.0,0.00,0.04,0.04,0.00,0.00,0.00,0.00,0.00,0.00,0.04,0.04,0.00,0.04,Matches,GK,False,joe lumley,2019-2020,standard,391,Joe Lumley,eng ENG,GK,24,1995,27.0,0.00,0.00,0.00,,0.00,0.00,,,0.00,0.00,Matches,GK,False,shooting,434,Joe Lumley,eng ENG,GK,24,1995,27,"2,430",90,58.7,27.0,1.00,90,1.00,0.00,,0.67,1.33,1.59,1.74,-0.15,-0.15,+0.12,Matches,GK,False,playing_time,391,Joe Lumley,eng ENG,GK,24,1995,27.0,0,0,0,0,2,0,0,0,2,,,0,Matches,GK,False,misc,24,Joe Lumley,eng ENG,GK,24,1995,27,27,"2,430",27.0,47,1.74,111,68,62.2,10,6,11,3,11.1,5,5,0,0,0.0,Matches,GK,False,goalkeeping
397,Niki Mäenpää,fi FIN,GK,Bristol City,34,1985,4,4,297,3.3,0.00,0.00,0.00,0.00,0.00,0.00,0.00,0.00,0.00,0.00,0.00,0.00,0.00,Matches,GK,False,niki maenpaa,2019-2020,standard,397,Niki Mäenpää,fi FIN,GK,34,1985,3.3,0.00,0.00,0.00,,0.00,0.00,,,0.00,0.00,Matches,GK,False,shooting,440,Niki Mäenpää,fi FIN,GK,34,1985,4,297,74,7.2,3.3,1.21,74,0.91,0.00,,6.67,0.50,0.91,1.21,-0.30,-0.30,-0.21,Matches,GK,False,playing_time,397,Niki Mäenpää,fi FIN,GK,34,1985,3.3,0,0,0,0,0,0,0,0,0,,,0,Matches,GK,False,misc,25,Niki Mäenpää,fi FIN,GK,34,1985,4,4,297,3.3,4,1.21,14,10,71.4,0,2,2,0,0.0,0,0,0,0,,Matches,GK,False,goalkeeping
406,David Marshall,sct SCO,GK,Wigan Athletic,34,1985,39,39,"3,510",39.0,0.00,0.00,0.00,0.00,0.00,0.00,0.00,0.00,0.00,0.00,0.00,0.00,0.00,Matches,GK,False,david marshall,2019-2020,standard,406,David Marshall,sct SCO,GK,34,1985,39.0,0.00,0.00,0.00,,0.00,0.00,,,0.00,0.00,Matches,GK,False,shooting,452,David Marshall,sct SCO,GK,34,1985,39,"3,510",90,84.8,39.0,1.00,90,1.00,0.00,,0.10,1.33,1.28,1.23,0.05,+0.05,+0.19,Matches,GK,False,playing_time,406,David Marshall,sct SCO,GK,34,1985,39.0,0,0,0,0,7,0,0,2,0,,,0,Matches,GK,False,misc,26,David Marshall,sct SCO,GK,34,1985,39,39,"3,510",39.0,48,1.23,133,86,64.7,14,10,15,15,38.5,1,1,0,0,0.0,Matches,GK,False,goalkeeping
433,Illan Meslier,fr FRA,GK,Leeds United,19,2000,10,10,900,10.0,0.00,0.00,0.00,0.00,0.00,0.00,0.00,0.00,0.00,0.00,0.00,0.00,0.00,Matches,GK,False,illan meslier,2019-2020,standard,433,Illan Meslier,fr FRA,GK,19,2000,10.0,0.00,0.00,0.00,,0.00,0.00,,,0.00,0.00,Matches,GK,False,shooting,484,Illan Meslier,fr FRA,GK,19,2000,10,900,90,21.7,10.0,1.00,90,1.00,0.00,,2.40,2.50,2.40,0.40,2.00,+2.00,+1.39,Matches,GK,False,playing_time,433,Illan Meslier,fr FRA,GK,19,2000,10.0,0,0,0,0,1,0,0,2,0,,,0,Matches,GK,False,misc,27,Illan Meslier,fr FRA,GK,19,2000,10,10,900,10.0,4,0.40,25,21,84.0,8,1,1,7,70.0,0,0,0,0,,Matches,GK,False,goalkeeping
460,Erwin Mulder,nl NED,GK,Swansea City,30,1989,4,3,271,3.0,0.00,0.00,0.00,0.00,0.00,0.00,0.00,0.00,0.00,0.00,0.00,0.00,0.00,Matches,GK,False,erwin mulder,2019-2020,standard,460,Erwin Mulder,nl NED,GK,30,1989,3.0,0.00,0.00,0.00,,0.00,0.00,,,0.00,0.00,Matches,GK,False,shooting,515,Erwin Mulder,nl NED,GK,30,1989,4,271,68,6.5,3.0,1.00,90,1.00,0.33,1,6.00,1.67,2.33,1.00,1.33,+1.33,+1.21,Matches,GK,False,playing_time,460,Erwin Mulder,nl NED,GK,30,1989,3.0,0,0,0,0,0,0,0,0,0,,,0,Matches,GK,False,misc,28,Erwin Mulder,nl NED,GK,30,1989,4,3,271,3.0,3,1.00,8,6,75.0,2,1,0,1,33.3,2,1,0,1,0.0,Matches,GK,False,goalkeeping
464,Arijanet Muric,xk KVX,GK,Nottingham,20,1998,4,4,360,4.0,0.00,0.00,0.00,0.00,0.00,0.00,0.00,0.00,0.00,0.00,0.00,0.00,0.00,Matches,GK,False,arijanet muric,2019-2020,standard,464,Arijanet Muric,xk KVX,GK,20,1998,4.0,0.00,0.00,0.00,,0.00,0.00,,,0.00,0.00,Matches,GK,False,shooting,519,Arijanet Muric,xk KVX,GK,20,1998,4,360,90,8.7,4.0,1.00,90,1.00,0.00,,6.00,1.25,1.50,1.00,0.50,+0.50,+0.36,Matches,GK,False,playing_time,464,Arijanet Muric,xk KVX,GK,20,1998,4.0,0,0,0,0,1,0,0,0,0,,,0,Matches,GK,False,misc,29,Arijanet Muric,xk KVX,GK,20,1998,4,4,360,4.0,4,1.00,12,8,66.7,1,2,1,1,25.0,0,0,0,0,,Matches,GK,False,goalkeeping
511,Aynsley Pears,eng ENG,GK,Middlesbrough,21,1998,24,24,"2,160",24.0,0.00,0.00,0.00,0.00,0.00,0.00,0.00,0.00,0.00,0.00,0.00,0.00,0.00,Matches,GK,False,aynsley pears,2019-2020,standard,511,Aynsley Pears,eng ENG,GK,21,1998,24.0,0.00,0.00,0.00,,0.00,0.00,,,0.00,0.00,Matches,GK,False,shooting,571,Aynsley Pears,eng ENG,GK,21,1998,24,"2,160",90,52.2,24.0,1.00,90,1.00,0.00,,0.92,1.21,1.00,1.25,-0.25,-0.25,+0.07,Matches,GK,False,playing_time,511,Aynsley Pears,eng ENG,GK,21,1998,24.0,0,0,0,0,5,0,0,1,0,,,0,Matches,GK,False,misc,30,Aynsley Pears,eng ENG,GK,21,1998,24,24,"2,160",24.0,30,1.25,93,64,68.8,7,8,9,7,29.2,1,1,0,0,0.0,Matches,GK,False,goalkeeping
522,Dillon Phillips,eng ENG,GK,Charlton Athletic,24,1995,46,46,"4,140",46.0,0.00,0.00,0.00,0.00,0.00,0.00,0.13,0.00,0.00,0.00,0.00,0.00,0.00,Matches,GK,False,dillon phillips,2019-2020,standard,522,Dillon Phillips,eng ENG,GK,24,1995,46.0,0.00,0.00,0.00,,0.00,0.00,,,0.00,0.00,Matches,GK,False,shooting,583,Dillon Phillips,eng ENG,GK,24,1995,46,"4,140",90,100.0,46.0,1.00,90,1.00,0.00,,0.00,1.04,1.09,1.41,-0.33,-0.33,,Matches,GK,False,playing_time,522,Dillon Phillips,eng ENG,GK,24,1995,46.0,6,0,0,1,8,0,0,0,0,,,2,Matches,GK,False,misc,31,Dillon Phillips,eng ENG,GK,24,1995,46,46,"4,140",46.0,65,1.41,213,154,71.4,12,12,22,9,19.6,6,4,2,0,33.3,Matches,GK,False,goalkeeping
542,Darren Randolph,ie IRL,GK,Middlesbrough,32,1987,14,14,"1,260",14.0,0.00,0.00,0.00,0.00,0.00,0.00,0.07,0.00,0.00,0.00,0.00,0.00,0.00,Matches,GK,False,darren randolph,2019-2020,standard,542,Darren Randolph,ie IRL,GK,32,1987,14.0,0.00,0.00,0.00,,0.00,0.00,,,0.00,0.00,Matches,GK,False,shooting,605,Darren Randolph,ie IRL,GK,32,1987,14,"1,260",90,30.4,14.0,1.00,90,1.00,0.00,,0.00,0.86,1.07,1.50,-0.43,-0.43,-0.21,Matches,GK,False,playing_time,542,Darren Randolph,ie IRL,GK,32,1987,14.0,1,0,0,0,1,0,0,0,0,,,0,Matches,GK,False,misc,32,Darren Randolph,ie IRL,GK,32,1987,14,14,"1,260",14.0,21,1.50,59,39,66.1,2,6,6,2,14.3,1,1,0,0,0.0,Matches,GK,False,goalkeeping
545,David Raya,es ESP,GK,Brentford,23,1995,46,46,"4,140",46.0,0.00,0.00,0.00,0.00,0.00,0.00,0.00,0.00,0.00,0.00,0.00,0.00,0.00,Matches,GK,False,david raya,2019-2020,standard,545,David Raya,es ESP,GK,23,1995,46.0,0.00,0.02,0.00,0.0,0.02,0.00,0.00,,0.00,0.00,Matches,GK,False,shooting,609,David Raya,es ESP,GK,23,1995,46,"4,140",90,100.0,46.0,1.00,90,1.00,0.00,,0.00,1.71,1.74,0.83,0.91,+0.91,,Matches,GK,False,playing_time,545,David Raya,es ESP,GK,23,1995,46.0,0,0,0,2,14,0,1,0,2,,,1,Matches,GK,False,misc,33,David Raya,es ESP,GK,23,1995,46,46,"4,140",46.0,38,0.83,134,98,73.9,24,9,13,16,34.8,3,3,0,0,0.0,Matches,GK,False,goalkeeping
566,Marek Rodák,sk SVK,GK,Fulham,22,1996,33,33,"2,896",32.2,0.00,0.00,0.00,0.00,0.00,0.00,0.09,0.03,0.00,0.00,0.00,0.00,0.00,Matches,GK,False,marek rodak,2019-2020,standard,566,Marek Rodák,sk SVK,GK,22,1996,32.2,0.00,0.00,0.00,,0.00,0.00,,,0.00,0.00,Matches,GK,False,shooting,633,Marek Rodák,sk SVK,GK,22,1996,33,"2,896",88,70.0,32.2,1.02,88,0.99,0.00,,0.37,1.89,1.37,1.02,0.34,+0.34,-0.02,Matches,GK,False,playing_time,566,Marek Rodák,sk SVK,GK,22,1996,32.2,3,1,0,4,3,0,0,0,0,,,0,Matches,GK,False,misc,34,Marek Rodák,sk SVK,GK,22,1996,33,33,"2,896",32.2,33,1.03,129,98,76.7,18,8,7,14,42.4,4,3,0,1,0.0,Matches,GK,False,goalkeeping
572,Kelle Roos,nl NED,GK,Derby County,27,1992,22,22,"1,905",21.2,0.00,0.00,0.00,0.00,0.00,0.00,0.00,0.00,0.00,0.00,0.00,0.00,0.00,Matches,GK,False,kelle roos,2019-2020,standard,572,Kelle Roos,nl NED,GK,27,1992,21.2,0.00,0.00,0.00,,0.00,0.00,,,0.00,0.00,Matches,GK,False,shooting,639,Kelle Roos,nl NED,GK,27,1992,22,"1,905",87,46.0,21.2,1.04,87,0.99,0.00,,1.13,1.27,1.08,1.42,-0.33,-0.33,-0.53,Matches,GK,False,playing_time,572,Kelle Roos,nl NED,GK,27,1992,21.2,0,0,0,0,3,0,0,0,1,,,0,Matches,GK,False,misc,35,Kelle Roos,nl NED,GK,27,1992,22,22,"1,905",21.2,30,1.42,91,65,70.3,7,7,8,5,22.7,5,3,1,1,25.0,Matches,GK,False,goalkeeping
577,Declan Rudd,eng ENG,GK,Preston,28,1991,46,46,"4,140",46.0,0.00,0.00,0.00,0.00,0.00,0.00,0.07,0.00,0.00,0.00,0.00,0.00,0.00,Matches,GK,False,declan rudd,2019-2020,standard,577,Declan Rudd,eng ENG,GK,28,1991,46.0,0.00,0.02,0.00,0.0,0.02,0.00,0.00,,0.00,0.00,Matches,GK,False,shooting,644,Declan Rudd,eng ENG,GK,28,1991,46,"4,140",90,100.0,46.0,1.00,90,1.00,0.00,,0.00,1.43,1.28,1.17,0.11,+0.11,,Matches,GK,False,playing_time,577,Declan Rudd,eng ENG,GK,28,1991,46.0,3,0,0,2,10,0,0,0,1,,,1,Matches,GK,False,misc,36,Declan Rudd,eng ENG,GK,28,1991,46,46,"4,140",46.0,54,1.17,157,108,68.8,18,12,16,9,19.6,5,5,0,0,0.0,Matches,GK,False,goalkeeping
579,Samuel Şahin-Radlinger,at AUT,GK,Barnsley,26,1992,18,18,"1,620",18.0,0.00,0.00,0.00,0.00,0.00,0.00,0.00,0.00,0.00,0.00,0.00,0.00,0.00,Matches,GK,False,samuel sahin-radlinger,2019-2020,standard,579,Samuel Şahin-Radlinger,at AUT,GK,26,1992,18.0,0.00,0.00,0.00,,0.00,0.00,,,0.00,0.00,Matches,GK,False,shooting,647,Samuel Şahin-Radlinger,at AUT,GK,26,1992,18,"1,620",90,39.1,18.0,1.00,90,1.00,0.00,,0.17,1.06,1.33,1.72,-0.39,-0.39,+0.08,Matches,GK,False,playing_time,579,Samuel Şahin-Radlinger,at AUT,GK,26,1992,18.0,0,0,0,0,7,0,0,1,2,,,0,Matches,GK,False,misc,37,Samuel Şahin-Radlinger,at AUT,GK,26,1992,18,18,"1,620",18.0,31,1.72,73,43,58.9,5,4,9,2,11.1,1,1,0,0,0.0,Matches,GK,False,goalkeeping
580,Brice Samba,fr FRA,GK,Nottingham,25,1994,40,40,"3,600",40.0,0.00,0.00,0.00,0.00,0.00,0.00,0.17,0.00,0.00,0.00,0.00,0.00,0.00,Matches,GK,False,brice samba,2019-2020,standard,580,Brice Samba,fr FRA,GK,25,1994,40.0,0.00,0.00,0.00,,0.00,0.00,,,0.00,0.00,Matches,GK,False,shooting,648,Brice Samba,fr FRA,GK,25,1994,40,"3,600",90,87.0,40.0,1.00,90,1.00,0.00,,0.07,1.63,1.27,1.02,0.25,+0.25,+0.58,Matches,GK,False,playing_time,580,Brice Samba,fr FRA,GK,25,1994,40.0,7,0,0,0,7,0,0,1,0,,,0,Matches,GK,False,misc,38,Brice Samba,fr FRA,GK,25,1994,40,40,"3,600",40.0,41,1.02,147,109,74.1,17,14,9,13,32.5,4,3,1,0,25.0,Matches,GK,False,goalkeeping
589,Ryan Schofield,eng ENG,GK,Huddersfield,19,1999,1,1,90,1.0,0.00,0.00,0.00,0.00,0.00,0.00,0.00,0.00,0.00,0.00,0.00,0.00,0.00,Matches,GK,False,ryan schofield,2019-2020,standard,589,Ryan Schofield,eng ENG,GK,19,1999,1.0,0.00,0.00,0.00,,0.00,0.00,,,0.00,0.00,Matches,GK,False,shooting,659,Ryan Schofield,eng ENG,GK,19,1999,1,90,90,2.2,1.0,1.00,90,1.00,0.00,,15.0,1.00,0.00,0.00,0.00,0.00,+0.40,Matches,GK,False,playing_time,589,Ryan Schofield,eng ENG,GK,19,1999,1.0,0,0,0,0,0,0,0,0,0,,,0,Matches,GK,False,misc,39,Ryan Schofield,eng ENG,GK,19,1999,1,1,90,1.0,0,0.00,3,2,100.0,0,1,0,1,100.0,0,0,0,0,,Matches,GK,False,goalkeeping
599,James Shea,eng ENG,GK,Luton Town,28,1991,13,13,"1,170",13.0,0.00,0.00,0.00,0.00,0.00,0.00,0.00,0.00,0.00,0.00,0.00,0.00,0.00,Matches,GK,False,james shea,2019-2020,standard,599,James Shea,eng ENG,GK,28,1991,13.0,0.00,0.00,0.00,,0.00,0.00,,,0.00,0.00,Matches,GK,False,shooting,669,James Shea,eng ENG,GK,28,1991,13,"1,170",90,28.3,13.0,1.00,90,1.00,0.00,,2.08,0.69,1.08,2.46,-1.38,-1.38,-1.08,Matches,GK,False,playing_time,599,James Shea,eng ENG,GK,28,1991,13.0,0,0,0,0,3,0,0,0,1,,,0,Matches,GK,False,misc,40,James Shea,eng ENG,GK,28,1991,13,13,"1,170",13.0,32,2.46,76,48,61.8,3,0,10,1,7.7,4,3,1,0,25.0,Matches,GK,False,goalkeeping
613,Simon Sluga,hr CRO,GK,Luton Town,26,1993,33,33,"2,970",33.0,0.00,0.00,0.00,0.00,0.00,0.00,0.03,0.00,0.00,0.00,0.00,0.00,0.00,Matches,GK,False,simon sluga,2019-2020,standard,613,Simon Sluga,hr CRO,GK,26,1993,33.0,0.00,0.00,0.00,,0.00,0.00,,,0.00,0.00,Matches,GK,False,shooting,684,Simon Sluga,hr CRO,GK,26,1993,33,"2,970",90,71.7,33.0,1.00,90,1.00,0.00,,0.33,1.27,1.21,1.52,-0.30,-0.30,+1.08,Matches,GK,False,playing_time,613,Simon Sluga,hr CRO,GK,26,1993,33.0,1,0,0,1,3,0,0,0,2,,,0,Matches,GK,False,misc,41,Simon Sluga,hr CRO,GK,26,1993,33,33,"2,970",33.0,50,1.52,146,97,67.1,11,9,13,6,18.2,3,2,0,1,0.0,Matches,GK,False,goalkeeping
615,Jordan Smith,eng ENG,GK,Nottingham,24,1994,2,2,180,2.0,0.00,0.00,0.00,0.00,0.00,0.00,0.00,0.00,0.00,0.00,0.00,0.00,0.00,Matches,GK,False,jordan smith,2019-2020,standard,615,Jordan Smith,eng ENG,GK,24,1994,2.0,0.00,0.00,0.00,,0.00,0.00,,,0.00,0.00,Matches,GK,False,shooting,688,Jordan Smith,eng ENG,GK,24,1994,2,180,90,4.3,2.0,1.00,90,1.00,0.00,,8.50,0.00,0.50,2.50,-2.00,-2.00,-2.27,Matches,GK,False,playing_time,615,Jordan Smith,eng ENG,GK,24,1994,2.0,0,0,0,0,0,0,0,0,0,,,0,Matches,GK,False,misc,42,Jordan Smith,eng ENG,GK,24,1994,2,2,180,2.0,5,2.50,10,5,50.0,0,0,2,0,0.0,0,0,0,0,,Matches,GK,False,goalkeeping
622,Alex Smithies,eng ENG,GK,Cardiff City,29,1990,30,30,"2,700",30.0,0.00,0.00,0.00,0.00,0.00,0.00,0.03,0.00,0.00,0.00,0.00,0.00,0.00,Matches,GK,False,alex smithies,2019-2020,standard,622,Alex Smithies,eng ENG,GK,29,1990,30.0,0.00,0.00,0.00,,0.00,0.00,,,0.00,0.00,Matches,GK,False,shooting,695,Alex Smithies,eng ENG,GK,29,1990,30,"2,700",90,65.2,30.0,1.00,90,1.00,0.00,,0.47,1.72,1.47,1.03,0.43,+0.43,+0.62,Matches,GK,False,playing_time,622,Alex Smithies,eng ENG,GK,29,1990,30.0,1,0,0,0,2,0,0,0,2,,,0,Matches,GK,False,misc,43,Alex Smithies,eng ENG,GK,29,1990,30,30,"2,700",30.0,31,1.03,94,67,70.2,14,10,6,11,36.7,4,3,1,0,25.0,Matches,GK,False,goalkeeping
633,Dejan Stojanović,at AUT,GK,Middlesbrough,26,1993,8,8,720,8.0,0.00,0.00,0.00,0.00,0.00,0.00,0.00,0.00,0.00,0.00,0.00,0.00,0.00,Matches,GK,False,dejan stojanovic,2019-2020,standard,633,Dejan Stojanović,at AUT,GK,26,1993,8.0,0.00,0.00,0.00,,0.00,0.00,,,0.00,0.00,Matches,GK,False,shooting,710,Dejan Stojanović,at AUT,GK,26,1993,8,720,90,17.4,8.0,1.00,90,1.00,0.00,,0.25,1.50,1.13,1.25,-0.13,-0.12,+0.19,Matches,GK,False,playing_time,633,Dejan Stojanović,at AUT,GK,26,1993,8.0,0,0,0,0,2,0,0,0,0,,,0,Matches,GK,False,misc,44,Dejan Stojanović,at AUT,GK,26,1993,8,8,720,8.0,10,1.25,32,23,71.9,4,0,4,3,37.5,1,1,0,0,0.0,Matches,GK,False,goalkeeping
656,Connal Trueman,eng ENG,GK,Birmingham City,23,1996,10,10,900,10.0,0.00,0.00,0.00,0.00,0.00,0.00,0.00,0.00,0.00,0.00,0.00,0.00,0.00,Matches,GK,False,connal trueman,2019-2020,standard,656,Connal Trueman,eng ENG,GK,23,1996,10.0,0.00,0.00,0.00,,0.00,0.00,,,0.00,0.00,Matches,GK,False,shooting,736,Connal Trueman,eng ENG,GK,23,1996,10,900,90,21.7,10.0,1.00,90,1.00,0.00,,2.30,0.70,1.50,2.20,-0.70,-0.70,-0.31,Matches,GK,False,playing_time,656,Connal Trueman,eng ENG,GK,23,1996,10.0,0,0,0,0,1,0,0,0,0,,,0,Matches,GK,False,misc,45,Connal Trueman,eng ENG,GK,23,1996,10,10,900,10.0,22,2.20,46,25,54.3,1,4,5,0,0.0,1,1,0,0,0.0,Matches,GK,False,goalkeeping
667,João Virgínia,pt POR,GK,Reading,19,1999,2,2,180,2.0,0.00,0.00,0.00,0.00,0.00,0.00,0.00,0.00,0.00,0.00,0.00,0.00,0.00,Matches,GK,False,joao virginia,2019-2020,standard,667,João Virgínia,pt POR,GK,19,1999,2.0,0.00,0.00,0.00,,0.00,0.00,,,0.00,0.00,Matches,GK,False,shooting,749,João Virgínia,pt POR,GK,19,1999,2,180,90,4.3,2.0,1.00,90,1.00,0.00,,3.00,0.00,1.00,2.50,-1.50,-1.50,-1.59,Matches,GK,False,playing_time,667,João Virgínia,pt POR,GK,19,1999,2.0,0,0,0,0,0,0,0,0,0,,,0,Matches,GK,False,misc,46,João Virgínia,pt POR,GK,19,1999,2,2,180,2.0,5,2.50,11,6,54.5,0,0,2,0,0.0,0,0,0,0,,Matches,GK,False,goalkeeping
676,Christian Walton,eng ENG,GK,Blackburn,23,1995,46,46,"4,140",46.0,0.00,0.02,0.02,0.00,0.00,0.00,0.02,0.00,0.00,0.02,0.02,0.00,0.02,Matches,GK,False,christian walton,2019-2020,standard,676,Christian Walton,eng ENG,GK,23,1995,46.0,0.00,0.00,0.00,,0.00,0.00,,,0.00,0.00,Matches,GK,False,shooting,760,Christian Walton,eng ENG,GK,23,1995,46,"4,140",90,100.0,46.0,1.00,90,1.00,0.00,,0.00,1.37,1.43,1.37,0.07,+0.07,,Matches,GK,False,playing_time,676,Christian Walton,eng ENG,GK,23,1995,46.0,1,0,0,2,8,0,0,0,0,,,0,Matches,GK,False,misc,47,Christian Walton,eng ENG,GK,23,1995,46,46,"4,140",46.0,63,1.37,175,121,69.1,17,12,17,12,26.1,10,9,1,0,10.0,Matches,GK,False,goalkeeping
677,Jack Walton,eng ENG,GK,Barnsley,21,1998,9,9,810,9.0,0.00,0.00,0.00,0.00,0.00,0.00,0.00,0.00,0.00,0.00,0.00,0.00,0.00,Matches,GK,False,jack walton,2019-2020,standard,677,Jack Walton,eng ENG,GK,21,1998,9.0,0.00,0.00,0.00,,0.00,0.00,,,0.00,0.00,Matches,GK,False,shooting,761,Jack Walton,eng ENG,GK,21,1998,9,810,90,19.6,9.0,1.00,90,1.00,0.00,,2.00,1.67,0.78,0.78,0.00,0.00,+0.54,Matches,GK,False,playing_time,677,Jack Walton,eng ENG,GK,21,1998,9.0,0,0,0,0,0,0,0,0,0,,,0,Matches,GK,False,misc,48,Jack Walton,eng ENG,GK,21,1998,9,9,810,9.0,7,0.78,27,20,74.1,4,3,2,5,55.6,0,0,0,0,,Matches,GK,False,goalkeeping
686,Keiren Westwood,ie IRL,GK,Sheffield Weds,34,1984,14,14,"1,249",13.9,0.00,0.00,0.00,0.00,0.00,0.00,0.00,0.07,0.00,0.00,0.00,0.00,0.00,Matches,GK,False,keiren westwood,2019-2020,standard,686,Keiren Westwood,ie IRL,GK,34,1984,13.9,0.00,0.00,0.00,,0.00,0.00,,,0.00,0.00,Matches,GK,False,shooting,770,Keiren Westwood,ie IRL,GK,34,1984,14,"1,249",89,30.2,13.9,1.01,89,0.94,0.00,,0.14,1.29,1.22,1.08,0.14,+0.14,+0.46,Matches,GK,False,playing_time,686,Keiren Westwood,ie IRL,GK,34,1984,13.9,0,1,0,2,2,0,0,0,0,,,0,Matches,GK,False,misc,49,Keiren Westwood,ie IRL,GK,34,1984,14,14,"1,249",13.9,15,1.08,43,31,72.1,5,3,6,4,28.6,3,3,0,0,0.0,Matches,GK,False,goalkeeping
692,Joe Wildsmith,eng ENG,GK,Sheffield Weds,23,1995,9,9,810,9.0,0.00,0.00,0.00,0.00,0.00,0.00,0.00,0.00,0.00,0.00,0.00,0.00,0.00,Matches,GK,False,joe wildsmith,2019-2020,standard,692,Joe Wildsmith,eng ENG,GK,23,1995,9.0,0.00,0.00,0.00,,0.00,0.00,,,0.00,0.00,Matches,GK,False,shooting,776,Joe Wildsmith,eng ENG,GK,23,1995,9,810,90,19.6,9.0,1.00,90,1.00,0.00,,1.56,0.89,1.33,1.89,-0.56,-0.56,-0.47,Matches,GK,False,playing_time,692,Joe Wildsmith,eng ENG,GK,23,1995,9.0,0,0,0,0,1,0,0,0,0,,,0,Matches,GK,False,misc,50,Joe Wildsmith,eng ENG,GK,23,1995,9,9,810,9.0,17,1.89,30,16,53.3,2,2,5,2,22.2,3,3,0,0,0.0,Matches,GK,False,goalkeeping
711,Freddie Woodman,eng ENG,GK,Swansea City,22,1997,43,43,"3,869",43.0,0.00,0.00,0.00,0.00,0.00,0.00,0.02,0.00,0.00,0.00,0.00,0.00,0.00,Matches,GK,False,freddie woodman,2019-2020,standard,711,Freddie Woodman,eng ENG,GK,22,1997,43.0,0.00,0.00,0.00,,0.00,0.00,,,0.00,0.00,Matches,GK,False,shooting,796,Freddie Woodman,eng ENG,GK,22,1997,43,"3,869",90,93.5,43.0,1.00,90,0.98,0.00,,0.00,1.47,1.28,1.16,0.12,+0.12,-1.21,Matches,GK,False,playing_time,711,Freddie Woodman,eng ENG,GK,22,1997,43.0,1,0,0,0,5,0,0,0,0,,,0,Matches,GK,False,misc,51,Freddie Woodman,eng ENG,GK,22,1997,43,43,"3,869",43.0,50,1.16,152,107,68.4,16,15,12,12,27.9,5,2,3,0,60.0,Matches,GK,False,goalkeeping
13,Ryan Allsop,eng ENG,GK,Wycombe,28,1992,29,29,"2,610",29.0,0.00,0.00,0.00,0.00,0.00,0.00,0.14,0.00,0.00,0.00,0.00,0.00,0.00,Matches,GK,False,ryan allsop,2020-2021,standard,13,Ryan Allsop,eng ENG,GK,28,1992,29.0,0.00,0.00,0.00,,0.00,0.00,,,0.00,0.00,Matches,GK,False,shooting,16,Ryan Allsop,eng ENG,GK,28,1992,29,"2,610",90,63.0,29.0,1.00,90,1.00,0.00,,0.45,0.66,0.76,1.76,-1.00,-1.00,-0.94,Matches,GK,False,playing_time,13,Ryan Allsop,eng ENG,GK,28,1992,29.0,0.14,0.00,0.00,0.00,0.10,0.00,0.00,0.14,0.00,,,0.00,Matches,GK,False,misc,1,Ryan Allsop,eng ENG,GK,28,1992,29,29,"2,610",29.0,1.76,1.76,4.86,3.28,67.4,0.14,0.24,0.62,0.14,13.8,0.17,0.17,0.00,0.00,0.0,Matches,GK,False,goalkeeping
20,Jordan Archer,sct SCO,GK,Middlesbrough,27,1993,5,5,450,5.0,0.00,0.00,0.00,0.00,0.00,0.00,0.00,0.00,0.00,0.00,0.00,0.00,0.00,Matches,GK,False,jordan archer,2020-2021,standard,20,Jordan Archer,sct SCO,GK,27,1993,5.0,0.00,0.00,0.00,,0.00,0.00,,,0.00,0.00,Matches,GK,False,shooting,24,Jordan Archer,sct SCO,GK,27,1993,5,450,90,10.9,5.0,1.00,90,1.00,0.00,,3.80,1.40,1.40,1.60,-0.20,-0.20,-0.27,Matches,GK,False,playing_time,20,Jordan Archer,sct SCO,GK,27,1993,5.0,0.00,0.00,0.00,0.00,1.00,0.00,0.00,0.00,0.00,,,0.00,Matches,GK,False,misc,2,Jordan Archer,sct SCO,GK,27,1993,5,5,450,5.0,1.60,1.60,2.80,1.60,50.0,0.40,0.20,0.40,0.00,0.0,0.40,0.20,0.20,0.00,50.0,Matches,GK,False,goalkeeping
30,Daniel Bachmann,at AUT,GK,Watford,26,1994,23,23,"2,070",23.0,0.00,0.00,0.00,0.00,0.00,0.00,0.09,0.00,0.00,0.00,0.00,0.00,0.00,Matches,GK,False,daniel bachmann,2020-2021,standard,30,Daniel Bachmann,at AUT,GK,26,1994,23.0,0.00,0.00,0.00,,0.00,0.00,,,0.00,0.00,Matches,GK,False,shooting,35,Daniel Bachmann,at AUT,GK,26,1994,23,"2,070",90,50.0,23.0,1.00,90,1.00,0.00,,1.00,2.22,1.57,0.57,1.00,+1.00,+0.57,Matches,GK,False,playing_time,30,Daniel Bachmann,at AUT,GK,26,1994,23.0,0.09,0.00,0.00,0.09,0.09,0.00,0.00,0.00,0.00,,,0.00,Matches,GK,False,misc,3,Daniel Bachmann,at AUT,GK,26,1994,23,23,"2,070",23.0,0.57,0.57,2.00,1.52,76.1,0.70,0.13,0.17,0.57,56.5,0.13,0.09,0.04,0.00,33.3,Matches,GK,False,goalkeeping
45,Daniel Barden,wls WAL,GK,Norwich City,19,2001,2,1,135,1.5,0.00,0.00,0.00,0.00,0.00,0.00,0.00,0.00,0.00,0.00,0.00,0.00,0.00,Matches,GK,False,daniel barden,2020-2021,standard,45,Daniel Barden,wls WAL,GK,19,2001,1.5,0.00,0.00,0.00,,0.00,0.00,,,0.00,0.00,Matches,GK,False,shooting,51,Daniel Barden,wls WAL,GK,19,2001,2,135,68,3.3,1.5,0.67,90,0.67,0.67,45,14.7,2.00,2.00,1.33,0.67,+0.67,-0.19,Matches,GK,False,playing_time,45,Daniel Barden,wls WAL,GK,19,2001,1.5,0.00,0.00,0.00,0.00,0.67,0.00,0.00,0.00,0.00,,,0.00,Matches,GK,False,misc,4,Daniel Barden,wls WAL,GK,19,2001,2,1,135,1.5,1.33,1.33,4.00,3.33,83.3,0.67,0.00,0.00,0.00,0.0,0.67,0.67,0.00,0.00,0.0,Matches,GK,False,goalkeeping
52,Asmir Begović,ba BIH,GK,Bournemouth,33,1987,45,45,"4,050",45.0,0.00,0.02,0.02,0.00,0.00,0.00,0.04,0.00,0.00,0.02,0.02,0.00,0.02,Matches,GK,False,asmir begovic,2020-2021,standard,52,Asmir Begović,ba BIH,GK,33,1987,45.0,0.00,0.00,0.00,,0.00,0.00,,,0.00,0.00,Matches,GK,False,shooting,62,Asmir Begović,ba BIH,GK,33,1987,45,"4,050",90,97.8,45.0,1.00,90,1.00,0.00,,0.00,1.64,1.56,0.98,0.58,+0.58,-0.42,Matches,GK,False,playing_time,52,Asmir Begović,ba BIH,GK,33,1987,45.0,0.04,0.00,0.00,0.02,0.13,0.00,0.00,0.02,0.02,,,0.00,Matches,GK,False,misc,5,Asmir Begović,ba BIH,GK,33,1987,45,45,"4,050",45.0,0.98,0.98,3.49,2.62,74.5,0.47,0.24,0.29,0.33,33.3,0.11,0.09,0.02,0.00,20.0,Matches,GK,False,goalkeeping
56,Steven Benda,de GER,GK,Swansea City,21,1998,1,1,90,1.0,0.00,0.00,0.00,0.00,0.00,0.00,0.00,0.00,0.00,0.00,0.00,0.00,0.00,Matches,GK,False,steven benda,2020-2021,standard,56,Steven Benda,de GER,GK,21,1998,1.0,0.00,0.00,0.00,,0.00,0.00,,,0.00,0.00,Matches,GK,False,shooting,66,Steven Benda,de GER,GK,21,1998,1,90,90,2.2,1.0,1.00,90,1.00,0.00,,22.0,3.00,2.00,1.00,1.00,+1.00,+0.64,Matches,GK,False,playing_time,56,Steven Benda,de GER,GK,21,1998,1.0,0.00,0.00,0.00,0.00,0.00,0.00,0.00,0.00,0.00,,,0.00,Matches,GK,False,misc,6,Steven Benda,de GER,GK,21,1998,1,1,90,1.0,1.00,1.00,5.00,4.00,80.0,1.00,0.00,0.00,0.00,0.0,0.00,0.00,0.00,0.00,,Matches,GK,False,goalkeeping
63,Daniel Bentley,eng ENG,GK,Bristol City,27,1993,43,43,"3,870",43.0,0.00,0.00,0.00,0.00,0.00,0.00,0.00,0.00,0.00,0.00,0.00,0.00,0.00,Matches,GK,False,daniel bentley,2020-2021,standard,63,Daniel Bentley,eng ENG,GK,27,1993,43.0,0.00,0.00,0.00,,0.00,0.00,,,0.00,0.00,Matches,GK,False,shooting,73,Daniel Bentley,eng ENG,GK,27,1993,43,"3,870",90,93.5,43.0,1.00,90,1.00,0.00,,0.02,1.14,1.00,1.44,-0.44,-0.44,+0.56,Matches,GK,False,playing_time,63,Daniel Bentley,eng ENG,GK,27,1993,43.0,0.00,0.00,0.00,0.02,0.30,0.00,0.00,0.00,0.00,,,0.02,Matches,GK,False,misc,7,Daniel Bentley,eng ENG,GK,27,1993,43,43,"3,870",43.0,1.44,1.44,4.05,2.72,66.7,0.35,0.09,0.56,0.21,20.9,0.12,0.09,0.02,0.00,20.0,Matches,GK,False,goalkeeping
66,Marcus Bettinelli,eng ENG,GK,Middlesbrough,28,1992,41,41,"3,690",41.0,0.00,0.00,0.00,0.00,0.00,0.00,0.07,0.00,0.00,0.00,0.00,0.00,0.00,Matches,GK,False,marcus bettinelli,2020-2021,standard,66,Marcus Bettinelli,eng ENG,GK,28,1992,41.0,0.00,0.00,0.00,,0.00,0.00,,,0.00,0.00,Matches,GK,False,shooting,76,Marcus Bettinelli,eng ENG,GK,28,1992,41,"3,690",90,89.1,41.0,1.00,90,1.00,0.00,,0.12,1.39,1.17,1.10,0.07,+0.07,+0.27,Matches,GK,False,playing_time,66,Marcus Bettinelli,eng ENG,GK,28,1992,41.0,0.07,0.00,0.00,0.02,0.10,0.00,0.00,0.00,0.00,,,0.00,Matches,GK,False,misc,8,Marcus Bettinelli,eng ENG,GK,28,1992,41,41,"3,690",41.0,1.10,1.10,2.88,1.88,65.3,0.39,0.22,0.39,0.32,31.7,0.12,0.10,0.00,0.02,0.0,Matches,GK,False,goalkeeping
68,Bartosz Białkowski,pl POL,GK,Millwall,33,1987,46,46,"4,140",46.0,0.00,0.00,0.00,0.00,0.00,0.00,0.00,0.00,0.00,0.00,0.00,0.00,0.00,Matches,GK,False,bartosz biakowski,2020-2021,standard,68,Bartosz Białkowski,pl POL,GK,33,1987,46.0,0.00,0.00,0.00,,0.00,0.00,,,0.00,0.00,Matches,GK,False,shooting,78,Bartosz Białkowski,pl POL,GK,33,1987,46,"4,140",90,100.0,46.0,1.00,90,1.00,0.00,,0.00,1.35,1.02,1.13,-0.11,-0.11,,Matches,GK,False,playing_time,68,Bartosz Białkowski,pl POL,GK,33,1987,46.0,0.00,0.00,0.00,0.00,0.17,0.00,0.00,0.02,0.00,,,0.00,Matches,GK,False,misc,9,Bartosz Białkowski,pl POL,GK,33,1987,46,46,"4,140",46.0,1.13,1.13,3.65,2.59,70.2,0.33,0.37,0.30,0.37,37.0,0.09,0.04,0.02,0.02,33.3,Matches,GK,False,goalkeeping
75,Jamal Blackman,eng ENG,GK,Rotherham,26,1993,26,25,"2,334",25.9,0.00,0.00,0.00,0.00,0.00,0.00,0.04,0.00,0.00,0.00,0.00,0.00,0.00,Matches,GK,False,jamal blackman,2020-2021,standard,75,Jamal Blackman,eng ENG,GK,26,1993,25.9,0.00,0.00,0.00,,0.00,0.00,,,0.00,0.00,Matches,GK,False,shooting,86,Jamal Blackman,eng ENG,GK,26,1993,26,"2,334",90,56.4,25.9,0.97,90,0.97,0.04,84,0.62,0.77,0.93,1.43,-0.50,-0.50,-0.35,Matches,GK,False,playing_time,75,Jamal Blackman,eng ENG,GK,26,1993,25.9,0.04,0.00,0.00,0.04,0.27,0.00,0.00,0.00,0.04,,,0.00,Matches,GK,False,misc,10,Jamal Blackman,eng ENG,GK,26,1993,26,25,"2,334",25.9,1.43,1.43,3.94,2.74,69.6,0.15,0.31,0.50,0.19,20.0,0.23,0.23,0.00,0.00,0.0,Matches,GK,False,goalkeeping
106,Josef Bursik,eng ENG,GK,Stoke City,20,2000,15,15,"1,350",15.0,0.00,0.00,0.00,0.00,0.00,0.00,0.00,0.00,0.00,0.00,0.00,0.00,0.00,Matches,GK,False,josef bursik,2020-2021,standard,106,Josef Bursik,eng ENG,GK,20,2000,15.0,0.00,0.00,0.00,,0.00,0.00,,,0.00,0.00,Matches,GK,False,shooting,125,Josef Bursik,eng ENG,GK,20,2000,15,"1,350",90,32.6,15.0,1.00,90,1.00,0.00,,0.40,1.27,1.07,1.07,0.00,0.00,+0.06,Matches,GK,False,playing_time,106,Josef Bursik,eng ENG,GK,20,2000,15.0,0.00,0.00,0.00,0.07,0.20,0.00,0.00,0.07,0.00,,,0.00,Matches,GK,False,misc,11,Josef Bursik,eng ENG,GK,20,2000,15,15,"1,350",15.0,1.07,1.07,2.40,1.40,58.3,0.27,0.47,0.27,0.47,46.7,0.07,0.07,0.00,0.00,0.0,Matches,GK,False,goalkeeping
110,Rafael Cabral,br BRA,GK,Reading,30,1990,45,45,"4,050",45.0,0.00,0.00,0.00,0.00,0.00,0.00,0.02,0.00,0.00,0.00,0.00,0.00,0.00,Matches,GK,False,rafael cabral,2020-2021,standard,110,Rafael Cabral,br BRA,GK,30,1990,45.0,0.00,0.00,0.00,,0.00,0.00,,,0.00,0.00,Matches,GK,False,shooting,131,Rafael Cabral,br BRA,GK,30,1990,45,"4,050",90,97.8,45.0,1.00,90,1.00,0.00,,0.00,1.53,1.33,1.16,0.18,+0.18,+0.18,Matches,GK,False,playing_time,110,Rafael Cabral,br BRA,GK,30,1990,45.0,0.02,0.00,0.00,0.00,0.09,0.00,0.00,0.02,0.02,,,0.00,Matches,GK,False,misc,12,Rafael Cabral,br BRA,GK,30,1990,45,45,"4,050",45.0,1.16,1.16,3.29,2.22,66.9,0.42,0.27,0.31,0.38,37.8,0.11,0.07,0.04,0.00,40.0,Matches,GK,False,goalkeeping
122,Joel Castro Pereira,pt POR,GK,Huddersfield,24,1996,2,2,180,2.0,0.00,0.00,0.00,0.00,0.00,0.00,0.00,0.00,0.00,0.00,0.00,0.00,0.00,Matches,GK,False,joel castro pereira,2020-2021,standard,122,Joel Castro Pereira,pt POR,GK,24,1996,2.0,0.00,0.00,0.00,,0.00,0.00,,,0.00,0.00,Matches,GK,False,shooting,146,Joel Castro Pereira,pt POR,GK,24,1996,2,180,90,4.3,2.0,1.00,90,1.00,0.00,,16.5,0.00,1.50,5.50,-4.00,-4.00,-3.70,Matches,GK,False,playing_time,122,Joel Castro Pereira,pt POR,GK,24,1996,2.0,0.00,0.00,0.00,0.00,0.50,0.00,0.00,0.00,0.00,,,0.00,Matches,GK,False,misc,13,Joel Castro Pereira,pt POR,GK,24,1996,2,2,180,2.0,5.50,5.50,9.00,4.00,44.4,0.00,0.00,1.00,0.00,0.0,0.50,0.50,0.00,0.00,0.0,Matches,GK,False,goalkeeping
143,Bradley Collins,eng ENG,GK,Barnsley,23,1997,22,22,"1,980",22.0,0.00,0.00,0.00,0.00,0.00,0.00,0.05,0.00,0.00,0.00,0.00,0.00,0.00,Matches,GK,False,bradley collins,2020-2021,standard,143,Bradley Collins,eng ENG,GK,23,1997,22.0,0.00,0.00,0.00,,0.00,0.00,,,0.00,0.00,Matches,GK,False,shooting,169,Bradley Collins,eng ENG,GK,23,1997,22,"1,980",90,47.8,22.0,1.00,90,1.00,0.00,,0.95,1.88,1.45,0.91,0.55,+0.55,+0.71,Matches,GK,False,playing_time,143,Bradley Collins,eng ENG,GK,23,1997,22.0,0.05,0.00,0.00,0.00,0.14,0.00,0.00,0.00,0.00,,,0.00,Matches,GK,False,misc,14,Bradley Collins,eng ENG,GK,23,1997,22,22,"1,980",22.0,0.91,0.91,2.73,1.82,66.7,0.59,0.23,0.18,0.41,40.9,0.00,0.00,0.00,0.00,,Matches,GK,False,goalkeeping
171,Luke Daniels,eng ENG,GK,Brentford,32,1988,4,4,360,4.0,0.00,0.00,0.00,0.00,0.00,0.00,0.00,0.00,0.00,0.00,0.00,0.00,0.00,Matches,GK,False,luke daniels,2020-2021,standard,171,Luke Daniels,eng ENG,GK,32,1988,4.0,0.00,0.00,0.00,,0.00,0.00,,,0.00,0.00,Matches,GK,False,shooting,201,Luke Daniels,eng ENG,GK,32,1988,4,360,90,8.7,4.0,1.00,90,1.00,0.00,,10.5,1.00,1.50,1.50,0.00,0.00,-0.88,Matches,GK,False,playing_time,171,Luke Daniels,eng ENG,GK,32,1988,4.0,0.00,0.00,0.00,0.00,0.00,0.00,0.00,0.00,0.00,,,0.00,Matches,GK,False,misc,15,Luke Daniels,eng ENG,GK,32,1988,4,4,360,4.0,1.50,1.50,4.25,2.75,64.7,0.25,0.25,0.50,0.25,25.0,0.00,0.00,0.00,0.00,,Matches,GK,False,goalkeeping
176,Adam Davies,wls WAL,GK,Stoke City,28,1992,17,17,"1,485",16.5,0.00,0.00,0.00,0.00,0.00,0.00,0.06,0.00,0.00,0.00,0.00,0.00,0.00,Matches,GK,False,adam davies,2020-2021,standard,176,Adam Davies,wls WAL,GK,28,1992,16.5,0.00,0.00,0.00,,0.00,0.00,,,0.00,0.00,Matches,GK,False,shooting,207,Adam Davies,wls WAL,GK,28,1992,17,"1,485",87,35.9,16.5,1.03,87,0.97,0.00,,0.48,1.41,0.97,0.91,0.06,+0.06,+0.16,Matches,GK,False,playing_time,176,Adam Davies,wls WAL,GK,28,1992,16.5,0.06,0.00,0.00,0.00,0.18,0.00,0.00,0.00,0.00,,,0.00,Matches,GK,False,misc,16,Adam Davies,wls WAL,GK,28,1992,17,17,"1,485",16.5,0.91,0.91,2.79,1.82,67.4,0.36,0.36,0.30,0.48,47.1,0.00,0.00,0.00,0.00,,Matches,GK,False,goalkeeping
179,Cameron Dawson,eng ENG,GK,Sheffield Weds,25,1995,8,8,720,8.0,0.00,0.00,0.00,0.00,0.00,0.00,0.00,0.00,0.00,0.00,0.00,0.00,0.00,Matches,GK,False,cameron dawson,2020-2021,standard,179,Cameron Dawson,eng ENG,GK,25,1995,8.0,0.00,0.00,0.00,,0.00,0.00,,,0.00,0.00,Matches,GK,False,shooting,212,Cameron Dawson,eng ENG,GK,25,1995,8,720,90,17.4,8.0,1.00,90,1.00,0.00,,1.00,1.00,0.63,1.13,-0.50,-0.50,-0.05,Matches,GK,False,playing_time,179,Cameron Dawson,eng ENG,GK,25,1995,8.0,0.00,0.00,0.00,0.13,0.00,0.00,0.00,0.00,0.00,,,0.00,Matches,GK,False,misc,17,Cameron Dawson,eng ENG,GK,25,1995,8,8,720,8.0,1.13,1.13,3.13,2.13,68.0,0.25,0.25,0.50,0.38,37.5,0.13,0.13,0.00,0.00,0.0,Matches,GK,False,goalkeeping
192,Seny Dieng,sn SEN,GK,QPR,25,1994,42,42,"3,747",41.6,0.00,0.00,0.00,0.00,0.00,0.00,0.02,0.02,0.00,0.00,0.00,0.00,0.00,Matches,GK,False,seny dieng,2020-2021,standard,192,Seny Dieng,sn SEN,GK,25,1994,41.6,0.00,0.00,0.00,,0.00,0.00,,,0.00,0.00,Matches,GK,False,shooting,233,Seny Dieng,sn SEN,GK,25,1994,42,"3,747",89,90.5,41.6,1.01,89,0.99,0.00,,0.02,1.40,1.18,1.25,-0.07,-0.07,-1.22,Matches,GK,False,playing_time,192,Seny Dieng,sn SEN,GK,25,1994,41.6,0.02,0.02,0.00,0.02,0.24,0.00,0.00,0.02,0.00,,,0.00,Matches,GK,False,misc,18,Seny Dieng,sn SEN,GK,25,1994,42,42,"3,747",41.6,1.25,1.25,3.94,2.86,72.0,0.38,0.26,0.36,0.26,26.2,0.17,0.14,0.02,0.00,14.3,Matches,GK,False,goalkeeping
214,Neil Etheridge,ph PHI,GK,Birmingham City,30,1990,43,43,"3,870",43.0,0.00,0.00,0.00,0.00,0.00,0.00,0.05,0.00,0.00,0.00,0.00,0.00,0.00,Matches,GK,False,neil etheridge,2020-2021,standard,214,Neil Etheridge,ph PHI,GK,30,1990,43.0,0.00,0.00,0.00,,0.00,0.00,,,0.00,0.00,Matches,GK,False,shooting,262,Neil Etheridge,ph PHI,GK,30,1990,43,"3,870",90,93.5,43.0,1.00,90,1.00,0.00,,0.02,1.14,0.79,1.21,-0.42,-0.42,+1.58,Matches,GK,False,playing_time,214,Neil Etheridge,ph PHI,GK,30,1990,43.0,0.05,0.00,0.00,0.02,0.05,0.00,0.02,0.00,0.05,,,0.02,Matches,GK,False,misc,19,Neil Etheridge,ph PHI,GK,30,1990,43,43,"3,870",43.0,1.21,1.21,3.30,2.30,67.6,0.28,0.30,0.42,0.30,30.2,0.21,0.14,0.07,0.00,33.3,Matches,GK,False,goalkeeping
233,Ben Foster,eng ENG,GK,Watford,37,1983,23,23,"2,070",23.0,0.00,0.00,0.00,0.00,0.00,0.00,0.00,0.00,0.00,0.00,0.00,0.00,0.00,Matches,GK,False,ben foster,2020-2021,standard,233,Ben Foster,eng ENG,GK,37,1983,23.0,0.00,0.00,0.00,,0.00,0.00,,,0.00,0.00,Matches,GK,False,shooting,285,Ben Foster,eng ENG,GK,37,1983,23,"2,070",90,50.0,23.0,1.00,90,1.00,0.00,,0.39,1.74,1.17,0.74,0.43,+0.43,-0.57,Matches,GK,False,playing_time,233,Ben Foster,eng ENG,GK,37,1983,23.0,0.00,0.00,0.00,0.00,0.04,0.00,0.00,0.04,0.09,,,0.00,Matches,GK,False,misc,20,Ben Foster,eng ENG,GK,37,1983,23,23,"2,070",23.0,0.74,0.74,2.65,2.00,73.8,0.48,0.30,0.22,0.43,43.5,0.09,0.04,0.04,0.00,50.0,Matches,GK,False,goalkeeping
274,Angus Gunn,sct SCO,GK,Stoke City,24,1996,15,14,"1,305",14.5,0.00,0.07,0.07,0.00,0.00,0.00,0.14,0.00,0.00,0.07,0.07,0.00,0.07,Matches,GK,False,angus gunn,2020-2021,standard,274,Angus Gunn,sct SCO,GK,24,1996,14.5,0.00,0.00,0.00,,0.00,0.00,,,0.00,0.00,Matches,GK,False,shooting,334,Angus Gunn,sct SCO,GK,24,1996,15,"1,305",87,31.5,14.5,0.97,90,0.97,0.07,45,0.48,1.13,1.24,1.45,-0.21,-0.21,-0.24,Matches,GK,False,playing_time,274,Angus Gunn,sct SCO,GK,24,1996,14.5,0.14,0.00,0.00,0.14,0.07,0.00,0.00,0.14,0.00,,,0.00,Matches,GK,False,misc,21,Angus Gunn,sct SCO,GK,24,1996,15,14,"1,305",14.5,1.45,1.45,3.45,2.21,64.0,0.34,0.14,0.48,0.41,42.9,0.21,0.21,0.00,0.00,0.0,Matches,GK,False,goalkeeping
282,Ben Hamer,eng ENG,GK,Huddersfield,32,1987,15,15,"1,305",14.5,0.00,0.00,0.00,0.00,0.00,0.00,0.14,0.00,0.00,0.00,0.00,0.00,0.00,Matches,GK,False,ben hamer,2020-2021,standard,282,Ben Hamer,eng ENG,GK,32,1987,14.5,0.00,0.00,0.00,,0.00,0.00,,,0.00,0.00,Matches,GK,False,shooting,343,Ben Hamer,eng ENG,GK,32,1987,15,"1,305",87,31.5,14.5,1.03,87,0.97,0.00,,0.21,1.33,1.10,1.31,-0.21,-0.21,+0.36,Matches,GK,False,playing_time,282,Ben Hamer,eng ENG,GK,32,1987,14.5,0.14,0.00,0.00,0.07,0.34,0.00,0.00,0.14,0.00,,,0.00,Matches,GK,False,misc,22,Ben Hamer,eng ENG,GK,32,1987,15,15,"1,305",14.5,1.31,1.31,3.72,2.48,66.7,0.41,0.14,0.48,0.34,33.3,0.07,0.07,0.00,0.00,0.0,Matches,GK,False,goalkeeping
327,Daniel Iversen,dk DEN,GK,Preston,23,1997,23,23,"2,070",23.0,0.00,0.00,0.00,0.00,0.00,0.00,0.00,0.00,0.00,0.00,0.00,0.00,0.00,Matches,GK,False,daniel iversen,2020-2021,standard,327,Daniel Iversen,dk DEN,GK,23,1997,23.0,0.00,0.00,0.00,,0.00,0.00,,,0.00,0.00,Matches,GK,False,shooting,397,Daniel Iversen,dk DEN,GK,23,1997,23,"2,070",90,50.0,23.0,1.00,90,1.00,0.00,,0.00,1.26,0.83,1.09,-0.26,-0.26,-0.22,Matches,GK,False,playing_time,327,Daniel Iversen,dk DEN,GK,23,1997,23.0,0.00,0.00,0.00,0.00,0.13,0.00,0.00,0.04,0.00,,,0.04,Matches,GK,False,misc,23,Daniel Iversen,dk DEN,GK,23,1997,23,23,"2,070",23.0,1.09,1.09,3.74,2.74,74.4,0.35,0.22,0.43,0.39,39.1,0.17,0.13,0.00,0.04,0.0,Matches,GK,False,goalkeeping
335,Zach Jeacock,eng ENG,GK,Birmingham City,19,2001,2,2,180,2.0,0.00,0.00,0.00,0.00,0.00,0.00,0.00,0.00,0.00,0.00,0.00,0.00,0.00,Matches,GK,False,zach jeacock,2020-2021,standard,335,Zach Jeacock,eng ENG,GK,19,2001,2.0,0.00,0.00,0.00,,0.00,0.00,,,0.00,0.00,Matches,GK,False,shooting,406,Zach Jeacock,eng ENG,GK,19,2001,2,180,90,4.3,2.0,1.00,90,1.00,0.00,,1.00,1.50,0.50,2.00,-1.50,-1.50,-1.02,Matches,GK,False,playing_time,335,Zach Jeacock,eng ENG,GK,19,2001,2.0,0.00,0.00,0.00,0.00,0.50,0.00,0.00,0.00,0.00,,,0.00,Matches,GK,False,misc,24,Zach Jeacock,eng ENG,GK,19,2001,2,2,180,2.0,2.00,2.00,5.50,3.50,63.6,0.50,0.00,0.50,0.50,50.0,0.00,0.00,0.00,0.00,,Matches,GK,False,goalkeeping
342,Viktor Johansson,se SWE,GK,Rotherham,21,1998,21,21,"1,806",20.1,0.00,0.00,0.00,0.00,0.00,0.00,0.00,0.00,0.00,0.00,0.00,0.00,0.00,Matches,GK,False,viktor johansson,2020-2021,standard,342,Viktor Johansson,se SWE,GK,21,1998,20.1,0.00,0.00,0.00,,0.00,0.00,,,0.00,0.00,Matches,GK,False,shooting,413,Viktor Johansson,se SWE,GK,21,1998,21,"1,806",86,43.6,20.1,1.04,86,1.00,0.00,,1.14,1.05,1.00,1.14,-0.15,-0.15,+0.35,Matches,GK,False,playing_time,342,Viktor Johansson,se SWE,GK,21,1998,20.1,0.00,0.00,0.00,0.00,0.40,0.00,0.00,0.10,0.05,,,0.00,Matches,GK,False,misc,25,Viktor Johansson,se SWE,GK,21,1998,21,21,"1,806",20.1,1.14,1.15,3.83,2.69,70.1,0.35,0.05,0.65,0.20,19.0,0.00,0.00,0.00,0.00,,Matches,GK,False,goalkeeping
357,Thomas Kaminski,be BEL,GK,Blackburn,27,1992,43,43,"3,870",43.0,0.00,0.00,0.00,0.00,0.00,0.00,0.09,0.00,0.00,0.00,0.00,0.00,0.00,Matches,GK,False,thomas kaminski,2020-2021,standard,357,Thomas Kaminski,be BEL,GK,27,1992,43.0,0.00,0.00,0.00,,0.00,0.00,,,0.00,0.00,Matches,GK,False,shooting,431,Thomas Kaminski,be BEL,GK,27,1992,43,"3,870",90,93.5,43.0,1.00,90,1.00,0.00,,0.00,1.30,1.47,1.12,0.35,+0.35,+1.68,Matches,GK,False,playing_time,357,Thomas Kaminski,be BEL,GK,27,1992,43.0,0.09,0.00,0.00,0.09,0.12,0.00,0.00,0.00,0.05,,,0.00,Matches,GK,False,misc,26,Thomas Kaminski,be BEL,GK,27,1992,43,43,"3,870",43.0,1.12,1.12,3.33,2.30,69.2,0.35,0.26,0.40,0.23,23.3,0.09,0.09,0.00,0.00,0.0,Matches,GK,False,goalkeeping
378,Tim Krul,nl NED,GK,Norwich City,32,1988,36,36,"3,189",35.4,0.00,0.00,0.00,0.00,0.00,0.00,0.06,0.00,0.00,0.00,0.00,0.00,0.00,Matches,GK,False,tim krul,2020-2021,standard,378,Tim Krul,nl NED,GK,32,1988,35.4,0.00,0.00,0.00,,0.00,0.00,,,0.00,0.00,Matches,GK,False,shooting,456,Tim Krul,nl NED,GK,32,1988,36,"3,189",89,77.0,35.4,1.02,89,0.99,0.00,,0.00,2.14,1.67,0.65,1.02,+1.02,+0.73,Matches,GK,False,playing_time,378,Tim Krul,nl NED,GK,32,1988,35.4,0.06,0.00,0.00,0.00,0.25,0.00,0.00,0.03,0.06,,,0.00,Matches,GK,False,misc,27,Tim Krul,nl NED,GK,32,1988,36,36,"3,189",35.4,0.65,0.65,3.11,2.54,80.0,0.65,0.23,0.14,0.48,47.2,0.14,0.03,0.06,0.06,66.7,Matches,GK,False,goalkeeping
400,Joe Lumley,eng ENG,GK,QPR,25,1995,5,4,391,4.3,0.00,0.00,0.00,0.00,0.00,0.00,0.23,0.00,0.00,0.00,0.00,0.00,0.00,Matches,GK,False,joe lumley,2020-2021,standard,400,Joe Lumley,eng ENG,GK,25,1995,4.3,0.00,0.00,0.00,,0.00,0.00,,,0.00,0.00,Matches,GK,False,shooting,483,Joe Lumley,eng ENG,GK,25,1995,5,391,78,9.4,4.3,0.93,90,0.93,0.23,31,4.19,2.40,1.86,0.70,1.16,+1.15,+1.22,Matches,GK,False,playing_time,400,Joe Lumley,eng ENG,GK,25,1995,4.3,0.23,0.00,0.00,0.00,0.47,0.00,0.00,0.00,0.00,,,0.00,Matches,GK,False,misc,28,Joe Lumley,eng ENG,GK,25,1995,5,4,391,4.3,0.70,0.69,3.02,2.33,76.9,0.70,0.00,0.23,0.70,75.0,0.00,0.00,0.00,0.00,,Matches,GK,False,goalkeeping
412,Marko Maroši,sk SVK,GK,Coventry City,26,1993,20,20,"1,799",20.0,0.00,0.00,0.00,0.00,0.00,0.00,0.10,0.00,0.00,0.00,0.00,0.00,0.00,Matches,GK,False,marko marosi,2020-2021,standard,412,Marko Maroši,sk SVK,GK,26,1993,20.0,0.00,0.00,0.00,,0.00,0.00,,,0.00,0.00,Matches,GK,False,shooting,499,Marko Maroši,sk SVK,GK,26,1993,20,"1,799",90,43.5,20.0,1.00,90,0.95,0.00,,0.75,0.95,1.25,1.85,-0.60,-0.60,-0.60,Matches,GK,False,playing_time,412,Marko Maroši,sk SVK,GK,26,1993,20.0,0.10,0.00,0.00,0.00,0.15,0.00,0.00,0.05,0.00,,,0.00,Matches,GK,False,misc,29,Marko Maroši,sk SVK,GK,26,1993,20,20,"1,799",20.0,1.85,1.85,4.55,2.90,63.7,0.25,0.20,0.55,0.20,20.0,0.20,0.20,0.00,0.00,0.0,Matches,GK,False,goalkeeping
415,David Marshall,sct SCO,GK,Derby County,35,1985,33,33,"2,921",32.5,0.00,0.00,0.00,0.00,0.00,0.00,0.00,0.00,0.00,0.00,0.00,0.00,0.00,Matches,GK,False,david marshall,2020-2021,standard,415,David Marshall,sct SCO,GK,35,1985,32.5,0.00,0.00,0.00,,0.00,0.00,,,0.00,0.00,Matches,GK,False,shooting,502,David Marshall,sct SCO,GK,35,1985,33,"2,921",89,70.6,32.5,1.02,89,0.98,0.00,,0.18,1.03,0.77,1.23,-0.46,-0.46,+0.05,Matches,GK,False,playing_time,415,David Marshall,sct SCO,GK,35,1985,32.5,0.00,0.00,0.00,0.00,0.12,0.00,0.00,0.00,0.03,,,0.00,Matches,GK,False,misc,30,David Marshall,sct SCO,GK,35,1985,33,33,"2,921",32.5,1.23,1.23,3.51,2.31,65.8,0.28,0.22,0.52,0.28,27.3,0.06,0.03,0.00,0.03,0.0,Matches,GK,False,goalkeeping
434,Michael McGovern,nir NIR,GK,Norwich City,36,1984,10,9,816,9.1,0.00,0.00,0.00,0.00,0.00,0.00,0.00,0.00,0.00,0.00,0.00,0.00,0.00,Matches,GK,False,michael mcgovern,2020-2021,standard,434,Michael McGovern,nir NIR,GK,36,1984,9.1,0.00,0.00,0.00,,0.00,0.00,,,0.00,0.00,Matches,GK,False,shooting,524,Michael McGovern,nir NIR,GK,36,1984,10,816,82,19.7,9.1,0.99,85,0.88,0.11,51,1.32,2.00,1.43,1.21,0.22,+0.22,-0.78,Matches,GK,False,playing_time,434,Michael McGovern,nir NIR,GK,36,1984,9.1,0.00,0.00,0.00,0.00,0.33,0.00,0.00,0.00,0.00,,,0.00,Matches,GK,False,misc,31,Michael McGovern,nir NIR,GK,36,1984,10,9,816,9.1,1.21,1.21,3.52,2.42,68.8,0.55,0.22,0.22,0.11,11.1,0.11,0.11,0.00,0.00,0.0,Matches,GK,False,goalkeeping
487,Max O'Leary,ie IRL,GK,Bristol City,23,1996,3,3,270,3.0,0.00,0.00,0.00,0.00,0.00,0.00,0.00,0.00,0.00,0.00,0.00,0.00,0.00,Matches,GK,False,max o'leary,2020-2021,standard,487,Max O'Leary,ie IRL,GK,23,1996,3.0,0.00,0.00,0.00,,0.00,0.00,,,0.00,0.00,Matches,GK,False,shooting,584,Max O'Leary,ie IRL,GK,23,1996,3,270,90,6.5,3.0,1.00,90,1.00,0.00,,14.3,0.67,1.00,2.00,-1.00,-1.00,-0.56,Matches,GK,False,playing_time,487,Max O'Leary,ie IRL,GK,23,1996,3.0,0.00,0.00,0.00,0.00,0.00,0.00,0.00,0.00,0.00,,,0.00,Matches,GK,False,misc,32,Max O'Leary,ie IRL,GK,23,1996,3,3,270,3.0,2.00,2.00,5.67,4.00,70.6,0.00,0.67,0.33,0.33,33.3,0.33,0.33,0.00,0.00,0.0,Matches,GK,False,goalkeeping
517,Aynsley Pears,eng ENG,GK,Blackburn,22,1998,3,3,270,3.0,0.00,0.00,0.00,0.00,0.00,0.00,0.00,0.00,0.00,0.00,0.00,0.00,0.00,Matches,GK,False,aynsley pears,2020-2021,standard,517,Aynsley Pears,eng ENG,GK,22,1998,3.0,0.00,0.00,0.00,,0.00,0.00,,,0.00,0.00,Matches,GK,False,shooting,620,Aynsley Pears,eng ENG,GK,22,1998,3,270,90,6.5,3.0,1.00,90,1.00,0.00,,12.3,0.33,0.67,2.00,-1.33,-1.33,-1.68,Matches,GK,False,playing_time,517,Aynsley Pears,eng ENG,GK,22,1998,3.0,0.00,0.00,0.00,0.00,0.33,0.00,0.00,0.00,0.00,,,0.00,Matches,GK,False,misc,33,Aynsley Pears,eng ENG,GK,22,1998,3,3,270,3.0,2.00,2.00,3.67,1.67,45.5,0.00,0.33,0.67,0.33,33.3,0.00,0.00,0.00,0.00,,Matches,GK,False,goalkeeping
528,Dillon Phillips,eng ENG,GK,Cardiff City,25,1995,16,15,"1,430",15.9,0.00,0.00,0.00,0.00,0.00,0.00,0.06,0.00,0.00,0.00,0.00,0.00,0.00,Matches,GK,False,dillon phillips,2020-2021,standard,528,Dillon Phillips,eng ENG,GK,25,1995,15.9,0.00,0.00,0.00,,0.00,0.00,,,0.00,0.00,Matches,GK,False,shooting,633,Dillon Phillips,eng ENG,GK,25,1995,16,"1,430",89,34.5,15.9,0.94,90,0.94,0.06,80,1.64,1.94,1.70,0.82,0.88,+0.88,+0.78,Matches,GK,False,playing_time,528,Dillon Phillips,eng ENG,GK,25,1995,15.9,0.06,0.00,0.00,0.00,0.13,0.00,0.00,0.00,0.00,,,0.00,Matches,GK,False,misc,34,Dillon Phillips,eng ENG,GK,25,1995,16,15,"1,430",15.9,0.82,0.82,2.96,2.26,72.3,0.50,0.25,0.19,0.50,53.3,0.19,0.00,0.13,0.06,100.0,Matches,GK,False,goalkeeping
547,David Raya,es ESP,GK,Brentford,24,1995,42,42,"3,780",42.0,0.00,0.00,0.00,0.00,0.00,0.00,0.02,0.00,0.00,0.00,0.00,0.00,0.00,Matches,GK,False,david raya,2020-2021,standard,547,David Raya,es ESP,GK,24,1995,42.0,0.00,0.00,0.00,,0.00,0.00,,,0.00,0.00,Matches,GK,False,shooting,657,David Raya,es ESP,GK,24,1995,42,"3,780",90,91.3,42.0,1.00,90,1.00,0.00,,0.07,1.98,1.74,0.86,0.88,+0.88,+0.88,Matches,GK,False,playing_time,547,David Raya,es ESP,GK,24,1995,42.0,0.02,0.00,0.00,0.02,0.17,0.00,0.00,0.00,0.00,,,0.02,Matches,GK,False,misc,35,David Raya,es ESP,GK,24,1995,42,42,"3,780",42.0,0.86,0.86,2.95,2.17,74.2,0.55,0.33,0.12,0.38,38.1,0.10,0.10,0.00,0.00,0.0,Matches,GK,False,goalkeeping
557,Connor Ripley,eng ENG,GK,Preston,27,1993,1,1,90,1.0,0.00,0.00,0.00,0.00,0.00,0.00,0.00,0.00,0.00,0.00,0.00,0.00,0.00,Matches,GK,False,connor ripley,2020-2021,standard,557,Connor Ripley,eng ENG,GK,27,1993,1.0,0.00,0.00,0.00,,0.00,0.00,,,0.00,0.00,Matches,GK,False,shooting,667,Connor Ripley,eng ENG,GK,27,1993,1,90,90,2.2,1.0,1.00,90,1.00,0.00,,40.0,0.00,0.00,1.00,-1.00,-1.00,-0.87,Matches,GK,False,playing_time,557,Connor Ripley,eng ENG,GK,27,1993,1.0,0.00,0.00,0.00,0.00,0.00,0.00,0.00,0.00,0.00,,,0.00,Matches,GK,False,misc,36,Connor Ripley,eng ENG,GK,27,1993,1,1,90,1.0,1.00,1.00,1.00,0.00,0.0,0.00,0.00,1.00,0.00,0.0,0.00,0.00,0.00,0.00,,Matches,GK,False,goalkeeping
570,Kelle Roos,nl NED,GK,Derby County,28,1992,14,13,"1,219",13.5,0.00,0.00,0.00,0.00,0.00,0.00,0.00,0.00,0.00,0.00,0.00,0.00,0.00,Matches,GK,False,kelle roos,2020-2021,standard,570,Kelle Roos,nl NED,GK,28,1992,13.5,0.00,0.00,0.00,,0.00,0.00,,,0.00,0.00,Matches,GK,False,shooting,681,Kelle Roos,nl NED,GK,28,1992,14,"1,219",87,29.4,13.5,0.96,90,0.96,0.07,49,2.37,0.79,0.81,1.33,-0.52,-0.52,-0.05,Matches,GK,False,playing_time,570,Kelle Roos,nl NED,GK,28,1992,13.5,0.00,0.00,0.00,0.00,0.07,0.00,0.00,0.00,0.00,,,0.00,Matches,GK,False,misc,37,Kelle Roos,nl NED,GK,28,1992,14,13,"1,219",13.5,1.33,1.33,3.26,2.00,61.4,0.15,0.30,0.52,0.22,23.1,0.07,0.07,0.00,0.00,0.0,Matches,GK,False,goalkeeping
576,Declan Rudd,eng ENG,GK,Preston,29,1991,22,22,"1,980",22.0,0.00,0.00,0.00,0.00,0.00,0.00,0.00,0.00,0.00,0.00,0.00,0.00,0.00,Matches,GK,False,declan rudd,2020-2021,standard,576,Declan Rudd,eng ENG,GK,29,1991,22.0,0.00,0.00,0.00,,0.00,0.00,,,0.00,0.00,Matches,GK,False,shooting,688,Declan Rudd,eng ENG,GK,29,1991,22,"1,980",90,47.8,22.0,1.00,90,1.00,0.00,,0.00,1.45,1.36,1.36,0.00,0.00,+0.29,Matches,GK,False,playing_time,576,Declan Rudd,eng ENG,GK,29,1991,22.0,0.00,0.00,0.00,0.00,0.23,0.00,0.00,0.14,0.05,,,0.00,Matches,GK,False,misc,38,Declan Rudd,eng ENG,GK,29,1991,22,22,"1,980",22.0,1.36,1.36,3.45,2.27,65.8,0.45,0.09,0.45,0.32,31.8,0.18,0.18,0.00,0.00,0.0,Matches,GK,False,goalkeeping
580,Brice Samba,fr FRA,GK,Nottingham,26,1994,45,45,"4,050",45.0,0.00,0.00,0.00,0.00,0.00,0.00,0.09,0.00,0.00,0.00,0.00,0.00,0.00,Matches,GK,False,brice samba,2020-2021,standard,580,Brice Samba,fr FRA,GK,26,1994,45.0,0.00,0.00,0.00,,0.00,0.00,,,0.00,0.00,Matches,GK,False,shooting,693,Brice Samba,fr FRA,GK,26,1994,45,"4,050",90,97.8,45.0,1.00,90,1.00,0.00,,0.00,1.16,0.82,0.96,-0.13,-0.13,+1.87,Matches,GK,False,playing_time,580,Brice Samba,fr FRA,GK,26,1994,45.0,0.09,0.00,0.00,0.02,0.20,0.00,0.00,0.02,0.00,,,0.00,Matches,GK,False,misc,39,Brice Samba,fr FRA,GK,26,1994,45,45,"4,050",45.0,0.96,0.96,3.36,2.53,74.8,0.27,0.36,0.38,0.31,31.1,0.13,0.11,0.02,0.00,16.7,Matches,GK,False,goalkeeping
592,Ryan Schofield,eng ENG,GK,Huddersfield,20,1999,30,29,"2,655",29.5,0.00,0.00,0.00,0.00,0.00,0.00,0.07,0.00,0.00,0.00,0.00,0.00,0.00,Matches,GK,False,ryan schofield,2020-2021,standard,592,Ryan Schofield,eng ENG,GK,20,1999,29.5,0.00,0.00,0.00,,0.00,0.00,,,0.00,0.00,Matches,GK,False,shooting,706,Ryan Schofield,eng ENG,GK,20,1999,30,"2,655",89,64.1,29.5,0.98,90,0.98,0.03,45,0.14,0.97,1.05,1.39,-0.34,-0.34,+0.33,Matches,GK,False,playing_time,592,Ryan Schofield,eng ENG,GK,20,1999,29.5,0.07,0.00,0.00,0.03,0.20,0.00,0.00,0.03,0.03,,,0.00,Matches,GK,False,misc,40,Ryan Schofield,eng ENG,GK,20,1999,30,29,"2,655",29.5,1.39,1.39,4.10,2.88,70.2,0.20,0.37,0.41,0.24,24.1,0.17,0.17,0.00,0.00,0.0,Matches,GK,False,goalkeeping
601,James Shea,eng ENG,GK,Luton Town,29,1991,7,7,630,7.0,0.00,0.00,0.00,0.00,0.00,0.00,0.14,0.00,0.00,0.00,0.00,0.00,0.00,Matches,GK,False,james shea,2020-2021,standard,601,James Shea,eng ENG,GK,29,1991,7.0,0.00,0.00,0.00,,0.00,0.00,,,0.00,0.00,Matches,GK,False,shooting,715,James Shea,eng ENG,GK,29,1991,7,630,90,15.2,7.0,1.00,90,1.00,0.00,,5.29,1.14,1.00,0.86,0.14,+0.14,+0.45,Matches,GK,False,playing_time,601,James Shea,eng ENG,GK,29,1991,7.0,0.14,0.00,0.00,0.14,0.29,0.00,0.00,0.00,0.00,,,0.00,Matches,GK,False,misc,41,James Shea,eng ENG,GK,29,1991,7,7,630,7.0,0.86,0.86,2.29,1.57,68.8,0.29,0.29,0.43,0.43,42.9,0.14,0.14,0.00,0.00,0.0,Matches,GK,False,goalkeeping
615,Simon Sluga,hr CRO,GK,Luton Town,27,1993,39,39,"3,510",39.0,0.00,0.00,0.00,0.00,0.00,0.00,0.03,0.00,0.00,0.00,0.00,0.00,0.00,Matches,GK,False,simon sluga,2020-2021,standard,615,Simon Sluga,hr CRO,GK,27,1993,39.0,0.00,0.03,0.03,100.0,0.03,0.03,0.00,0.00,0.00,0.00,Matches,GK,False,shooting,732,Simon Sluga,hr CRO,GK,27,1993,39,"3,510",90,84.8,39.0,1.00,90,1.00,0.00,,0.05,1.38,0.87,1.18,-0.31,-0.31,-0.45,Matches,GK,False,playing_time,615,Simon Sluga,hr CRO,GK,27,1993,39.0,0.03,0.00,0.00,0.00,0.13,0.00,0.00,0.05,0.03,,,0.00,Matches,GK,False,misc,42,Simon Sluga,hr CRO,GK,27,1993,39,39,"3,510",39.0,1.18,1.18,3.51,2.44,68.6,0.38,0.23,0.38,0.31,30.8,0.10,0.08,0.03,0.00,25.0,Matches,GK,False,goalkeeping
617,Jordan Smith,eng ENG,GK,Nottingham,25,1994,1,1,90,1.0,0.00,0.00,0.00,0.00,0.00,0.00,0.00,0.00,0.00,0.00,0.00,0.00,0.00,Matches,GK,False,jordan smith,2020-2021,standard,617,Jordan Smith,eng ENG,GK,25,1994,1.0,0.00,0.00,0.00,,0.00,0.00,,,0.00,0.00,Matches,GK,False,shooting,734,Jordan Smith,eng ENG,GK,25,1994,1,90,90,2.2,1.0,1.00,90,1.00,0.00,,45.0,0.00,0.00,2.00,-2.00,-2.00,-1.87,Matches,GK,False,playing_time,617,Jordan Smith,eng ENG,GK,25,1994,1.0,0.00,0.00,0.00,0.00,0.00,0.00,0.00,0.00,0.00,,,0.00,Matches,GK,False,misc,43,Jordan Smith,eng ENG,GK,25,1994,1,1,90,1.0,2.00,2.00,7.00,5.00,71.4,0.00,0.00,1.00,0.00,0.0,0.00,0.00,0.00,0.00,,Matches,GK,False,goalkeeping
622,Alex Smithies,eng ENG,GK,Cardiff City,30,1990,31,31,"2,710",30.1,0.00,0.00,0.00,0.00,0.00,0.00,0.00,0.00,0.00,0.00,0.00,0.00,0.00,Matches,GK,False,alex smithies,2020-2021,standard,622,Alex Smithies,eng ENG,GK,30,1990,30.1,0.00,0.00,0.00,,0.00,0.00,,,0.00,0.00,Matches,GK,False,shooting,740,Alex Smithies,eng ENG,GK,30,1990,31,"2,710",87,65.5,30.1,1.03,87,1.00,0.00,,0.43,1.29,1.30,1.20,0.10,+0.10,-0.78,Matches,GK,False,playing_time,622,Alex Smithies,eng ENG,GK,30,1990,30.1,0.00,0.00,0.00,0.00,0.20,0.00,0.00,0.03,0.00,,,0.00,Matches,GK,False,misc,44,Alex Smithies,eng ENG,GK,30,1990,31,31,"2,710",30.1,1.20,1.20,3.79,2.66,69.3,0.33,0.33,0.37,0.27,25.8,0.07,0.03,0.03,0.00,50.0,Matches,GK,False,goalkeeping
626,Luke Southwood,nir NIR,GK,Reading,22,1997,1,1,90,1.0,0.00,0.00,0.00,0.00,0.00,0.00,0.00,0.00,0.00,0.00,0.00,0.00,0.00,Matches,GK,False,luke southwood,2020-2021,standard,626,Luke Southwood,nir NIR,GK,22,1997,1.0,0.00,0.00,0.00,,0.00,0.00,,,0.00,0.00,Matches,GK,False,shooting,744,Luke Southwood,nir NIR,GK,22,1997,1,90,90,2.2,1.0,1.00,90,1.00,0.00,,38.0,1.00,2.00,2.00,0.00,0.00,-0.18,Matches,GK,False,playing_time,626,Luke Southwood,nir NIR,GK,22,1997,1.0,0.00,0.00,0.00,0.00,0.00,0.00,0.00,0.00,0.00,,,0.00,Matches,GK,False,misc,45,Luke Southwood,nir NIR,GK,22,1997,1,1,90,1.0,2.00,2.00,4.00,2.00,50.0,0.00,1.00,0.00,0.00,0.0,0.00,0.00,0.00,0.00,,Matches,GK,False,goalkeeping
637,David Stockdale,eng ENG,GK,Wycombe,34,1985,17,17,"1,530",17.0,0.00,0.00,0.00,0.00,0.00,0.00,0.06,0.00,0.00,0.00,0.00,0.00,0.00,Matches,GK,False,david stockdale,2020-2021,standard,637,David Stockdale,eng ENG,GK,34,1985,17.0,0.00,0.24,0.00,0.0,0.24,0.00,0.00,,0.00,0.00,Matches,GK,False,shooting,758,David Stockdale,eng ENG,GK,34,1985,17,"1,530",90,37.0,17.0,1.00,90,1.00,0.00,,1.29,1.41,1.00,1.06,-0.06,-0.06,+0.94,Matches,GK,False,playing_time,637,David Stockdale,eng ENG,GK,34,1985,17.0,0.06,0.00,0.00,0.00,0.24,0.00,0.00,0.12,0.00,,,0.00,Matches,GK,False,misc,46,David Stockdale,eng ENG,GK,34,1985,17,17,"1,530",17.0,1.06,1.06,3.35,2.41,71.9,0.41,0.18,0.41,0.47,47.1,0.18,0.12,0.00,0.06,0.0,Matches,GK,False,goalkeeping
668,Mark Travers,ie IRL,GK,Bournemouth,21,1999,1,1,90,1.0,0.00,0.00,0.00,0.00,0.00,0.00,0.00,0.00,0.00,0.00,0.00,0.00,0.00,Matches,GK,False,mark travers,2020-2021,standard,668,Mark Travers,ie IRL,GK,21,1999,1.0,0.00,0.00,0.00,,0.00,0.00,,,0.00,0.00,Matches,GK,False,shooting,795,Mark Travers,ie IRL,GK,21,1999,1,90,90,2.2,1.0,1.00,90,1.00,0.00,,39.0,3.00,3.00,2.00,1.00,+1.00,+0.42,Matches,GK,False,playing_time,668,Mark Travers,ie IRL,GK,21,1999,1.0,0.00,0.00,0.00,0.00,0.00,0.00,0.00,0.00,0.00,,,0.00,Matches,GK,False,misc,47,Mark Travers,ie IRL,GK,21,1999,1,1,90,1.0,2.00,2.00,2.00,0.00,0.0,1.00,0.00,0.00,0.00,0.0,0.00,0.00,0.00,0.00,,Matches,GK,False,goalkeeping
671,Connal Trueman,eng ENG,GK,Birmingham City,24,1996,1,1,90,1.0,0.00,0.00,0.00,0.00,0.00,0.00,0.00,0.00,0.00,0.00,0.00,0.00,0.00,Matches,GK,False,connal trueman,2020-2021,standard,671,Connal Trueman,eng ENG,GK,24,1996,1.0,0.00,0.00,0.00,,0.00,0.00,,,0.00,0.00,Matches,GK,False,shooting,798,Connal Trueman,eng ENG,GK,24,1996,1,90,90,2.2,1.0,1.00,90,1.00,0.00,,6.00,0.00,2.00,5.00,-3.00,-3.00,-2.53,Matches,GK,False,playing_time,671,Connal Trueman,eng ENG,GK,24,1996,1.0,0.00,0.00,0.00,0.00,0.00,0.00,0.00,0.00,0.00,,,0.00,Matches,GK,False,misc,48,Connal Trueman,eng ENG,GK,24,1996,1,1,90,1.0,5.00,5.00,7.00,3.00,42.9,0.00,0.00,1.00,0.00,0.0,1.00,1.00,0.00,0.00,0.0,Matches,GK,False,goalkeeping
690,Jack Walton,eng ENG,GK,Barnsley,22,1998,24,24,"2,160",24.0,0.00,0.00,0.00,0.00,0.00,0.00,0.04,0.00,0.00,0.00,0.00,0.00,0.00,Matches,GK,False,jack walton,2020-2021,standard,690,Jack Walton,eng ENG,GK,22,1998,24.0,0.00,0.00,0.00,,0.00,0.00,,,0.00,0.00,Matches,GK,False,shooting,821,Jack Walton,eng ENG,GK,22,1998,24,"2,160",90,52.2,24.0,1.00,90,1.00,0.00,,0.92,1.42,1.08,1.25,-0.17,-0.17,-0.71,Matches,GK,False,playing_time,690,Jack Walton,eng ENG,GK,22,1998,24.0,0.04,0.00,0.00,0.04,0.33,0.00,0.00,0.00,0.04,,,0.00,Matches,GK,False,misc,49,Jack Walton,eng ENG,GK,22,1998,24,24,"2,160",24.0,1.25,1.25,3.38,2.25,66.7,0.42,0.17,0.42,0.21,20.8,0.13,0.13,0.00,0.00,0.0,Matches,GK,False,goalkeeping
699,Keiren Westwood,ie IRL,GK,Sheffield Weds,35,1984,20,20,"1,723",19.1,0.00,0.00,0.00,0.00,0.00,0.00,0.00,0.00,0.00,0.00,0.00,0.00,0.00,Matches,GK,False,keiren westwood,2020-2021,standard,699,Keiren Westwood,ie IRL,GK,35,1984,19.1,0.00,0.00,0.00,,0.00,0.00,,,0.00,0.00,Matches,GK,False,shooting,831,Keiren Westwood,ie IRL,GK,35,1984,20,"1,723",86,41.6,19.1,1.05,86,0.99,0.00,,0.10,1.20,0.94,1.26,-0.31,-0.31,+0.25,Matches,GK,False,playing_time,699,Keiren Westwood,ie IRL,GK,35,1984,19.1,0.00,0.00,0.00,0.05,0.37,0.00,0.00,0.00,0.05,,,0.00,Matches,GK,False,misc,50,Keiren Westwood,ie IRL,GK,35,1984,20,20,"1,723",19.1,1.26,1.25,3.46,2.41,68.2,0.31,0.31,0.42,0.26,25.0,0.21,0.16,0.05,0.00,25.0,Matches,GK,False,goalkeeping
707,Joe Wildsmith,eng ENG,GK,Sheffield Weds,24,1995,19,18,"1,697",18.9,0.00,0.00,0.00,0.00,0.00,0.00,0.11,0.00,0.00,0.00,0.00,0.00,0.00,Matches,GK,False,joe wildsmith,2020-2021,standard,707,Joe Wildsmith,eng ENG,GK,24,1995,18.9,0.00,0.00,0.00,,0.00,0.00,,,0.00,0.00,Matches,GK,False,shooting,839,Joe Wildsmith,eng ENG,GK,24,1995,19,"1,697",89,41.0,18.9,0.95,90,0.95,0.05,77,1.43,0.84,0.90,1.48,-0.58,-0.58,-0.21,Matches,GK,False,playing_time,707,Joe Wildsmith,eng ENG,GK,24,1995,18.9,0.11,0.00,0.00,0.00,0.05,0.00,0.00,0.00,0.00,,,0.00,Matches,GK,False,misc,51,Joe Wildsmith,eng ENG,GK,24,1995,19,18,"1,697",18.9,1.48,1.48,3.54,2.12,59.7,0.21,0.16,0.58,0.26,27.8,0.11,0.05,0.00,0.05,0.0,Matches,GK,False,goalkeeping
717,Ben Wilson,eng ENG,GK,Coventry City,27,1992,27,26,"2,341",26.0,0.00,0.00,0.00,0.00,0.00,0.00,0.04,0.00,0.00,0.00,0.00,0.00,0.00,Matches,GK,False,ben wilson,2020-2021,standard,717,Ben Wilson,eng ENG,GK,27,1992,26.0,0.00,0.00,0.00,,0.00,0.00,,,0.00,0.00,Matches,GK,False,shooting,851,Ben Wilson,eng ENG,GK,27,1992,27,"2,341",87,56.5,26.0,1.00,90,1.00,0.04,1,0.46,1.44,0.92,0.92,0.00,0.00,+0.60,Matches,GK,False,playing_time,717,Ben Wilson,eng ENG,GK,27,1992,26.0,0.04,0.00,0.00,0.12,0.12,0.00,0.00,0.00,0.00,,,0.00,Matches,GK,False,misc,52,Ben Wilson,eng ENG,GK,27,1992,27,26,"2,341",26.0,0.92,0.92,2.50,1.85,73.8,0.35,0.35,0.31,0.38,38.5,0.27,0.27,0.00,0.00,0.0,Matches,GK,False,goalkeeping
725,Freddie Woodman,eng ENG,GK,Swansea City,23,1997,45,45,"4,050",45.0,0.00,0.00,0.00,0.00,0.00,0.00,0.07,0.00,0.00,0.00,0.00,0.00,0.00,Matches,GK,False,freddie woodman,2020-2021,standard,725,Freddie Woodman,eng ENG,GK,23,1997,45.0,0.00,0.00,0.00,,0.00,0.00,,,0.00,0.00,Matches,GK,False,shooting,861,Freddie Woodman,eng ENG,GK,23,1997,45,"4,050",90,97.8,45.0,1.00,90,1.00,0.00,,0.00,1.69,1.20,0.84,0.36,+0.36,-0.64,Matches,GK,False,playing_time,725,Freddie Woodman,eng ENG,GK,23,1997,45.0,0.07,0.00,0.00,0.00,0.13,0.00,0.00,0.00,0.02,,,0.00,Matches,GK,False,misc,53,Freddie Woodman,eng ENG,GK,23,1997,45,45,"4,050",45.0,0.84,0.84,2.93,2.16,72.7,0.49,0.24,0.27,0.44,44.4,0.07,0.04,0.02,0.00,33.3,Matches,GK,False,goalkeeping
13,Ryan Allsop,eng ENG,GK,Derby County,29,1992,30,29,"2,624",29.2,0.00,0.00,0.00,0.00,0.00,0.00,0.10,0.00,0.00,0.00,0.00,0.00,0.00,Matches,GK,False,ryan allsop,2021-2022,standard,13,Ryan Allsop,eng ENG,GK,29,1992,29.2,0.00,0.03,0.00,0.0,0.03,0.00,0.00,,0.00,0.00,Matches,GK,False,shooting,15,Ryan Allsop,eng ENG,GK,29,1992,30,"2,624",87,63.4,29.2,0.99,89,0.96,0.03,33,0.48,1.20,0.99,1.23,-0.24,-0.24,-0.18,Matches,GK,False,playing_time,13,Ryan Allsop,eng ENG,GK,29,1992,29.2,0.10,0.00,0.00,0.00,0.10,0.00,0.00,0.00,0.00,,,0.00,Matches,GK,False,misc,1,Ryan Allsop,eng ENG,GK,29,1992,30,29,"2,624",29.2,1.23,1.23,4.04,2.84,70.3,0.34,0.21,0.45,0.31,31.0,0.03,0.03,0.00,0.00,0.0,Matches,GK,False,goalkeeping
48,Nathan Baxter,eng ENG,GK,Hull City,22,1998,16,16,"1,440",16.0,0.00,0.00,0.00,0.00,0.00,0.00,0.13,0.00,0.00,0.00,0.00,0.00,0.00,Matches,GK,False,nathan baxter,2021-2022,standard,48,Nathan Baxter,eng ENG,GK,22,1998,16.0,0.00,0.00,0.00,,0.00,0.00,,,0.00,0.00,Matches,GK,False,shooting,59,Nathan Baxter,eng ENG,GK,22,1998,16,"1,440",90,34.8,16.0,1.00,90,1.00,0.00,,1.13,1.69,1.31,1.06,0.25,+0.25,+0.82,Matches,GK,False,playing_time,48,Nathan Baxter,eng ENG,GK,22,1998,16.0,0.13,0.00,0.00,0.00,0.19,0.00,0.00,0.00,0.00,,,0.00,Matches,GK,False,misc,2,Nathan Baxter,eng ENG,GK,22,1998,16,16,"1,440",16.0,1.06,1.06,4.94,4.06,82.3,0.50,0.19,0.31,0.44,43.8,0.19,0.19,0.00,0.00,0.0,Matches,GK,False,goalkeeping
56,Steven Benda,de GER,GK,Peterborough,22,1998,9,9,810,9.0,0.00,0.00,0.00,0.00,0.00,0.00,0.00,0.00,0.00,0.00,0.00,0.00,0.00,Matches,GK,False,steven benda,2021-2022,standard,56,Steven Benda,de GER,GK,22,1998,9.0,0.00,0.00,0.00,,0.00,0.00,,,0.00,0.00,Matches,GK,False,shooting,69,Steven Benda,de GER,GK,22,1998,9,810,90,19.6,9.0,1.00,90,1.00,0.00,,0.11,0.22,0.33,2.00,-1.67,-1.67,-0.88,Matches,GK,False,playing_time,56,Steven Benda,de GER,GK,22,1998,9.0,0.00,0.00,0.00,0.00,0.22,0.00,0.00,0.00,0.00,,,0.00,Matches,GK,False,misc,3,Steven Benda,de GER,GK,22,1998,9,9,810,9.0,2.00,2.00,5.22,3.33,63.8,0.00,0.22,0.78,0.11,11.1,0.11,0.11,0.00,0.00,0.0,Matches,GK,False,goalkeeping
57,Steven Benda,de GER,GK,Swansea City,22,1998,5,5,450,5.0,0.00,0.00,0.00,0.00,0.00,0.00,0.20,0.00,0.00,0.00,0.00,0.00,0.00,Matches,GK,False,steven benda,2021-2022,standard,57,Steven Benda,de GER,GK,22,1998,5.0,0.00,0.00,0.00,,0.00,0.00,,,0.00,0.00,Matches,GK,False,shooting,70,Steven Benda,de GER,GK,22,1998,5,450,90,10.9,5.0,1.00,90,1.00,0.00,,3.40,0.80,0.80,1.60,-0.80,-0.80,-0.65,Matches,GK,False,playing_time,57,Steven Benda,de GER,GK,22,1998,5.0,0.20,0.00,0.00,0.40,0.20,0.00,0.00,0.00,0.20,,,0.00,Matches,GK,False,misc,4,Steven Benda,de GER,GK,22,1998,5,5,450,5.0,1.60,1.60,5.40,4.00,74.1,0.20,0.20,0.60,0.40,40.0,0.20,0.20,0.00,0.00,0.0,Matches,GK,False,goalkeeping
61,Daniel Bentley,eng ENG,GK,Bristol City,28,1993,38,37,"3,358",37.3,0.00,0.00,0.00,0.00,0.00,0.00,0.08,0.00,0.00,0.00,0.00,0.00,0.00,Matches,GK,False,daniel bentley,2021-2022,standard,61,Daniel Bentley,eng ENG,GK,28,1993,37.3,0.00,0.00,0.00,,0.00,0.00,,,0.00,0.00,Matches,GK,False,shooting,74,Daniel Bentley,eng ENG,GK,28,1993,38,"3,358",88,81.1,37.3,0.99,90,0.99,0.03,28,0.19,1.18,1.23,1.50,-0.27,-0.27,+0.31,Matches,GK,False,playing_time,61,Daniel Bentley,eng ENG,GK,28,1993,37.3,0.08,0.00,0.00,0.03,0.13,0.00,0.00,0.00,0.00,,,0.03,Matches,GK,False,misc,5,Daniel Bentley,eng ENG,GK,28,1993,38,37,"3,358",37.3,1.50,1.50,4.69,3.35,70.3,0.32,0.24,0.43,0.16,16.2,0.16,0.11,0.05,0.00,33.3,Matches,GK,False,goalkeeping
65,Bartosz Białkowski,pl POL,GK,Millwall,34,1987,46,46,"4,140",46.0,0.00,0.00,0.00,0.00,0.00,0.00,0.02,0.00,0.00,0.00,0.00,0.00,0.00,Matches,GK,False,bartosz biakowski,2021-2022,standard,65,Bartosz Białkowski,pl POL,GK,34,1987,46.0,0.00,0.00,0.00,,0.00,0.00,,,0.00,0.00,Matches,GK,False,shooting,79,Bartosz Białkowski,pl POL,GK,34,1987,46,"4,140",90,100.0,46.0,1.00,90,1.00,0.00,,0.00,1.50,1.15,0.98,0.17,+0.17,,Matches,GK,False,playing_time,65,Bartosz Białkowski,pl POL,GK,34,1987,46.0,0.02,0.00,0.00,0.00,0.22,0.00,0.00,0.02,0.02,,,0.00,Matches,GK,False,misc,6,Bartosz Białkowski,pl POL,GK,34,1987,46,46,"4,140",46.0,0.98,0.98,3.59,2.67,73.9,0.39,0.33,0.28,0.30,30.4,0.09,0.04,0.02,0.02,33.3,Matches,GK,False,goalkeeping
71,Jamal Blackman,eng ENG,GK,Huddersfield,27,1993,1,1,90,1.0,0.00,0.00,0.00,0.00,0.00,0.00,0.00,0.00,0.00,0.00,0.00,0.00,0.00,Matches,GK,False,jamal blackman,2021-2022,standard,71,Jamal Blackman,eng ENG,GK,27,1993,1.0,0.00,0.00,0.00,,0.00,0.00,,,0.00,0.00,Matches,GK,False,shooting,86,Jamal Blackman,eng ENG,GK,27,1993,1,90,90,2.2,1.0,1.00,90,1.00,0.00,,15.0,3.00,2.00,0.00,2.00,+2.00,+1.67,Matches,GK,False,playing_time,71,Jamal Blackman,eng ENG,GK,27,1993,1.0,0.00,0.00,0.00,0.00,0.00,0.00,0.00,0.00,0.00,,,0.00,Matches,GK,False,misc,7,Jamal Blackman,eng ENG,GK,27,1993,1,1,90,1.0,0.00,0.00,3.00,3.00,100.0,1.00,0.00,0.00,1.00,100.0,0.00,0.00,0.00,0.00,,Matches,GK,False,goalkeeping
75,Jack Bonham,ie IRL,GK,Stoke City,27,1993,15,15,"1,350",15.0,0.00,0.00,0.00,0.00,0.00,0.00,0.00,0.00,0.00,0.00,0.00,0.00,0.00,Matches,GK,False,jack bonham,2021-2022,standard,75,Jack Bonham,ie IRL,GK,27,1993,15.0,0.00,0.00,0.00,,0.00,0.00,,,0.00,0.00,Matches,GK,False,shooting,93,Jack Bonham,ie IRL,GK,27,1993,15,"1,350",90,32.6,15.0,1.00,90,1.00,0.00,,0.93,1.20,1.20,1.13,0.07,+0.07,-0.06,Matches,GK,False,playing_time,75,Jack Bonham,ie IRL,GK,27,1993,15.0,0.00,0.00,0.00,0.00,0.13,0.00,0.00,0.00,0.00,,,0.00,Matches,GK,False,misc,8,Jack Bonham,ie IRL,GK,27,1993,15,15,"1,350",15.0,1.13,1.13,3.33,2.33,68.0,0.33,0.20,0.47,0.27,26.7,0.13,0.07,0.07,0.00,50.0,Matches,GK,False,goalkeeping
104,Josef Bursik,eng ENG,GK,Stoke City,21,2000,19,19,"1,710",19.0,0.00,0.00,0.00,0.00,0.00,0.00,0.05,0.00,0.00,0.00,0.00,0.00,0.00,Matches,GK,False,josef bursik,2021-2022,standard,104,Josef Bursik,eng ENG,GK,21,2000,19.0,0.00,0.00,0.00,,0.00,0.00,,,0.00,0.00,Matches,GK,False,shooting,126,Josef Bursik,eng ENG,GK,21,2000,19,"1,710",90,41.3,19.0,1.00,90,1.00,0.00,,0.84,1.58,1.47,1.32,0.16,+0.16,+0.08,Matches,GK,False,playing_time,104,Josef Bursik,eng ENG,GK,21,2000,19.0,0.05,0.00,0.00,0.05,0.05,0.00,0.00,0.00,0.05,,,0.00,Matches,GK,False,misc,9,Josef Bursik,eng ENG,GK,21,2000,19,19,"1,710",19.0,1.32,1.32,3.16,1.89,58.3,0.42,0.32,0.26,0.32,31.6,0.05,0.00,0.05,0.00,100.0,Matches,GK,False,goalkeeping
107,David Button,eng ENG,GK,West Brom,32,1989,10,10,900,10.0,0.00,0.10,0.10,0.00,0.00,0.00,0.00,0.00,0.00,0.10,0.10,0.00,0.10,Matches,GK,False,david button,2021-2022,standard,107,David Button,eng ENG,GK,32,1989,10.0,0.00,0.00,0.00,,0.00,0.00,,,0.00,0.00,Matches,GK,False,shooting,129,David Button,eng ENG,GK,32,1989,10,900,90,21.7,10.0,1.00,90,1.00,0.00,,3.40,1.40,1.20,1.20,0.00,0.00,-0.19,Matches,GK,False,playing_time,107,David Button,eng ENG,GK,32,1989,10.0,0.00,0.00,0.00,0.00,0.20,0.00,0.00,0.00,0.00,,,0.00,Matches,GK,False,misc,10,David Button,eng ENG,GK,32,1989,10,10,900,10.0,1.20,1.20,2.80,1.70,60.7,0.40,0.20,0.40,0.40,40.0,0.10,0.10,0.00,0.00,0.0,Matches,GK,False,goalkeeping
110,Rafael Cabral,br BRA,GK,Reading,31,1990,6,6,540,6.0,0.00,0.00,0.00,0.00,0.00,0.00,0.17,0.00,0.00,0.00,0.00,0.00,0.00,Matches,GK,False,rafael cabral,2021-2022,standard,110,Rafael Cabral,br BRA,GK,31,1990,6.0,0.00,0.00,0.00,,0.00,0.00,,,0.00,0.00,Matches,GK,False,shooting,132,Rafael Cabral,br BRA,GK,31,1990,6,540,90,13.0,6.0,1.00,90,1.00,0.00,,2.67,0.67,1.67,2.67,-1.00,-1.00,-0.32,Matches,GK,False,playing_time,110,Rafael Cabral,br BRA,GK,31,1990,6.0,0.17,0.00,0.00,0.00,0.00,0.00,0.00,0.00,0.00,,,0.00,Matches,GK,False,misc,11,Rafael Cabral,br BRA,GK,31,1990,6,6,540,6.0,2.67,2.67,6.00,3.50,58.3,0.17,0.17,0.67,0.00,0.0,0.17,0.17,0.00,0.00,0.0,Matches,GK,False,goalkeeping
125,Harvey Cartwright,eng ENG,GK,Hull City,19,2002,2,1,114,1.3,0.00,0.00,0.00,0.00,0.00,0.00,0.00,0.00,0.00,0.00,0.00,0.00,0.00,Matches,GK,False,harvey cartwright,2021-2022,standard,125,Harvey Cartwright,eng ENG,GK,19,2002,1.3,0.00,0.00,0.00,,0.00,0.00,,,0.00,0.00,Matches,GK,False,shooting,149,Harvey Cartwright,eng ENG,GK,19,2002,2,114,57,2.8,1.3,0.77,90,0.77,0.77,24,9.23,0.50,0.00,2.31,-2.31,-2.37,-2.14,Matches,GK,False,playing_time,125,Harvey Cartwright,eng ENG,GK,19,2002,1.3,0.00,0.00,0.00,0.00,0.77,0.00,0.00,0.00,0.00,,,0.00,Matches,GK,False,misc,12,Harvey Cartwright,eng ENG,GK,19,2002,2,1,114,1.3,2.31,2.37,5.38,3.08,57.1,0.00,0.00,0.77,0.00,0.0,0.00,0.00,0.00,0.00,,Matches,GK,False,goalkeeping
151,Bradley Collins,eng ENG,GK,Barnsley,24,1997,40,40,"3,533",39.3,0.00,0.00,0.00,0.00,0.00,0.00,0.10,0.00,0.00,0.00,0.00,0.00,0.00,Matches,GK,False,bradley collins,2021-2022,standard,151,Bradley Collins,eng ENG,GK,24,1997,39.3,0.00,0.00,0.00,,0.00,0.00,,,0.00,0.00,Matches,GK,False,shooting,179,Bradley Collins,eng ENG,GK,24,1997,40,"3,533",88,85.3,39.3,1.02,88,0.99,0.00,,0.00,0.73,0.74,1.40,-0.66,-0.66,+1.41,Matches,GK,False,playing_time,151,Bradley Collins,eng ENG,GK,24,1997,39.3,0.10,0.00,0.00,0.05,0.18,0.00,0.00,0.03,0.03,,,0.00,Matches,GK,False,misc,13,Bradley Collins,eng ENG,GK,24,1997,40,40,"3,533",39.3,1.40,1.40,4.45,3.16,69.7,0.15,0.28,0.59,0.18,17.5,0.10,0.05,0.05,0.00,50.0,Matches,GK,False,goalkeeping
164,Murphy Cooper,eng ENG,GK,QPR,19,2001,2,2,180,2.0,0.00,0.00,0.00,0.00,0.00,0.00,0.00,0.00,0.00,0.00,0.00,0.00,0.00,Matches,GK,False,murphy cooper,2021-2022,standard,164,Murphy Cooper,eng ENG,GK,19,2001,2.0,0.00,0.00,0.00,,0.00,0.00,,,0.00,0.00,Matches,GK,False,shooting,193,Murphy Cooper,eng ENG,GK,19,2001,2,180,90,4.3,2.0,1.00,90,1.00,0.00,,5.50,0.00,1.00,2.50,-1.50,-1.50,-1.59,Matches,GK,False,playing_time,164,Murphy Cooper,eng ENG,GK,19,2001,2.0,0.00,0.00,0.00,0.00,0.00,0.00,0.00,0.00,0.00,,,0.00,Matches,GK,False,misc,14,Murphy Cooper,eng ENG,GK,19,2001,2,2,180,2.0,2.50,2.50,7.50,5.00,66.7,0.00,0.00,1.00,0.00,0.0,0.00,0.00,0.00,0.00,,Matches,GK,False,goalkeeping
166,David Cornell,wls WAL,GK,Peterborough,30,1991,30,30,"2,700",30.0,0.00,0.00,0.00,0.00,0.00,0.00,0.07,0.00,0.00,0.00,0.00,0.00,0.00,Matches,GK,False,david cornell,2021-2022,standard,166,David Cornell,wls WAL,GK,30,1991,30.0,0.00,0.00,0.00,,0.00,0.00,,,0.00,0.00,Matches,GK,False,shooting,196,David Cornell,wls WAL,GK,30,1991,30,"2,700",90,65.2,30.0,1.00,90,1.00,0.00,,0.43,1.03,1.10,1.73,-0.63,-0.63,+0.93,Matches,GK,False,playing_time,166,David Cornell,wls WAL,GK,30,1991,30.0,0.07,0.00,0.00,0.00,0.17,0.00,0.00,0.00,0.03,,,0.00,Matches,GK,False,misc,15,David Cornell,wls WAL,GK,30,1991,30,30,"2,700",30.0,1.73,1.73,4.47,2.80,62.7,0.27,0.23,0.50,0.17,16.7,0.10,0.07,0.00,0.03,0.0,Matches,GK,False,goalkeeping
181,Luke Daniels,eng ENG,GK,Middlesbrough,33,1988,12,12,"1,080",12.0,0.00,0.00,0.00,0.00,0.00,0.00,0.08,0.00,0.00,0.00,0.00,0.00,0.00,Matches,GK,False,luke daniels,2021-2022,standard,181,Luke Daniels,eng ENG,GK,33,1988,12.0,0.00,0.00,0.00,,0.00,0.00,,,0.00,0.00,Matches,GK,False,shooting,212,Luke Daniels,eng ENG,GK,33,1988,12,"1,080",90,26.1,12.0,1.00,90,1.00,0.00,,2.75,1.33,1.17,1.33,-0.17,-0.17,-0.49,Matches,GK,False,playing_time,181,Luke Daniels,eng ENG,GK,33,1988,12.0,0.08,0.00,0.00,0.08,0.08,0.00,0.00,0.00,0.00,,,0.08,Matches,GK,False,misc,16,Luke Daniels,eng ENG,GK,33,1988,12,12,"1,080",12.0,1.33,1.33,3.83,2.58,67.4,0.33,0.33,0.33,0.25,25.0,0.08,0.08,0.00,0.00,0.0,Matches,GK,False,goalkeeping
185,Adam Davies,wls WAL,GK,Stoke City,29,1992,12,12,"1,080",12.0,0.00,0.00,0.00,0.00,0.00,0.00,0.25,0.00,0.00,0.00,0.00,0.00,0.00,Matches,GK,False,adam davies,2021-2022,standard,185,Adam Davies,wls WAL,GK,29,1992,12.0,0.00,0.00,0.00,,0.00,0.00,,,0.00,0.00,Matches,GK,False,shooting,216,Adam Davies,wls WAL,GK,29,1992,12,"1,080",90,26.1,12.0,1.00,90,1.00,0.00,,1.08,1.17,0.92,0.83,0.08,+0.08,-0.03,Matches,GK,False,playing_time,185,Adam Davies,wls WAL,GK,29,1992,12.0,0.25,0.00,0.00,0.08,0.17,0.00,0.00,0.00,0.08,,,0.00,Matches,GK,False,misc,17,Adam Davies,wls WAL,GK,29,1992,12,12,"1,080",12.0,0.83,0.83,3.00,2.25,72.2,0.33,0.17,0.50,0.42,41.7,0.08,0.00,0.08,0.00,100.0,Matches,GK,False,goalkeeping
203,Seny Dieng,sn SEN,GK,QPR,26,1994,28,28,"2,475",27.5,0.00,0.00,0.00,0.00,0.00,0.00,0.07,0.00,0.00,0.00,0.00,0.00,0.00,Matches,GK,False,seny dieng,2021-2022,standard,203,Seny Dieng,sn SEN,GK,26,1994,27.5,0.00,0.00,0.00,,0.00,0.00,,,0.00,0.00,Matches,GK,False,shooting,237,Seny Dieng,sn SEN,GK,26,1994,28,"2,475",88,59.8,27.5,1.02,88,0.98,0.00,,0.07,1.71,1.49,1.16,0.33,+0.33,+0.76,Matches,GK,False,playing_time,203,Seny Dieng,sn SEN,GK,26,1994,27.5,0.07,0.00,0.00,0.04,0.11,0.00,0.00,0.00,0.04,,,0.00,Matches,GK,False,misc,18,Seny Dieng,sn SEN,GK,26,1994,28,28,"2,475",27.5,1.16,1.16,3.56,2.47,69.4,0.51,0.22,0.29,0.29,28.6,0.07,0.07,0.00,0.00,0.0,Matches,GK,False,goalkeeping
232,Neil Etheridge,ph PHI,GK,Birmingham City,31,1990,21,21,"1,869",20.8,0.00,0.00,0.00,0.00,0.00,0.00,0.10,0.00,0.00,0.00,0.00,0.00,0.00,Matches,GK,False,neil etheridge,2021-2022,standard,232,Neil Etheridge,ph PHI,GK,31,1990,20.8,0.00,0.00,0.00,,0.00,0.00,,,0.00,0.00,Matches,GK,False,shooting,272,Neil Etheridge,ph PHI,GK,31,1990,21,"1,869",89,45.1,20.8,1.01,89,0.96,0.00,,0.48,0.95,1.20,1.68,-0.48,-0.48,+0.11,Matches,GK,False,playing_time,232,Neil Etheridge,ph PHI,GK,31,1990,20.8,0.10,0.00,0.00,0.10,0.14,0.00,0.00,0.05,0.05,,,0.00,Matches,GK,False,misc,19,Neil Etheridge,ph PHI,GK,31,1990,21,21,"1,869",20.8,1.68,1.69,4.62,3.17,67.7,0.19,0.38,0.43,0.19,19.0,0.24,0.19,0.05,0.00,20.0,Matches,GK,False,goalkeeping
240,Andy Fisher,eng ENG,GK,Swansea City,23,1998,20,20,"1,800",20.0,0.00,0.00,0.00,0.00,0.00,0.00,0.05,0.00,0.00,0.00,0.00,0.00,0.00,Matches,GK,False,andy fisher,2021-2022,standard,240,Andy Fisher,eng ENG,GK,23,1998,20.0,0.00,0.00,0.00,,0.00,0.00,,,0.00,0.00,Matches,GK,False,shooting,283,Andy Fisher,eng ENG,GK,23,1998,20,"1,800",90,43.5,20.0,1.00,90,1.00,0.00,,0.20,1.45,1.50,1.70,-0.20,-0.20,+0.03,Matches,GK,False,playing_time,240,Andy Fisher,eng ENG,GK,23,1998,20.0,0.05,0.00,0.00,0.05,0.25,0.00,0.00,0.00,0.00,,,0.00,Matches,GK,False,misc,20,Andy Fisher,eng ENG,GK,23,1998,20,20,"1,800",20.0,1.70,1.70,4.55,3.05,67.0,0.40,0.25,0.35,0.25,25.0,0.20,0.20,0.00,0.00,0.0,Matches,GK,False,goalkeeping
245,Wes Foderingham,eng ENG,GK,Sheffield United,30,1991,32,32,"2,880",32.0,0.00,0.00,0.00,0.00,0.00,0.00,0.03,0.00,0.00,0.00,0.00,0.00,0.00,Matches,GK,False,wes foderingham,2021-2022,standard,245,Wes Foderingham,eng ENG,GK,30,1991,32.0,0.00,0.00,0.00,,0.00,0.00,,,0.00,0.00,Matches,GK,False,shooting,289,Wes Foderingham,eng ENG,GK,30,1991,32,"2,880",90,69.6,32.0,1.00,90,1.00,0.00,,0.38,1.85,1.50,0.72,0.78,+0.78,+1.28,Matches,GK,False,playing_time,245,Wes Foderingham,eng ENG,GK,30,1991,32.0,0.03,0.00,0.00,0.00,0.16,0.00,0.00,0.00,0.00,,,0.00,Matches,GK,False,misc,21,Wes Foderingham,eng ENG,GK,30,1991,32,32,"2,880",32.0,0.72,0.72,2.88,2.25,76.1,0.53,0.28,0.19,0.56,56.3,0.09,0.03,0.06,0.00,66.7,Matches,GK,False,goalkeeping
267,Paulo Gazzaniga,ar ARG,GK,Fulham,29,1992,13,13,"1,170",13.0,0.00,0.00,0.00,0.00,0.00,0.00,0.08,0.00,0.00,0.00,0.00,0.00,0.00,Matches,GK,False,paulo gazzaniga,2021-2022,standard,267,Paulo Gazzaniga,ar ARG,GK,29,1992,13.0,0.00,0.00,0.00,,0.00,0.00,,,0.00,0.00,Matches,GK,False,shooting,313,Paulo Gazzaniga,ar ARG,GK,29,1992,13,"1,170",90,28.3,13.0,1.00,90,1.00,0.00,,2.54,1.62,1.77,1.31,0.46,+0.46,-1.27,Matches,GK,False,playing_time,267,Paulo Gazzaniga,ar ARG,GK,29,1992,13.0,0.08,0.00,0.00,0.00,0.23,0.00,0.00,0.00,0.00,,,0.00,Matches,GK,False,misc,22,Paulo Gazzaniga,ar ARG,GK,29,1992,13,13,"1,170",13.0,1.31,1.31,3.00,1.85,61.5,0.46,0.23,0.31,0.23,23.1,0.15,0.15,0.00,0.00,0.0,Matches,GK,False,goalkeeping
283,Daniel Grimshaw,eng ENG,GK,Blackpool,23,1998,26,26,"2,269",25.2,0.00,0.04,0.04,0.00,0.00,0.00,0.08,0.00,0.00,0.04,0.04,0.00,0.04,Matches,GK,False,daniel grimshaw,2021-2022,standard,283,Daniel Grimshaw,eng ENG,GK,23,1998,25.2,0.00,0.00,0.00,,0.00,0.00,,,0.00,0.00,Matches,GK,False,shooting,332,Daniel Grimshaw,eng ENG,GK,23,1998,26,"2,269",87,54.8,25.2,1.03,87,0.99,0.00,,0.48,1.42,1.27,1.07,0.20,+0.20,+0.63,Matches,GK,False,playing_time,283,Daniel Grimshaw,eng ENG,GK,23,1998,25.2,0.08,0.00,0.00,0.00,0.12,0.00,0.00,0.04,0.00,,,0.00,Matches,GK,False,misc,23,Daniel Grimshaw,eng ENG,GK,23,1998,26,26,"2,269",25.2,1.07,1.07,3.49,2.46,69.3,0.40,0.28,0.36,0.32,30.8,0.04,0.00,0.04,0.00,100.0,Matches,GK,False,goalkeeping
290,Ben Hamer,eng ENG,GK,Swansea City,33,1987,21,21,"1,890",21.0,0.00,0.00,0.00,0.00,0.00,0.00,0.00,0.00,0.00,0.00,0.00,0.00,0.00,Matches,GK,False,ben hamer,2021-2022,standard,290,Ben Hamer,eng ENG,GK,33,1987,21.0,0.00,0.00,0.00,,0.00,0.00,,,0.00,0.00,Matches,GK,False,shooting,340,Ben Hamer,eng ENG,GK,33,1987,21,"1,890",90,45.7,21.0,1.00,90,1.00,0.00,,1.05,1.33,1.14,1.24,-0.10,-0.10,+0.22,Matches,GK,False,playing_time,290,Ben Hamer,eng ENG,GK,33,1987,21.0,0.00,0.00,0.00,0.00,0.19,0.00,0.00,0.00,0.00,,,0.00,Matches,GK,False,misc,24,Ben Hamer,eng ENG,GK,33,1987,21,21,"1,890",21.0,1.24,1.24,3.67,2.48,67.5,0.33,0.33,0.33,0.43,42.9,0.05,0.05,0.00,0.00,0.0,Matches,GK,False,goalkeeping
314,Ethan Horvath,us USA,GK,Nottingham,26,1995,6,6,540,6.0,0.00,0.00,0.00,0.00,0.00,0.00,0.00,0.00,0.00,0.00,0.00,0.00,0.00,Matches,GK,False,ethan horvath,2021-2022,standard,314,Ethan Horvath,us USA,GK,26,1995,6.0,0.00,0.00,0.00,,0.00,0.00,,,0.00,0.00,Matches,GK,False,shooting,371,Ethan Horvath,us USA,GK,26,1995,6,540,90,13.0,6.0,1.00,90,1.00,0.00,,6.67,2.00,1.67,0.67,1.00,+1.00,+0.32,Matches,GK,False,playing_time,314,Ethan Horvath,us USA,GK,26,1995,6.0,0.00,0.00,0.00,0.00,0.17,0.00,0.00,0.00,0.00,,,0.00,Matches,GK,False,misc,25,Ethan Horvath,us USA,GK,26,1995,6,6,540,6.0,0.67,0.67,3.33,2.67,80.0,0.50,0.33,0.17,0.50,50.0,0.00,0.00,0.00,0.00,,Matches,GK,False,goalkeeping
334,Matt Ingram,eng ENG,GK,Luton Town,27,1993,2,2,180,2.0,0.00,0.00,0.00,0.00,0.00,0.00,0.00,0.00,0.00,0.00,0.00,0.00,0.00,Matches,GK,False,matt ingram,2021-2022,standard,334,Matt Ingram,eng ENG,GK,27,1993,2.0,0.00,0.00,0.00,,0.00,0.00,,,0.00,0.00,Matches,GK,False,shooting,393,Matt Ingram,eng ENG,GK,27,1993,2,180,90,4.3,2.0,1.00,90,1.00,0.00,,0.00,1.00,0.50,3.50,-3.00,-3.00,-3.32,Matches,GK,False,playing_time,334,Matt Ingram,eng ENG,GK,27,1993,2.0,0.00,0.00,0.00,0.00,0.00,0.00,0.00,0.00,0.00,,,0.00,Matches,GK,False,misc,26,Matt Ingram,eng ENG,GK,27,1993,2,2,180,2.0,3.50,3.50,6.50,3.00,46.2,0.50,0.00,0.50,0.50,50.0,0.00,0.00,0.00,0.00,,Matches,GK,False,goalkeeping
335,Matt Ingram,eng ENG,GK,Hull City,27,1993,29,29,"2,586",28.7,0.00,0.00,0.00,0.00,0.00,0.00,0.00,0.00,0.00,0.00,0.00,0.00,0.00,Matches,GK,False,matt ingram,2021-2022,standard,335,Matt Ingram,eng ENG,GK,27,1993,28.7,0.00,0.00,0.00,,0.00,0.00,,,0.00,0.00,Matches,GK,False,shooting,394,Matt Ingram,eng ENG,GK,27,1993,29,"2,586",89,62.5,28.7,1.01,89,0.98,0.00,,0.49,0.83,0.70,1.18,-0.49,-0.49,-0.55,Matches,GK,False,playing_time,335,Matt Ingram,eng ENG,GK,27,1993,28.7,0.00,0.00,0.00,0.00,0.24,0.00,0.00,0.10,0.00,,,0.00,Matches,GK,False,misc,27,Matt Ingram,eng ENG,GK,27,1993,29,29,"2,586",28.7,1.18,1.18,4.32,3.21,73.4,0.21,0.21,0.59,0.28,27.6,0.07,0.03,0.03,0.00,50.0,Matches,GK,False,goalkeeping
336,Harvey Isted,eng ENG,GK,Luton Town,24,1997,2,1,136,1.5,0.00,0.00,0.00,0.00,0.00,0.00,0.00,0.00,0.00,0.00,0.00,0.00,0.00,Matches,GK,False,harvey isted,2021-2022,standard,336,Harvey Isted,eng ENG,GK,24,1997,1.5,0.00,0.00,0.00,,0.00,0.00,,,0.00,0.00,Matches,GK,False,shooting,395,Harvey Isted,eng ENG,GK,24,1997,2,136,68,3.3,1.5,0.67,90,0.67,0.67,46,10.7,2.00,1.33,0.67,0.67,+0.66,+0.50,Matches,GK,False,playing_time,336,Harvey Isted,eng ENG,GK,24,1997,1.5,0.00,0.00,0.00,0.00,0.67,0.00,0.00,0.00,0.00,,,0.00,Matches,GK,False,misc,28,Harvey Isted,eng ENG,GK,24,1997,2,1,136,1.5,0.67,0.66,2.00,2.00,100.0,0.00,0.67,0.00,0.67,100.0,0.67,0.67,0.00,0.00,0.0,Matches,GK,False,goalkeeping
337,Daniel Iversen,dk DEN,GK,Preston,24,1997,46,45,"4,128",45.9,0.00,0.00,0.00,0.00,0.00,0.00,0.02,0.00,0.00,0.00,0.00,0.00,0.00,Matches,GK,False,daniel iversen,2021-2022,standard,337,Daniel Iversen,dk DEN,GK,24,1997,45.9,0.00,0.00,0.00,,0.00,0.00,,,0.00,0.00,Matches,GK,False,shooting,396,Daniel Iversen,dk DEN,GK,24,1997,46,"4,128",90,99.7,45.9,0.98,90,0.98,0.02,78,0.00,1.39,1.11,1.22,-0.11,-0.11,-7.61,Matches,GK,False,playing_time,337,Daniel Iversen,dk DEN,GK,24,1997,45.9,0.02,0.00,0.00,0.00,0.11,0.00,0.00,0.00,0.00,,,0.00,Matches,GK,False,misc,29,Daniel Iversen,dk DEN,GK,24,1997,46,45,"4,128",45.9,1.22,1.22,3.92,2.75,70.6,0.35,0.35,0.28,0.28,28.9,0.07,0.07,0.00,0.00,0.0,Matches,GK,False,goalkeeping
340,Karl Jakob Hein,ee EST,GK,Reading,19,2002,5,5,450,5.0,0.00,0.00,0.00,0.00,0.00,0.00,0.00,0.00,0.00,0.00,0.00,0.00,0.00,Matches,GK,False,karl jakob hein,2021-2022,standard,340,Karl Jakob Hein,ee EST,GK,19,2002,5.0,0.00,0.00,0.00,,0.00,0.00,,,0.00,0.00,Matches,GK,False,shooting,400,Karl Jakob Hein,ee EST,GK,19,2002,5,450,90,10.9,5.0,1.00,90,1.00,0.00,,0.20,1.40,1.60,1.60,0.00,0.00,+0.80,Matches,GK,False,playing_time,340,Karl Jakob Hein,ee EST,GK,19,2002,5.0,0.00,0.00,0.00,0.00,0.00,0.00,0.00,0.00,0.00,,,0.00,Matches,GK,False,misc,30,Karl Jakob Hein,ee EST,GK,19,2002,5,5,450,5.0,1.60,1.60,5.40,3.80,70.4,0.40,0.20,0.40,0.20,20.0,0.00,0.00,0.00,0.00,,Matches,GK,False,goalkeeping
346,Zach Jeacock,eng ENG,GK,Birmingham City,20,2001,2,2,180,2.0,0.00,0.00,0.00,0.00,0.00,0.00,0.00,0.00,0.00,0.00,0.00,0.00,0.00,Matches,GK,False,zach jeacock,2021-2022,standard,346,Zach Jeacock,eng ENG,GK,20,2001,2.0,0.00,0.00,0.00,,0.00,0.00,,,0.00,0.00,Matches,GK,False,shooting,406,Zach Jeacock,eng ENG,GK,20,2001,2,180,90,4.3,2.0,1.00,90,1.00,0.00,,1.00,0.00,1.50,5.00,-3.50,-3.50,-3.09,Matches,GK,False,playing_time,346,Zach Jeacock,eng ENG,GK,20,2001,2.0,0.00,0.00,0.00,0.00,0.00,0.00,0.00,0.00,0.00,,,0.00,Matches,GK,False,misc,31,Zach Jeacock,eng ENG,GK,20,2001,2,2,180,2.0,5.00,5.00,6.50,2.00,30.8,0.00,0.00,1.00,0.00,0.0,0.50,0.50,0.00,0.00,0.0,Matches,GK,False,goalkeeping
355,Sam Johnstone,eng ENG,GK,West Brom,28,1993,36,36,"3,239",36.0,0.00,0.03,0.03,0.00,0.00,0.00,0.11,0.03,0.00,0.03,0.03,0.00,0.03,Matches,GK,False,sam johnstone,2021-2022,standard,355,Sam Johnstone,eng ENG,GK,28,1993,36.0,0.00,0.00,0.00,,0.00,0.00,,,0.00,0.00,Matches,GK,False,shooting,416,Sam Johnstone,eng ENG,GK,28,1993,36,"3,239",90,78.2,36.0,1.00,90,0.97,0.00,,0.03,1.47,1.11,0.92,0.19,+0.19,+0.19,Matches,GK,False,playing_time,355,Sam Johnstone,eng ENG,GK,28,1993,36.0,0.11,0.03,0.00,0.03,0.00,0.00,0.00,0.00,0.00,,,0.00,Matches,GK,False,misc,32,Sam Johnstone,eng ENG,GK,28,1993,36,36,"3,239",36.0,0.92,0.92,2.39,1.53,64.0,0.39,0.31,0.31,0.42,41.7,0.08,0.06,0.03,0.00,33.3,Matches,GK,False,goalkeeping
368,Thomas Kaminski,be BEL,GK,Blackburn,28,1992,44,44,"3,925",43.6,0.00,0.02,0.02,0.00,0.00,0.00,0.09,0.00,0.00,0.02,0.02,0.00,0.02,Matches,GK,False,thomas kaminski,2021-2022,standard,368,Thomas Kaminski,be BEL,GK,28,1992,43.6,0.00,0.00,0.00,,0.00,0.00,,,0.00,0.00,Matches,GK,False,shooting,429,Thomas Kaminski,be BEL,GK,28,1992,44,"3,925",89,94.8,43.6,1.01,89,0.99,0.00,,0.00,1.43,1.28,1.15,0.14,+0.14,-1.12,Matches,GK,False,playing_time,368,Thomas Kaminski,be BEL,GK,28,1992,43.6,0.09,0.00,0.00,0.00,0.16,0.00,0.00,0.02,0.02,,,0.02,Matches,GK,False,misc,33,Thomas Kaminski,be BEL,GK,28,1992,44,44,"3,925",43.6,1.15,1.15,3.94,2.82,71.5,0.39,0.28,0.34,0.30,29.5,0.02,0.02,0.00,0.00,0.0,Matches,GK,False,goalkeeping
421,Joe Lumley,eng ENG,GK,Middlesbrough,26,1995,34,34,"3,060",34.0,0.00,0.00,0.00,0.00,0.00,0.00,0.06,0.00,0.00,0.00,0.00,0.00,0.00,Matches,GK,False,joe lumley,2021-2022,standard,421,Joe Lumley,eng ENG,GK,26,1995,34.0,0.00,0.06,0.00,0.0,0.06,0.00,0.00,,0.00,0.00,Matches,GK,False,shooting,489,Joe Lumley,eng ENG,GK,26,1995,34,"3,060",90,73.9,34.0,1.00,90,1.00,0.00,,0.29,1.59,1.32,1.00,0.32,+0.32,+0.49,Matches,GK,False,playing_time,421,Joe Lumley,eng ENG,GK,26,1995,34.0,0.06,0.00,0.00,0.00,0.06,0.00,0.00,0.00,0.06,,,0.03,Matches,GK,False,misc,34,Joe Lumley,eng ENG,GK,26,1995,34,34,"3,060",34.0,1.00,1.00,2.97,1.97,66.3,0.47,0.18,0.35,0.38,38.2,0.00,0.00,0.00,0.00,,Matches,GK,False,goalkeeping
436,David Marshall,sct SCO,GK,QPR,36,1985,11,10,945,10.5,0.00,0.00,0.00,0.00,0.00,0.00,0.00,0.00,0.00,0.00,0.00,0.00,0.00,Matches,GK,False,david marshall,2021-2022,standard,436,David Marshall,sct SCO,GK,36,1985,10.5,0.00,0.00,0.00,,0.00,0.00,,,0.00,0.00,Matches,GK,False,shooting,508,David Marshall,sct SCO,GK,36,1985,11,945,86,22.8,10.5,0.95,90,0.95,0.10,45,0.19,1.27,1.24,1.24,0.00,0.00,-0.03,Matches,GK,False,playing_time,436,David Marshall,sct SCO,GK,36,1985,10.5,0.00,0.00,0.00,0.00,0.10,0.00,0.00,0.00,0.00,,,0.00,Matches,GK,False,misc,35,David Marshall,sct SCO,GK,36,1985,11,10,945,10.5,1.24,1.24,5.52,4.29,77.6,0.38,0.19,0.38,0.29,30.0,0.00,0.00,0.00,0.00,,Matches,GK,False,goalkeeping
440,Chris Maxwell,wls WAL,GK,Blackpool,31,1990,21,20,"1,842",20.5,0.00,0.00,0.00,0.00,0.00,0.00,0.00,0.00,0.00,0.00,0.00,0.00,0.00,Matches,GK,False,chris maxwell,2021-2022,standard,440,Chris Maxwell,wls WAL,GK,31,1990,20.5,0.00,0.00,0.00,,0.00,0.00,,,0.00,0.00,Matches,GK,False,shooting,513,Chris Maxwell,wls WAL,GK,31,1990,21,"1,842",88,44.5,20.5,0.98,89,0.93,0.05,71,0.05,1.10,1.07,1.51,-0.44,-0.44,-0.64,Matches,GK,False,playing_time,440,Chris Maxwell,wls WAL,GK,31,1990,20.5,0.00,0.00,0.00,0.00,0.29,0.00,0.00,0.00,0.00,,,0.00,Matches,GK,False,misc,36,Chris Maxwell,wls WAL,GK,31,1990,21,20,"1,842",20.5,1.51,1.51,4.68,3.17,67.7,0.29,0.24,0.44,0.15,15.0,0.00,0.00,0.00,0.00,,Matches,GK,False,goalkeeping
471,Simon Moore,eng ENG,GK,Coventry City,31,1990,41,41,"3,690",41.0,0.00,0.02,0.02,0.00,0.00,0.00,0.02,0.00,0.00,0.02,0.02,0.00,0.02,Matches,GK,False,simon moore,2021-2022,standard,471,Simon Moore,eng ENG,GK,31,1990,41.0,0.00,0.00,0.00,,0.00,0.00,,,0.00,0.00,Matches,GK,False,shooting,549,Simon Moore,eng ENG,GK,31,1990,41,"3,690",90,89.1,41.0,1.00,90,1.00,0.00,,0.10,1.44,1.32,1.32,0.00,0.00,-0.20,Matches,GK,False,playing_time,471,Simon Moore,eng ENG,GK,31,1990,41.0,0.02,0.00,0.00,0.02,0.07,0.00,0.00,0.02,0.00,,,0.00,Matches,GK,False,misc,37,Simon Moore,eng ENG,GK,31,1990,41,41,"3,690",41.0,1.32,1.32,3.49,2.27,65.7,0.39,0.27,0.34,0.22,22.0,0.12,0.12,0.00,0.00,0.0,Matches,GK,False,goalkeeping
472,Stuart Moore,eng ENG,GK,Blackpool,26,1994,1,0,29,0.3,0.00,0.00,0.00,0.00,0.00,0.00,0.00,0.00,0.00,0.00,0.00,0.00,0.00,Matches,GK,False,stuart moore,2021-2022,standard,472,Stuart Moore,eng ENG,GK,26,1994,0.3,0.00,0.00,0.00,,0.00,0.00,,,0.00,0.00,Matches,GK,False,shooting,550,Stuart Moore,eng ENG,GK,26,1994,1,29,29,0.7,0.3,0.00,,0.00,3.33,29,103.3,3.00,0.00,0.00,0.00,0.00,+0.09,Matches,GK,False,playing_time,472,Stuart Moore,eng ENG,GK,26,1994,0.3,0.00,0.00,0.00,0.00,0.00,0.00,0.00,0.00,0.00,,,0.00,Matches,GK,False,misc,38,Stuart Moore,eng ENG,GK,26,1994,1,0,29,0.3,0.00,0.00,3.33,3.33,100.0,0.00,0.00,0.00,0.00,,0.00,0.00,0.00,0.00,,Matches,GK,False,goalkeeping
490,Lee Nicholls,eng ENG,GK,Huddersfield,28,1992,43,43,"3,870",43.0,0.00,0.00,0.00,0.00,0.00,0.00,0.16,0.00,0.00,0.00,0.00,0.00,0.00,Matches,GK,False,lee nicholls,2021-2022,standard,490,Lee Nicholls,eng ENG,GK,28,1992,43.0,0.00,0.00,0.00,,0.00,0.00,,,0.00,0.00,Matches,GK,False,shooting,571,Lee Nicholls,eng ENG,GK,28,1992,43,"3,870",90,93.5,43.0,1.00,90,1.00,0.00,,0.02,1.78,1.40,0.95,0.44,+0.44,+1.11,Matches,GK,False,playing_time,490,Lee Nicholls,eng ENG,GK,28,1992,43.0,0.16,0.00,0.00,0.00,0.16,0.00,0.00,0.02,0.00,,,0.02,Matches,GK,False,misc,39,Lee Nicholls,eng ENG,GK,28,1992,43,43,"3,870",43.0,0.95,0.95,4.07,3.19,78.3,0.51,0.28,0.21,0.42,41.9,0.09,0.07,0.00,0.02,0.0,Matches,GK,False,goalkeeping
496,Ørjan Nyland,no NOR,GK,Bournemouth,30,1990,1,1,90,1.0,0.00,0.00,0.00,0.00,0.00,0.00,0.00,0.00,0.00,0.00,0.00,0.00,0.00,Matches,GK,False,rjan nyland,2021-2022,standard,496,Ørjan Nyland,no NOR,GK,30,1990,1.0,0.00,0.00,0.00,,0.00,0.00,,,0.00,0.00,Matches,GK,False,shooting,577,Ørjan Nyland,no NOR,GK,30,1990,1,90,90,2.2,1.0,1.00,90,1.00,0.00,,22.0,1.00,0.00,0.00,0.00,0.00,-0.78,Matches,GK,False,playing_time,496,Ørjan Nyland,no NOR,GK,30,1990,1.0,0.00,0.00,0.00,0.00,0.00,0.00,0.00,0.00,0.00,,,0.00,Matches,GK,False,misc,41,Ørjan Nyland,no NOR,GK,30,1990,1,1,90,1.0,0.00,0.00,0.00,0.00,,0.00,1.00,0.00,1.00,100.0,0.00,0.00,0.00,0.00,,Matches,GK,False,goalkeeping
497,Ørjan Nyland,no NOR,GK,Reading,30,1990,10,10,900,10.0,0.00,0.00,0.00,0.00,0.00,0.00,0.00,0.00,0.00,0.00,0.00,0.00,0.00,Matches,GK,False,rjan nyland,2021-2022,standard,497,Ørjan Nyland,no NOR,GK,30,1990,10.0,0.00,0.00,0.00,,0.00,0.00,,,0.00,0.00,Matches,GK,False,shooting,578,Ørjan Nyland,no NOR,GK,30,1990,10,900,90,21.7,10.0,1.00,90,1.00,0.00,,0.10,1.20,1.20,1.50,-0.30,-0.30,+0.53,Matches,GK,False,playing_time,497,Ørjan Nyland,no NOR,GK,30,1990,10.0,0.00,0.00,0.00,0.00,0.10,0.00,0.00,0.00,0.00,,,0.00,Matches,GK,False,misc,40,Ørjan Nyland,no NOR,GK,30,1990,10,10,900,10.0,1.50,1.50,3.70,2.30,62.2,0.30,0.30,0.40,0.10,10.0,0.10,0.10,0.00,0.00,0.0,Matches,GK,False,goalkeeping
501,Max O'Leary,ie IRL,GK,Bristol City,24,1996,9,9,782,8.7,0.00,0.00,0.00,0.00,0.00,0.00,0.00,0.00,0.00,0.00,0.00,0.00,0.00,Matches,GK,False,max o'leary,2021-2022,standard,501,Max O'Leary,ie IRL,GK,24,1996,8.7,0.00,0.00,0.00,,0.00,0.00,,,0.00,0.00,Matches,GK,False,shooting,582,Max O'Leary,ie IRL,GK,24,1996,9,782,87,18.9,8.7,1.03,87,0.92,0.00,,3.68,1.11,1.84,2.41,-0.57,-0.58,-0.31,Matches,GK,False,playing_time,501,Max O'Leary,ie IRL,GK,24,1996,8.7,0.00,0.00,0.00,0.00,0.57,0.00,0.00,0.00,0.00,,,0.00,Matches,GK,False,misc,42,Max O'Leary,ie IRL,GK,24,1996,9,9,782,8.7,2.41,2.42,4.02,1.95,48.6,0.34,0.11,0.57,0.00,0.0,0.34,0.34,0.00,0.00,0.0,Matches,GK,False,goalkeeping
514,Robin Olsen,se SWE,GK,Sheffield United,31,1990,11,11,990,11.0,0.00,0.00,0.00,0.00,0.00,0.00,0.00,0.00,0.00,0.00,0.00,0.00,0.00,Matches,GK,False,robin olsen,2021-2022,standard,514,Robin Olsen,se SWE,GK,31,1990,11.0,0.00,0.00,0.00,,0.00,0.00,,,0.00,0.00,Matches,GK,False,shooting,596,Robin Olsen,se SWE,GK,31,1990,11,990,90,23.9,11.0,1.00,90,1.00,0.00,,0.00,1.27,1.36,1.55,-0.18,-0.18,-0.75,Matches,GK,False,playing_time,514,Robin Olsen,se SWE,GK,31,1990,11.0,0.00,0.00,0.00,0.00,0.00,0.00,0.00,0.00,0.00,,,0.00,Matches,GK,False,misc,43,Robin Olsen,se SWE,GK,31,1990,11,11,990,11.0,1.55,1.55,3.91,2.45,62.8,0.36,0.18,0.45,0.09,9.1,0.09,0.09,0.00,0.00,0.0,Matches,GK,False,goalkeeping
524,Alex Palmer,eng ENG,GK,Luton Town,24,1996,2,2,180,2.0,0.00,0.50,0.50,0.00,0.00,0.00,0.00,0.00,0.00,0.50,0.50,0.00,0.50,Matches,GK,False,alex palmer,2021-2022,standard,524,Alex Palmer,eng ENG,GK,24,1996,2.0,0.00,0.00,0.00,,0.00,0.00,,,0.00,0.00,Matches,GK,False,shooting,610,Alex Palmer,eng ENG,GK,24,1996,2,180,90,4.3,2.0,1.00,90,1.00,0.00,,0.00,1.50,1.00,1.00,0.00,0.00,-0.18,Matches,GK,False,playing_time,524,Alex Palmer,eng ENG,GK,24,1996,2.0,0.00,0.00,0.00,0.00,0.00,0.00,0.00,0.00,0.00,,,0.00,Matches,GK,False,misc,44,Alex Palmer,eng ENG,GK,24,1996,2,2,180,2.0,1.00,1.00,2.50,2.00,80.0,0.50,0.00,0.50,0.50,50.0,0.50,0.50,0.00,0.00,0.0,Matches,GK,False,goalkeeping
531,Aynsley Pears,eng ENG,GK,Blackburn,23,1998,3,2,215,2.4,0.00,0.00,0.00,0.00,0.00,0.00,0.00,0.00,0.00,0.00,0.00,0.00,0.00,Matches,GK,False,aynsley pears,2021-2022,standard,531,Aynsley Pears,eng ENG,GK,23,1998,2.4,0.00,0.00,0.00,,0.00,0.00,,,0.00,0.00,Matches,GK,False,shooting,619,Aynsley Pears,eng ENG,GK,23,1998,3,215,72,5.2,2.4,0.83,90,0.83,0.42,35,15.4,3.00,1.25,0.00,1.25,+1.26,+1.12,Matches,GK,False,playing_time,531,Aynsley Pears,eng ENG,GK,23,1998,2.4,0.00,0.00,0.00,0.00,0.00,0.00,0.00,0.00,0.00,,,0.00,Matches,GK,False,misc,45,Aynsley Pears,eng ENG,GK,23,1998,3,2,215,2.4,0.00,0.00,3.33,3.33,100.0,0.83,0.00,0.00,1.25,150.0,0.00,0.00,0.00,0.00,,Matches,GK,False,goalkeeping
536,Dillon Phillips,eng ENG,GK,Cardiff City,26,1995,17,17,"1,530",17.0,0.00,0.00,0.00,0.00,0.00,0.00,0.06,0.00,0.00,0.00,0.00,0.00,0.00,Matches,GK,False,dillon phillips,2021-2022,standard,536,Dillon Phillips,eng ENG,GK,26,1995,17.0,0.00,0.00,0.00,,0.00,0.00,,,0.00,0.00,Matches,GK,False,shooting,625,Dillon Phillips,eng ENG,GK,26,1995,17,"1,530",90,37.0,17.0,1.00,90,1.00,0.00,,1.71,1.06,1.00,1.53,-0.53,-0.53,-0.22,Matches,GK,False,playing_time,536,Dillon Phillips,eng ENG,GK,26,1995,17.0,0.06,0.00,0.00,0.06,0.18,0.00,0.00,0.00,0.06,,,0.00,Matches,GK,False,misc,46,Dillon Phillips,eng ENG,GK,26,1995,17,17,"1,530",17.0,1.53,1.53,4.00,2.53,63.2,0.29,0.18,0.53,0.12,11.8,0.06,0.06,0.00,0.00,0.0,Matches,GK,False,goalkeeping
551,Christy Pym,eng ENG,GK,Peterborough,26,1995,7,7,630,7.0,0.00,0.00,0.00,0.00,0.00,0.00,0.00,0.00,0.00,0.00,0.00,0.00,0.00,Matches,GK,False,christy pym,2021-2022,standard,551,Christy Pym,eng ENG,GK,26,1995,7.0,0.00,0.00,0.00,,0.00,0.00,,,0.00,0.00,Matches,GK,False,shooting,641,Christy Pym,eng ENG,GK,26,1995,7,630,90,15.2,7.0,1.00,90,1.00,0.00,,0.00,0.57,1.00,2.43,-1.43,-1.43,-0.56,Matches,GK,False,playing_time,551,Christy Pym,eng ENG,GK,26,1995,7.0,0.00,0.00,0.00,0.00,0.14,0.00,0.00,0.00,0.14,,,0.00,Matches,GK,False,misc,47,Christy Pym,eng ENG,GK,26,1995,7,7,630,7.0,2.43,2.43,5.14,2.71,52.8,0.14,0.14,0.71,0.00,0.0,0.00,0.00,0.00,0.00,,Matches,GK,False,goalkeeping
557,Aaron Ramsdale,eng ENG,GK,Sheffield United,23,1998,2,2,180,2.0,0.00,0.00,0.00,0.00,0.00,0.00,0.00,0.00,0.00,0.00,0.00,0.00,0.00,Matches,GK,False,aaron ramsdale,2021-2022,standard,557,Aaron Ramsdale,eng ENG,GK,23,1998,2.0,0.00,0.00,0.00,,0.00,0.00,,,0.00,0.00,Matches,GK,False,shooting,647,Aaron Ramsdale,eng ENG,GK,23,1998,2,180,90,4.3,2.0,1.00,90,1.00,0.00,,0.00,0.50,0.00,0.50,-0.50,-0.50,-0.93,Matches,GK,False,playing_time,557,Aaron Ramsdale,eng ENG,GK,23,1998,2.0,0.00,0.00,0.00,0.00,0.00,0.00,0.00,0.00,0.00,,,0.00,Matches,GK,False,misc,48,Aaron Ramsdale,eng ENG,GK,23,1998,2,2,180,2.0,0.50,0.50,1.50,1.00,66.7,0.00,0.50,0.50,0.50,50.0,0.00,0.00,0.00,0.00,,Matches,GK,False,goalkeeping
577,Marek Rodák,sk SVK,GK,Fulham,24,1996,33,33,"2,970",33.0,0.00,0.00,0.00,0.00,0.00,0.00,0.03,0.00,0.00,0.00,0.00,0.00,0.00,Matches,GK,False,marek rodak,2021-2022,standard,577,Marek Rodák,sk SVK,GK,24,1996,33.0,0.00,0.00,0.00,,0.00,0.00,,,0.00,0.00,Matches,GK,False,shooting,671,Marek Rodák,sk SVK,GK,24,1996,33,"2,970",90,71.7,33.0,1.00,90,1.00,0.00,,0.33,2.09,2.52,0.79,1.73,+1.73,+1.27,Matches,GK,False,playing_time,577,Marek Rodák,sk SVK,GK,24,1996,33.0,0.03,0.00,0.00,0.00,0.09,0.00,0.00,0.00,0.00,,,0.00,Matches,GK,False,misc,49,Marek Rodák,sk SVK,GK,24,1996,33,33,"2,970",33.0,0.79,0.79,2.79,2.09,75.0,0.64,0.18,0.18,0.42,42.4,0.09,0.09,0.00,0.00,0.0,Matches,GK,False,goalkeeping
581,Kelle Roos,nl NED,GK,Derby County,29,1992,18,17,"1,515",16.8,0.00,0.00,0.00,0.00,0.00,0.00,0.06,0.06,0.00,0.00,0.00,0.00,0.00,Matches,GK,False,kelle roos,2021-2022,standard,581,Kelle Roos,nl NED,GK,29,1992,16.8,0.00,0.00,0.00,,0.00,0.00,,,0.00,0.00,Matches,GK,False,shooting,675,Kelle Roos,nl NED,GK,29,1992,18,"1,515",84,36.6,16.8,1.01,88,0.95,0.06,19,1.49,1.06,0.95,1.01,-0.06,-0.06,+0.18,Matches,GK,False,playing_time,581,Kelle Roos,nl NED,GK,29,1992,16.8,0.06,0.06,0.00,0.06,0.18,0.00,0.00,0.06,0.00,,,0.00,Matches,GK,False,misc,50,Kelle Roos,nl NED,GK,29,1992,18,17,"1,515",16.8,1.01,1.01,3.81,2.92,75.0,0.24,0.42,0.36,0.30,29.4,0.12,0.06,0.06,0.00,50.0,Matches,GK,False,goalkeeping
585,Declan Rudd,eng ENG,GK,Preston,30,1991,1,1,12,0.1,0.00,0.00,0.00,0.00,0.00,0.00,0.00,0.00,0.00,0.00,0.00,0.00,0.00,Matches,GK,False,declan rudd,2021-2022,standard,585,Declan Rudd,eng ENG,GK,30,1991,0.1,0.00,0.00,0.00,,0.00,0.00,,,0.00,0.00,Matches,GK,False,shooting,680,Declan Rudd,eng ENG,GK,30,1991,1,12,12,0.3,0.1,10.0,12,0.00,0.00,,150.0,0.00,10.0,0.00,10.0,+7.50,+7.61,Matches,GK,False,playing_time,585,Declan Rudd,eng ENG,GK,30,1991,0.1,0.00,0.00,0.00,0.00,0.00,0.00,0.00,0.00,0.00,,,0.00,Matches,GK,False,misc,51,Declan Rudd,eng ENG,GK,30,1991,1,1,12,0.1,0.00,0.00,0.00,0.00,,0.00,0.00,10.0,0.00,0.0,0.00,0.00,0.00,0.00,,Matches,GK,False,goalkeeping
589,Brice Samba,fr FRA,GK,Nottingham,27,1994,40,40,"3,594",39.9,0.00,0.00,0.00,0.00,0.00,0.00,0.15,0.03,0.00,0.00,0.00,0.00,0.00,Matches,GK,False,brice samba,2021-2022,standard,589,Brice Samba,fr FRA,GK,27,1994,39.9,0.00,0.03,0.00,0.0,0.03,0.00,0.00,,0.00,0.00,Matches,GK,False,shooting,685,Brice Samba,fr FRA,GK,27,1994,40,"3,594",90,86.8,39.9,1.00,90,0.98,0.00,,0.08,1.74,1.55,0.88,0.68,+0.68,-0.31,Matches,GK,False,playing_time,589,Brice Samba,fr FRA,GK,27,1994,39.9,0.15,0.03,0.00,0.03,0.05,0.00,0.00,0.05,0.00,,,0.00,Matches,GK,False,misc,52,Brice Samba,fr FRA,GK,27,1994,40,40,"3,594",39.9,0.88,0.88,3.53,2.81,78.7,0.50,0.23,0.28,0.35,35.0,0.15,0.13,0.03,0.00,16.7,Matches,GK,False,goalkeeping
594,Matija Šarkić,me MNE,GK,Birmingham City,24,1997,23,23,"2,070",23.0,0.00,0.00,0.00,0.00,0.00,0.00,0.00,0.00,0.00,0.00,0.00,0.00,0.00,Matches,GK,False,matija sarkic,2021-2022,standard,594,Matija Šarkić,me MNE,GK,24,1997,23.0,0.00,0.00,0.00,,0.00,0.00,,,0.00,0.00,Matches,GK,False,shooting,691,Matija Šarkić,me MNE,GK,24,1997,23,"2,070",90,50.0,23.0,1.00,90,1.00,0.00,,0.00,1.17,0.96,1.26,-0.30,-0.30,+0.48,Matches,GK,False,playing_time,594,Matija Šarkić,me MNE,GK,24,1997,23.0,0.00,0.00,0.00,0.04,0.00,0.00,0.00,0.13,0.04,,,0.00,Matches,GK,False,misc,53,Matija Šarkić,me MNE,GK,24,1997,23,23,"2,070",23.0,1.26,1.26,3.52,2.39,67.9,0.30,0.26,0.43,0.43,43.5,0.13,0.13,0.00,0.00,0.0,Matches,GK,False,goalkeeping
600,Ryan Schofield,eng ENG,GK,Huddersfield,21,1999,2,2,180,2.0,0.00,0.00,0.00,0.00,0.00,0.00,0.00,0.00,0.00,0.00,0.00,0.00,0.00,Matches,GK,False,ryan schofield,2021-2022,standard,600,Ryan Schofield,eng ENG,GK,21,1999,2.0,0.00,0.00,0.00,,0.00,0.00,,,0.00,0.00,Matches,GK,False,shooting,697,Ryan Schofield,eng ENG,GK,21,1999,2,180,90,4.3,2.0,1.00,90,1.00,0.00,,6.00,0.50,1.00,3.00,-2.00,-2.00,-2.48,Matches,GK,False,playing_time,600,Ryan Schofield,eng ENG,GK,21,1999,2.0,0.00,0.00,0.00,0.00,0.00,0.00,0.00,0.00,0.00,,,0.00,Matches,GK,False,misc,54,Ryan Schofield,eng ENG,GK,21,1999,2,2,180,2.0,3.00,3.00,7.00,4.00,57.1,0.00,0.50,0.50,0.00,0.0,0.00,0.00,0.00,0.00,,Matches,GK,False,goalkeeping
608,James Shea,eng ENG,GK,Luton Town,30,1991,19,19,"1,664",18.5,0.00,0.00,0.00,0.00,0.00,0.00,0.05,0.00,0.00,0.00,0.00,0.00,0.00,Matches,GK,False,james shea,2021-2022,standard,608,James Shea,eng ENG,GK,30,1991,18.5,0.00,0.00,0.00,,0.00,0.00,,,0.00,0.00,Matches,GK,False,shooting,706,James Shea,eng ENG,GK,30,1991,19,"1,664",88,40.2,18.5,1.03,88,0.97,0.00,,1.08,1.84,1.41,0.97,0.43,+0.43,+0.43,Matches,GK,False,playing_time,608,James Shea,eng ENG,GK,30,1991,18.5,0.05,0.00,0.00,0.00,0.11,0.00,0.00,0.00,0.00,,,0.00,Matches,GK,False,misc,55,James Shea,eng ENG,GK,30,1991,19,19,"1,664",18.5,0.97,0.97,3.68,2.76,75.0,0.54,0.27,0.22,0.43,42.1,0.05,0.05,0.00,0.00,0.0,Matches,GK,False,goalkeeping
620,Simon Sluga,hr CRO,GK,Luton Town,28,1993,19,19,"1,710",19.0,0.00,0.00,0.00,0.00,0.00,0.00,0.05,0.00,0.00,0.00,0.00,0.00,0.00,Matches,GK,False,simon sluga,2021-2022,standard,620,Simon Sluga,hr CRO,GK,28,1993,19.0,0.00,0.00,0.00,,0.00,0.00,,,0.00,0.00,Matches,GK,False,shooting,720,Simon Sluga,hr CRO,GK,28,1993,19,"1,710",90,41.3,19.0,1.00,90,1.00,0.00,,0.26,1.26,1.42,1.37,0.05,+0.05,-0.21,Matches,GK,False,playing_time,620,Simon Sluga,hr CRO,GK,28,1993,19.0,0.05,0.00,0.00,0.00,0.21,0.00,0.00,0.05,0.00,,,0.00,Matches,GK,False,misc,56,Simon Sluga,hr CRO,GK,28,1993,19,19,"1,710",19.0,1.37,1.37,2.95,1.68,55.4,0.32,0.32,0.37,0.37,36.8,0.11,0.05,0.05,0.00,50.0,Matches,GK,False,goalkeeping
628,Alex Smithies,eng ENG,GK,Cardiff City,31,1990,29,29,"2,610",29.0,0.00,0.00,0.00,0.00,0.00,0.00,0.07,0.00,0.00,0.00,0.00,0.00,0.00,Matches,GK,False,alex smithies,2021-2022,standard,628,Alex Smithies,eng ENG,GK,31,1990,29.0,0.00,0.03,0.00,0.0,0.03,0.00,0.00,,0.00,0.00,Matches,GK,False,shooting,729,Alex Smithies,eng ENG,GK,31,1990,29,"2,610",90,63.0,29.0,1.00,90,1.00,0.00,,0.34,1.21,1.14,1.45,-0.31,-0.31,+0.22,Matches,GK,False,playing_time,628,Alex Smithies,eng ENG,GK,31,1990,29.0,0.07,0.00,0.00,0.00,0.03,0.00,0.00,0.00,0.00,,,0.03,Matches,GK,False,misc,57,Alex Smithies,eng ENG,GK,31,1990,29,29,"2,610",29.0,1.45,1.45,3.28,1.86,56.8,0.34,0.17,0.48,0.17,17.2,0.03,0.03,0.00,0.00,0.0,Matches,GK,False,goalkeeping
632,Luke Southwood,nir NIR,GK,Reading,23,1997,25,25,"2,250",25.0,0.00,0.00,0.00,0.00,0.00,0.00,0.04,0.00,0.00,0.00,0.00,0.00,0.00,Matches,GK,False,luke southwood,2021-2022,standard,632,Luke Southwood,nir NIR,GK,23,1997,25.0,0.00,0.00,0.00,,0.00,0.00,,,0.00,0.00,Matches,GK,False,shooting,733,Luke Southwood,nir NIR,GK,23,1997,25,"2,250",90,54.3,25.0,1.00,90,1.00,0.00,,0.84,0.96,0.96,1.92,-0.96,-0.96,-0.53,Matches,GK,False,playing_time,632,Luke Southwood,nir NIR,GK,23,1997,25.0,0.04,0.00,0.00,0.00,0.28,0.00,0.00,0.00,0.00,,,0.00,Matches,GK,False,misc,58,Luke Southwood,nir NIR,GK,23,1997,25,25,"2,250",25.0,1.92,1.92,5.52,3.68,66.7,0.28,0.12,0.60,0.12,12.0,0.08,0.08,0.00,0.00,0.0,Matches,GK,False,goalkeeping
643,Jed Steer,eng ENG,GK,Luton Town,28,1992,3,3,270,3.0,0.00,0.00,0.00,0.00,0.00,0.00,0.00,0.00,0.00,0.00,0.00,0.00,0.00,Matches,GK,False,jed steer,2021-2022,standard,643,Jed Steer,eng ENG,GK,28,1992,3.0,0.00,0.00,0.00,,0.00,0.00,,,0.00,0.00,Matches,GK,False,shooting,745,Jed Steer,eng ENG,GK,28,1992,3,270,90,6.5,3.0,1.00,90,1.00,0.00,,1.00,3.00,1.67,0.33,1.33,+1.33,+1.24,Matches,GK,False,playing_time,643,Jed Steer,eng ENG,GK,28,1992,3.0,0.00,0.00,0.00,0.00,0.00,0.00,0.00,0.00,0.00,,,0.00,Matches,GK,False,misc,59,Jed Steer,eng ENG,GK,28,1992,3,3,270,3.0,0.33,0.33,2.67,2.33,87.5,1.00,0.00,0.00,0.67,66.7,0.00,0.00,0.00,0.00,,Matches,GK,False,goalkeeping
680,Mark Travers,ie IRL,GK,Bournemouth,22,1999,45,45,"4,050",45.0,0.00,0.00,0.00,0.00,0.00,0.00,0.07,0.00,0.00,0.00,0.00,0.00,0.00,Matches,GK,False,mark travers,2021-2022,standard,680,Mark Travers,ie IRL,GK,22,1999,45.0,0.00,0.00,0.00,,0.00,0.00,,,0.00,0.00,Matches,GK,False,shooting,791,Mark Travers,ie IRL,GK,22,1999,45,"4,050",90,97.8,45.0,1.00,90,1.00,0.00,,0.00,1.93,1.64,0.87,0.78,+0.78,+0.78,Matches,GK,False,playing_time,680,Mark Travers,ie IRL,GK,22,1999,45.0,0.07,0.00,0.00,0.00,0.09,0.00,0.00,0.02,0.00,,,0.00,Matches,GK,False,misc,60,Mark Travers,ie IRL,GK,22,1999,45,45,"4,050",45.0,0.87,0.87,3.47,2.67,76.9,0.56,0.27,0.18,0.44,44.4,0.07,0.07,0.00,0.00,0.0,Matches,GK,False,goalkeeping
682,Connal Trueman,eng ENG,GK,Birmingham City,25,1996,1,0,21,0.2,0.00,0.00,0.00,0.00,0.00,0.00,0.00,0.00,0.00,0.00,0.00,0.00,0.00,Matches,GK,False,connal trueman,2021-2022,standard,682,Connal Trueman,eng ENG,GK,25,1996,0.2,0.00,0.00,0.00,,0.00,0.00,,,0.00,0.00,Matches,GK,False,shooting,793,Connal Trueman,eng ENG,GK,25,1996,1,21,21,0.5,0.2,0.00,,0.00,5.00,21,165.0,0.00,0.00,5.00,-5.00,-4.29,-3.76,Matches,GK,False,playing_time,682,Connal Trueman,eng ENG,GK,25,1996,0.2,0.00,0.00,0.00,0.00,0.00,0.00,0.00,0.00,0.00,,,0.00,Matches,GK,False,misc,61,Connal Trueman,eng ENG,GK,25,1996,1,0,21,0.2,5.00,4.29,5.00,0.00,0.0,0.00,0.00,0.00,0.00,,0.00,0.00,0.00,0.00,,Matches,GK,False,goalkeeping
690,Michael Verrips,nl NED,GK,Sheffield United,24,1996,1,1,90,1.0,0.00,0.00,0.00,0.00,0.00,0.00,0.00,0.00,0.00,0.00,0.00,0.00,0.00,Matches,GK,False,michael verrips,2021-2022,standard,690,Michael Verrips,nl NED,GK,24,1996,1.0,0.00,0.00,0.00,,0.00,0.00,,,0.00,0.00,Matches,GK,False,shooting,802,Michael Verrips,nl NED,GK,24,1996,1,90,90,2.2,1.0,1.00,90,1.00,0.00,,7.00,0.00,0.00,4.00,-4.00,-4.00,-4.49,Matches,GK,False,playing_time,690,Michael Verrips,nl NED,GK,24,1996,1.0,0.00,0.00,0.00,0.00,0.00,0.00,0.00,0.00,0.00,,,0.00,Matches,GK,False,misc,62,Michael Verrips,nl NED,GK,24,1996,1,1,90,1.0,4.00,4.00,5.00,1.00,20.0,0.00,0.00,1.00,0.00,0.0,0.00,0.00,0.00,0.00,,Matches,GK,False,goalkeeping
702,Jack Walton,eng ENG,GK,Barnsley,23,1998,7,6,607,6.7,0.00,0.00,0.00,0.00,0.00,0.00,0.00,0.00,0.00,0.00,0.00,0.00,0.00,Matches,GK,False,jack walton,2021-2022,standard,702,Jack Walton,eng ENG,GK,23,1998,6.7,0.00,0.00,0.00,,0.00,0.00,,,0.00,0.00,Matches,GK,False,shooting,816,Jack Walton,eng ENG,GK,23,1998,7,607,87,14.7,6.7,0.90,90,0.90,0.15,67,5.67,0.14,0.60,2.69,-2.09,-2.08,-1.41,Matches,GK,False,playing_time,702,Jack Walton,eng ENG,GK,23,1998,6.7,0.00,0.00,0.00,0.00,0.30,0.00,0.00,0.00,0.00,,,0.00,Matches,GK,False,misc,63,Jack Walton,eng ENG,GK,23,1998,7,6,607,6.7,2.69,2.67,5.82,3.43,56.4,0.00,0.15,0.75,0.00,0.0,0.30,0.15,0.15,0.00,50.0,Matches,GK,False,goalkeeping
711,Keiren Westwood,ie IRL,GK,QPR,36,1984,6,6,540,6.0,0.00,0.00,0.00,0.00,0.00,0.00,0.00,0.00,0.00,0.00,0.00,0.00,0.00,Matches,GK,False,keiren westwood,2021-2022,standard,711,Keiren Westwood,ie IRL,GK,36,1984,6.0,0.00,0.00,0.00,,0.00,0.00,,,0.00,0.00,Matches,GK,False,shooting,827,Keiren Westwood,ie IRL,GK,36,1984,6,540,90,13.0,6.0,1.00,90,1.00,0.00,,0.00,0.67,0.67,1.50,-0.83,-0.83,-0.98,Matches,GK,False,playing_time,711,Keiren Westwood,ie IRL,GK,36,1984,6.0,0.00,0.00,0.00,0.00,0.33,0.00,0.00,0.00,0.00,,,0.00,Matches,GK,False,misc,64,Keiren Westwood,ie IRL,GK,36,1984,6,6,540,6.0,1.50,1.50,4.33,3.17,73.1,0.17,0.17,0.67,0.17,16.7,0.33,0.33,0.00,0.00,0.0,Matches,GK,False,goalkeeping
727,Ben Wilson,eng ENG,GK,Coventry City,28,1992,5,5,450,5.0,0.00,0.00,0.00,0.00,0.00,0.00,0.00,0.00,0.00,0.00,0.00,0.00,0.00,Matches,GK,False,ben wilson,2021-2022,standard,727,Ben Wilson,eng ENG,GK,28,1992,5.0,0.00,0.00,0.00,,0.00,0.00,,,0.00,0.00,Matches,GK,False,shooting,845,Ben Wilson,eng ENG,GK,28,1992,5,450,90,10.9,5.0,1.00,90,1.00,0.00,,8.20,1.00,1.20,1.00,0.20,+0.20,+0.20,Matches,GK,False,playing_time,727,Ben Wilson,eng ENG,GK,28,1992,5.0,0.00,0.00,0.00,0.20,0.00,0.00,0.00,0.00,0.00,,,0.00,Matches,GK,False,misc,65,Ben Wilson,eng ENG,GK,28,1992,5,5,450,5.0,1.00,1.00,2.40,1.80,66.7,0.20,0.40,0.40,0.20,20.0,0.40,0.20,0.20,0.00,50.0,Matches,GK,False,goalkeeping
18,Ryan Allsop,eng ENG,GK,Cardiff City,30,1992,43,43,"3,845",42.7,0.00,0.00,0.00,0.00,0.00,0.00,0.12,0.02,0.00,0.00,0.00,0.00,0.00,Matches,GK,False,ryan allsop,2022-2023,standard,18,Ryan Allsop,eng ENG,GK,30,1992,42.7,0.00,0.02,0.00,0.0,0.02,0.00,0.00,,0.00,0.00,Matches,GK,False,shooting,20,Ryan Allsop,eng ENG,GK,30,1992,43,"3,845",89,92.9,42.7,1.01,89,0.96,0.00,,0.00,1.07,0.89,1.24,-0.35,-0.35,+0.26,Matches,GK,False,playing_time,18,Ryan Allsop,eng ENG,GK,30,1992,42.7,0.12,0.02,0.00,0.05,0.12,0.00,0.00,0.02,0.00,,,0.00,Matches,GK,False,misc,1,Ryan Allsop,eng ENG,GK,30,1992,43,43,"3,845",42.7,1.24,1.24,3.40,2.15,63.4,0.28,0.23,0.49,0.28,27.9,0.09,0.05,0.05,0.00,50.0,Matches,GK,False,goalkeeping
19,Jak Alnwick,eng ENG,GK,Cardiff City,29,1993,4,3,293,3.3,0.00,0.00,0.00,0.00,0.00,0.00,0.00,0.30,0.00,0.00,0.00,0.00,0.00,Matches,GK,False,jak alnwick,2022-2023,standard,19,Jak Alnwick,eng ENG,GK,29,1993,3.3,0.00,0.00,0.00,,0.00,0.00,,,0.00,0.00,Matches,GK,False,shooting,21,Jak Alnwick,eng ENG,GK,29,1993,4,293,73,7.1,3.3,0.91,90,0.61,0.30,24,11.2,1.00,0.91,1.21,-0.30,-0.31,+0.07,Matches,GK,False,playing_time,19,Jak Alnwick,eng ENG,GK,29,1993,3.3,0.00,0.30,0.00,0.30,0.61,0.00,0.00,0.00,0.00,,,0.00,Matches,GK,False,misc,2,Jak Alnwick,eng ENG,GK,29,1993,4,3,293,3.3,1.21,1.23,3.03,1.82,60.0,0.30,0.00,0.61,0.00,0.0,0.00,0.00,0.00,0.00,,Matches,GK,False,goalkeeping
20,Jordan Amissah,gh GHA,GK,Sheffield United,20,2001,1,0,13,0.1,0.00,0.00,0.00,0.00,0.00,0.00,0.00,0.00,0.00,0.00,0.00,0.00,0.00,Matches,GK,False,jordan amissah,2022-2023,standard,20,Jordan Amissah,gh GHA,GK,20,2001,0.1,0.00,0.00,0.00,,0.00,0.00,,,0.00,0.00,Matches,GK,False,shooting,22,Jordan Amissah,gh GHA,GK,20,2001,1,13,13,0.3,0.1,0.00,,0.00,10.0,13,130.0,1.00,0.00,0.00,0.00,0.00,-0.74,Matches,GK,False,playing_time,20,Jordan Amissah,gh GHA,GK,20,2001,0.1,0.00,0.00,0.00,0.00,0.00,0.00,0.00,0.00,0.00,,,0.00,Matches,GK,False,misc,3,Jordan Amissah,gh GHA,GK,20,2001,1,0,13,0.1,0.00,0.00,10.0,10.0,100.0,0.00,0.00,0.00,0.00,,0.00,0.00,0.00,0.00,,Matches,GK,False,goalkeeping
21,Ben Amos,eng ENG,GK,Wigan Athletic,32,1990,29,29,"2,572",28.6,0.00,0.00,0.00,0.00,0.00,0.00,0.07,0.00,0.00,0.00,0.00,0.00,0.00,Matches,GK,False,ben amos,2022-2023,standard,21,Ben Amos,eng ENG,GK,32,1990,28.6,0.00,0.00,0.00,,0.00,0.00,,,0.00,0.00,Matches,GK,False,shooting,23,Ben Amos,eng ENG,GK,32,1990,29,"2,572",89,62.1,28.6,1.01,89,0.98,0.00,,0.21,0.90,0.70,1.22,-0.52,-0.52,+0.16,Matches,GK,False,playing_time,21,Ben Amos,eng ENG,GK,32,1990,28.6,0.07,0.00,0.00,0.03,0.21,0.00,0.00,0.00,0.00,,,0.00,Matches,GK,False,misc,4,Ben Amos,eng ENG,GK,32,1990,29,29,"2,572",28.6,1.22,1.22,3.15,1.92,61.1,0.17,0.38,0.45,0.24,24.1,0.10,0.07,0.00,0.03,0.0,Matches,GK,False,goalkeeping
39,Daniel Bachmann,at AUT,GK,Watford,28,1994,45,45,"4,049",45.0,0.00,0.00,0.00,0.00,0.00,0.00,0.16,0.02,0.00,0.00,0.00,0.00,0.00,Matches,GK,False,daniel bachmann,2022-2023,standard,39,Daniel Bachmann,at AUT,GK,28,1994,45.0,0.00,0.00,0.00,,0.00,0.00,,,0.00,0.00,Matches,GK,False,shooting,47,Daniel Bachmann,at AUT,GK,28,1994,45,"4,049",90,97.8,45.0,1.00,90,0.98,0.00,,0.00,1.38,1.18,1.13,0.04,+0.04,-0.94,Matches,GK,False,playing_time,39,Daniel Bachmann,at AUT,GK,28,1994,45.0,0.16,0.02,0.02,0.02,0.13,0.00,0.00,0.00,0.00,,,0.00,Matches,GK,False,misc,5,Daniel Bachmann,at AUT,GK,28,1994,45,45,"4,049",45.0,1.13,1.13,4.13,3.02,72.6,0.36,0.31,0.33,0.36,35.6,0.04,0.04,0.00,0.00,0.0,Matches,GK,False,goalkeeping
55,Nathan Baxter,eng ENG,GK,Hull City,23,1998,12,12,"1,080",12.0,0.00,0.00,0.00,0.00,0.00,0.00,0.08,0.00,0.00,0.00,0.00,0.00,0.00,Matches,GK,False,nathan baxter,2022-2023,standard,55,Nathan Baxter,eng ENG,GK,23,1998,12.0,0.00,0.00,0.00,,0.00,0.00,,,0.00,0.00,Matches,GK,False,shooting,67,Nathan Baxter,eng ENG,GK,23,1998,12,"1,080",90,26.1,12.0,1.00,90,1.00,0.00,,0.67,1.08,1.17,1.75,-0.58,-0.58,-0.50,Matches,GK,False,playing_time,55,Nathan Baxter,eng ENG,GK,23,1998,12.0,0.08,0.00,0.00,0.08,0.00,0.00,0.00,0.00,0.00,,,0.00,Matches,GK,False,misc,6,Nathan Baxter,eng ENG,GK,23,1998,12,12,"1,080",12.0,1.75,1.75,4.25,2.50,58.8,0.33,0.08,0.58,0.08,8.3,0.17,0.08,0.00,0.08,0.0,Matches,GK,False,goalkeeping
61,Steven Benda,de GER,GK,Swansea City,23,1998,21,21,"1,860",20.7,0.00,0.00,0.00,0.00,0.00,0.00,0.00,0.00,0.00,0.00,0.00,0.00,0.00,Matches,GK,False,steven benda,2022-2023,standard,61,Steven Benda,de GER,GK,23,1998,20.7,0.00,0.00,0.00,,0.00,0.00,,,0.00,0.00,Matches,GK,False,shooting,73,Steven Benda,de GER,GK,23,1998,21,"1,860",89,44.9,20.7,1.01,89,0.97,0.00,,0.34,1.57,1.59,1.30,0.29,+0.29,+0.37,Matches,GK,False,playing_time,61,Steven Benda,de GER,GK,23,1998,20.7,0.00,0.00,0.00,0.05,0.10,0.00,0.00,0.00,0.00,,,0.00,Matches,GK,False,misc,7,Steven Benda,de GER,GK,23,1998,21,21,"1,860",20.7,1.30,1.31,3.43,2.13,62.0,0.43,0.29,0.29,0.24,23.8,0.10,0.00,0.05,0.05,100.0,Matches,GK,False,goalkeeping
65,Daniel Bentley,eng ENG,GK,Bristol City,29,1993,13,13,"1,170",13.0,0.00,0.00,0.00,0.00,0.00,0.00,0.00,0.00,0.00,0.00,0.00,0.00,0.00,Matches,GK,False,daniel bentley,2022-2023,standard,65,Daniel Bentley,eng ENG,GK,29,1993,13.0,0.00,0.00,0.00,,0.00,0.00,,,0.00,0.00,Matches,GK,False,shooting,78,Daniel Bentley,eng ENG,GK,29,1993,13,"1,170",90,28.3,13.0,1.00,90,1.00,0.00,,1.15,1.15,1.54,1.62,-0.08,-0.08,-0.08,Matches,GK,False,playing_time,65,Daniel Bentley,eng ENG,GK,29,1993,13.0,0.00,0.00,0.00,0.00,0.15,0.00,0.00,0.00,0.08,,,0.00,Matches,GK,False,misc,8,Daniel Bentley,eng ENG,GK,29,1993,13,13,"1,170",13.0,1.62,1.62,4.31,2.69,62.5,0.31,0.23,0.46,0.31,30.8,0.08,0.08,0.00,0.00,0.0,Matches,GK,False,goalkeeping
70,Bartosz Białkowski,pl POL,GK,Millwall,35,1987,10,10,900,10.0,0.00,0.00,0.00,0.00,0.00,0.00,0.00,0.00,0.00,0.00,0.00,0.00,0.00,Matches,GK,False,bartosz biakowski,2022-2023,standard,70,Bartosz Białkowski,pl POL,GK,35,1987,10.0,0.00,0.00,0.00,,0.00,0.00,,,0.00,0.00,Matches,GK,False,shooting,83,Bartosz Białkowski,pl POL,GK,35,1987,10,900,90,21.7,10.0,1.00,90,1.00,0.00,,3.60,1.30,1.20,1.30,-0.10,-0.10,-0.32,Matches,GK,False,playing_time,70,Bartosz Białkowski,pl POL,GK,35,1987,10.0,0.00,0.00,0.00,0.00,0.00,0.00,0.00,0.10,0.00,,,0.00,Matches,GK,False,misc,9,Bartosz Białkowski,pl POL,GK,35,1987,10,10,900,10.0,1.30,1.30,4.50,3.20,71.1,0.40,0.10,0.50,0.30,30.0,0.10,0.00,0.10,0.00,100.0,Matches,GK,False,goalkeeping
73,Nicholas Bilokapic,au AUS,GK,Huddersfield,19,2002,6,5,480,5.3,0.00,0.19,0.19,0.00,0.00,0.00,0.00,0.00,0.00,0.19,0.19,0.00,0.19,Matches,GK,False,nicholas bilokapic,2022-2023,standard,73,Nicholas Bilokapic,au AUS,GK,19,2002,5.3,0.00,0.00,0.00,,0.00,0.00,,,0.00,0.00,Matches,GK,False,shooting,86,Nicholas Bilokapic,au AUS,GK,19,2002,6,480,80,11.6,5.3,0.94,90,0.94,0.19,30,5.85,0.67,0.57,2.45,-1.89,-1.87,-1.75,Matches,GK,False,playing_time,73,Nicholas Bilokapic,au AUS,GK,19,2002,5.3,0.00,0.00,0.00,0.00,0.19,0.00,0.00,0.00,0.00,,,0.00,Matches,GK,False,misc,10,Nicholas Bilokapic,au AUS,GK,19,2002,6,5,480,5.3,2.45,2.44,6.23,3.77,60.6,0.19,0.19,0.57,0.00,0.0,0.00,0.00,0.00,0.00,,Matches,GK,False,goalkeeping
79,Jack Bonham,ie IRL,GK,Stoke City,28,1993,23,22,"2,025",22.5,0.00,0.00,0.00,0.00,0.00,0.00,0.04,0.00,0.00,0.00,0.00,0.00,0.00,Matches,GK,False,jack bonham,2022-2023,standard,79,Jack Bonham,ie IRL,GK,28,1993,22.5,0.00,0.00,0.00,,0.00,0.00,,,0.00,0.00,Matches,GK,False,shooting,93,Jack Bonham,ie IRL,GK,28,1993,23,"2,025",88,48.9,22.5,0.98,90,0.98,0.04,45,0.89,1.22,1.38,1.16,0.22,+0.22,+0.39,Matches,GK,False,playing_time,79,Jack Bonham,ie IRL,GK,28,1993,22.5,0.04,0.00,0.00,0.00,0.13,0.00,0.00,0.00,0.00,,,0.00,Matches,GK,False,misc,11,Jack Bonham,ie IRL,GK,28,1993,23,22,"2,025",22.5,1.16,1.16,3.07,1.91,62.3,0.27,0.31,0.40,0.27,27.3,0.09,0.04,0.04,0.00,50.0,Matches,GK,False,goalkeeping
81,Dean Bouzanis,au AUS,GK,Reading,31,1990,5,4,419,4.7,0.00,0.00,0.00,0.00,0.00,0.00,0.21,0.00,0.00,0.00,0.00,0.00,0.00,Matches,GK,False,dean bouzanis,2022-2023,standard,81,Dean Bouzanis,au AUS,GK,31,1990,4.7,0.00,0.00,0.00,,0.00,0.00,,,0.00,0.00,Matches,GK,False,shooting,95,Dean Bouzanis,au AUS,GK,31,1990,5,419,84,10.1,4.7,0.85,90,0.85,0.21,59,7.45,1.20,0.64,1.91,-1.28,-1.29,-0.90,Matches,GK,False,playing_time,81,Dean Bouzanis,au AUS,GK,31,1990,4.7,0.21,0.00,0.00,0.00,0.21,0.00,0.00,0.00,0.00,,,0.00,Matches,GK,False,misc,12,Dean Bouzanis,au AUS,GK,31,1990,5,4,419,4.7,1.91,1.93,4.04,2.13,52.6,0.43,0.00,0.43,0.21,25.0,0.43,0.43,0.00,0.00,0.0,Matches,GK,False,goalkeeping
83,Coniah Boyce-Clarke,jm JAM,GK,Reading,19,2003,1,1,90,1.0,0.00,0.00,0.00,0.00,0.00,0.00,0.00,0.00,0.00,0.00,0.00,0.00,0.00,Matches,GK,False,coniah boyce-clarke,2022-2023,standard,83,Coniah Boyce-Clarke,jm JAM,GK,19,2003,1.0,0.00,0.00,0.00,,0.00,0.00,,,0.00,0.00,Matches,GK,False,shooting,97,Coniah Boyce-Clarke,jm JAM,GK,19,2003,1,90,90,2.2,1.0,1.00,90,1.00,0.00,,8.00,0.00,0.00,2.00,-2.00,-2.00,-1.56,Matches,GK,False,playing_time,83,Coniah Boyce-Clarke,jm JAM,GK,19,2003,1.0,0.00,0.00,0.00,0.00,0.00,0.00,0.00,0.00,0.00,,,0.00,Matches,GK,False,misc,13,Coniah Boyce-Clarke,jm JAM,GK,19,2003,1,1,90,1.0,2.00,2.00,6.00,4.00,66.7,0.00,0.00,1.00,0.00,0.0,0.00,0.00,0.00,0.00,,Matches,GK,False,goalkeeping
105,Josef Bursik,eng ENG,GK,Stoke City,22,2000,16,16,"1,440",16.0,0.00,0.00,0.00,0.00,0.00,0.00,0.06,0.00,0.00,0.00,0.00,0.00,0.00,Matches,GK,False,josef bursik,2022-2023,standard,105,Josef Bursik,eng ENG,GK,22,2000,16.0,0.00,0.00,0.00,,0.00,0.00,,,0.00,0.00,Matches,GK,False,shooting,119,Josef Bursik,eng ENG,GK,22,2000,16,"1,440",90,34.8,16.0,1.00,90,1.00,0.00,,0.63,1.13,1.06,1.38,-0.31,-0.31,-0.51,Matches,GK,False,playing_time,105,Josef Bursik,eng ENG,GK,22,2000,16.0,0.06,0.00,0.00,0.00,0.25,0.00,0.00,0.00,0.00,,,0.00,Matches,GK,False,misc,14,Josef Bursik,eng ENG,GK,22,2000,16,16,"1,440",16.0,1.38,1.37,3.69,2.31,62.7,0.31,0.19,0.50,0.31,31.3,0.00,0.00,0.00,0.00,,Matches,GK,False,goalkeeping
106,David Button,eng ENG,GK,West Brom,33,1989,13,13,"1,170",13.0,0.00,0.00,0.00,0.00,0.00,0.00,0.08,0.00,0.00,0.00,0.00,0.00,0.00,Matches,GK,False,david button,2022-2023,standard,106,David Button,eng ENG,GK,33,1989,13.0,0.00,0.00,0.00,,0.00,0.00,,,0.00,0.00,Matches,GK,False,shooting,120,David Button,eng ENG,GK,33,1989,13,"1,170",90,28.3,13.0,1.00,90,1.00,0.00,,1.92,1.00,1.38,1.46,-0.08,-0.08,-0.29,Matches,GK,False,playing_time,106,David Button,eng ENG,GK,33,1989,13.0,0.08,0.00,0.00,0.08,0.08,0.00,0.00,0.00,0.00,,,0.00,Matches,GK,False,misc,15,David Button,eng ENG,GK,33,1989,13,13,"1,170",13.0,1.46,1.46,2.85,1.38,48.6,0.15,0.54,0.31,0.15,15.4,0.15,0.08,0.08,0.00,50.0,Matches,GK,False,goalkeeping
181,Karl Darlow,wls WAL,GK,Hull City,31,1990,12,12,"1,080",12.0,0.00,0.00,0.00,0.00,0.00,0.00,0.17,0.00,0.00,0.00,0.00,0.00,0.00,Matches,GK,False,karl darlow,2022-2023,standard,181,Karl Darlow,wls WAL,GK,31,1990,12.0,0.00,0.00,0.00,,0.00,0.00,,,0.00,0.00,Matches,GK,False,shooting,202,Karl Darlow,wls WAL,GK,31,1990,12,"1,080",90,26.1,12.0,1.00,90,1.00,0.00,,0.42,1.25,1.08,1.17,-0.08,-0.08,+0.18,Matches,GK,False,playing_time,181,Karl Darlow,wls WAL,GK,31,1990,12.0,0.17,0.00,0.00,0.00,0.25,0.00,0.00,0.00,0.00,,,0.00,Matches,GK,False,misc,16,Karl Darlow,wls WAL,GK,31,1990,12,12,"1,080",12.0,1.17,1.17,4.08,2.92,71.4,0.25,0.50,0.25,0.42,41.7,0.17,0.17,0.00,0.00,0.0,Matches,GK,False,goalkeeping
183,Adam Davies,wls WAL,GK,Sheffield United,30,1992,7,6,612,6.8,0.00,0.00,0.00,0.00,0.00,0.00,0.00,0.00,0.00,0.00,0.00,0.00,0.00,Matches,GK,False,adam davies,2022-2023,standard,183,Adam Davies,wls WAL,GK,30,1992,6.8,0.00,0.00,0.00,,0.00,0.00,,,0.00,0.00,Matches,GK,False,shooting,204,Adam Davies,wls WAL,GK,30,1992,7,612,87,14.8,6.8,0.88,90,0.88,0.15,72,4.26,1.86,1.62,1.03,0.59,+0.59,-0.18,Matches,GK,False,playing_time,183,Adam Davies,wls WAL,GK,30,1992,6.8,0.00,0.00,0.00,0.00,0.15,0.00,0.00,0.00,0.00,,,0.00,Matches,GK,False,misc,17,Adam Davies,wls WAL,GK,30,1992,7,6,612,6.8,1.03,1.03,3.82,2.79,73.1,0.59,0.15,0.15,0.29,33.3,0.44,0.29,0.15,0.00,33.3,Matches,GK,False,goalkeeping
199,Seny Dieng,sn SEN,GK,QPR,27,1994,46,46,"4,140",46.0,0.02,0.00,0.02,0.02,0.00,0.00,0.04,0.00,0.02,0.00,0.02,0.02,0.02,Matches,GK,False,seny dieng,2022-2023,standard,199,Seny Dieng,sn SEN,GK,27,1994,46.0,0.02,0.04,0.02,50.0,0.04,0.02,0.50,1.00,0.00,0.00,Matches,GK,False,shooting,222,Seny Dieng,sn SEN,GK,27,1994,46,"4,140",90,100.0,46.0,1.00,90,1.00,0.00,,0.00,1.09,0.96,1.54,-0.59,-0.59,,Matches,GK,False,playing_time,199,Seny Dieng,sn SEN,GK,27,1994,46.0,0.04,0.00,0.00,0.02,0.20,0.00,0.00,0.00,0.00,,,0.00,Matches,GK,False,misc,18,Seny Dieng,sn SEN,GK,27,1994,46,46,"4,140",46.0,1.54,1.54,4.13,2.59,62.6,0.28,0.24,0.48,0.20,19.6,0.13,0.09,0.04,0.00,33.3,Matches,GK,False,goalkeeping
235,Neil Etheridge,ph PHI,GK,Birmingham City,32,1990,4,3,323,3.6,0.00,0.00,0.00,0.00,0.00,0.00,0.00,0.00,0.00,0.00,0.00,0.00,0.00,Matches,GK,False,neil etheridge,2022-2023,standard,235,Neil Etheridge,ph PHI,GK,32,1990,3.6,0.00,0.00,0.00,,0.00,0.00,,,0.00,0.00,Matches,GK,False,shooting,262,Neil Etheridge,ph PHI,GK,32,1990,4,323,81,7.8,3.6,0.83,90,0.83,0.28,53,11.7,0.75,0.28,1.39,-1.11,-1.11,-0.95,Matches,GK,False,playing_time,235,Neil Etheridge,ph PHI,GK,32,1990,3.6,0.00,0.00,0.00,0.00,0.56,0.00,0.00,0.00,0.00,,,0.00,Matches,GK,False,misc,19,Neil Etheridge,ph PHI,GK,32,1990,4,3,323,3.6,1.39,1.39,3.89,2.50,64.3,0.00,0.00,0.83,0.28,33.3,0.28,0.28,0.00,0.00,0.0,Matches,GK,False,goalkeeping
246,Andy Fisher,eng ENG,GK,Swansea City,24,1998,26,25,"2,280",25.3,0.00,0.00,0.00,0.00,0.00,0.00,0.08,0.00,0.00,0.00,0.00,0.00,0.00,Matches,GK,False,andy fisher,2022-2023,standard,246,Andy Fisher,eng ENG,GK,24,1998,25.3,0.00,0.00,0.00,,0.00,0.00,,,0.00,0.00,Matches,GK,False,shooting,275,Andy Fisher,eng ENG,GK,24,1998,26,"2,280",88,55.1,25.3,0.99,90,0.99,0.04,30,0.79,1.31,1.38,1.46,-0.08,-0.08,-0.37,Matches,GK,False,playing_time,246,Andy Fisher,eng ENG,GK,24,1998,25.3,0.08,0.00,0.00,0.04,0.32,0.00,0.00,0.00,0.00,,,0.00,Matches,GK,False,misc,20,Andy Fisher,eng ENG,GK,24,1998,26,25,"2,280",25.3,1.46,1.46,3.87,2.41,62.2,0.36,0.24,0.40,0.24,24.0,0.12,0.08,0.04,0.00,33.3,Matches,GK,False,goalkeeping
253,Wes Foderingham,eng ENG,GK,Sheffield United,31,1991,40,40,"3,512",39.0,0.00,0.03,0.03,0.00,0.00,0.00,0.05,0.05,0.00,0.03,0.03,0.00,0.03,Matches,GK,False,wes foderingham,2022-2023,standard,253,Wes Foderingham,eng ENG,GK,31,1991,39.0,0.00,0.03,0.00,0.0,0.03,0.00,0.00,,0.00,0.00,Matches,GK,False,shooting,282,Wes Foderingham,eng ENG,GK,31,1991,40,"3,512",88,84.8,39.0,1.03,88,0.95,0.00,,0.03,1.95,1.56,0.82,0.74,+0.74,+0.03,Matches,GK,False,playing_time,253,Wes Foderingham,eng ENG,GK,31,1991,39.0,0.05,0.05,0.00,0.05,0.18,0.00,0.00,0.00,0.03,,,0.00,Matches,GK,False,misc,21,Wes Foderingham,eng ENG,GK,31,1991,40,40,"3,512",39.0,0.82,0.82,2.67,1.85,69.2,0.62,0.15,0.26,0.44,42.5,0.03,0.00,0.03,0.00,100.0,Matches,GK,False,goalkeeping
288,Joshua Griffiths,eng ENG,GK,West Brom,20,2001,10,10,900,10.0,0.00,0.00,0.00,0.00,0.00,0.00,0.00,0.00,0.00,0.00,0.00,0.00,0.00,Matches,GK,False,joshua griffiths,2022-2023,standard,288,Joshua Griffiths,eng ENG,GK,20,2001,10.0,0.00,0.00,0.00,,0.00,0.00,,,0.00,0.00,Matches,GK,False,shooting,320,Joshua Griffiths,eng ENG,GK,20,2001,10,900,90,21.7,10.0,1.00,90,1.00,0.00,,0.80,1.30,1.10,1.20,-0.10,-0.10,-0.29,Matches,GK,False,playing_time,288,Joshua Griffiths,eng ENG,GK,20,2001,10.0,0.00,0.00,0.00,0.00,0.30,0.00,0.00,0.00,0.00,,,0.00,Matches,GK,False,misc,22,Joshua Griffiths,eng ENG,GK,20,2001,10,10,900,10.0,1.20,1.20,3.90,2.60,69.2,0.30,0.40,0.30,0.40,40.0,0.00,0.00,0.00,0.00,,Matches,GK,False,goalkeeping
290,Daniel Grimshaw,eng ENG,GK,Blackpool,24,1998,18,18,"1,620",18.0,0.00,0.00,0.00,0.00,0.00,0.00,0.06,0.00,0.00,0.00,0.00,0.00,0.00,Matches,GK,False,daniel grimshaw,2022-2023,standard,290,Daniel Grimshaw,eng ENG,GK,24,1998,18.0,0.00,0.00,0.00,,0.00,0.00,,,0.00,0.00,Matches,GK,False,shooting,322,Daniel Grimshaw,eng ENG,GK,24,1998,18,"1,620",90,39.1,18.0,1.00,90,1.00,0.00,,1.56,1.22,1.00,1.33,-0.33,-0.33,+0.31,Matches,GK,False,playing_time,290,Daniel Grimshaw,eng ENG,GK,24,1998,18.0,0.06,0.00,0.00,0.00,0.00,0.00,0.00,0.00,0.00,,,0.00,Matches,GK,False,misc,23,Daniel Grimshaw,eng ENG,GK,24,1998,18,18,"1,620",18.0,1.33,1.33,4.78,3.44,72.1,0.33,0.22,0.44,0.33,33.3,0.06,0.06,0.00,0.00,0.0,Matches,GK,False,goalkeeping
292,Angus Gunn,sct SCO,GK,Norwich City,26,1996,30,30,"2,700",30.0,0.00,0.00,0.00,0.00,0.00,0.00,0.03,0.00,0.00,0.00,0.00,0.00,0.00,Matches,GK,False,angus gunn,2022-2023,standard,292,Angus Gunn,sct SCO,GK,26,1996,30.0,0.00,0.00,0.00,,0.00,0.00,,,0.00,0.00,Matches,GK,False,shooting,325,Angus Gunn,sct SCO,GK,26,1996,30,"2,700",90,65.2,30.0,1.00,90,1.00,0.00,,0.43,1.07,0.97,1.20,-0.23,-0.23,-0.86,Matches,GK,False,playing_time,292,Angus Gunn,sct SCO,GK,26,1996,30.0,0.03,0.00,0.00,0.00,0.17,0.00,0.00,0.07,0.03,,,0.00,Matches,GK,False,misc,24,Angus Gunn,sct SCO,GK,26,1996,30,30,"2,700",30.0,1.20,1.20,3.97,2.83,69.7,0.27,0.27,0.47,0.23,23.3,0.10,0.07,0.03,0.00,33.3,Matches,GK,False,goalkeeping
298,Ben Hamer,eng ENG,GK,Watford,34,1987,1,1,90,1.0,0.00,0.00,0.00,0.00,0.00,0.00,0.00,0.00,0.00,0.00,0.00,0.00,0.00,Matches,GK,False,ben hamer,2022-2023,standard,298,Ben Hamer,eng ENG,GK,34,1987,1.0,0.00,0.00,0.00,,0.00,0.00,,,0.00,0.00,Matches,GK,False,shooting,332,Ben Hamer,eng ENG,GK,34,1987,1,90,90,2.2,1.0,1.00,90,1.00,0.00,,25.0,1.00,2.00,2.00,0.00,0.00,-0.07,Matches,GK,False,playing_time,298,Ben Hamer,eng ENG,GK,34,1987,1.0,0.00,0.00,0.00,0.00,0.00,0.00,0.00,0.00,0.00,,,0.00,Matches,GK,False,misc,25,Ben Hamer,eng ENG,GK,34,1987,1,1,90,1.0,2.00,2.00,6.00,4.00,66.7,0.00,1.00,0.00,0.00,0.0,0.00,0.00,0.00,0.00,,Matches,GK,False,goalkeeping
311,Robbie Hemfrey,sct SCO,GK,Rotherham,20,2002,1,0,45,0.5,0.00,0.00,0.00,0.00,0.00,0.00,0.00,0.00,0.00,0.00,0.00,0.00,0.00,Matches,GK,False,robbie hemfrey,2022-2023,standard,311,Robbie Hemfrey,sct SCO,GK,20,2002,0.5,0.00,0.00,0.00,,0.00,0.00,,,0.00,0.00,Matches,GK,False,shooting,345,Robbie Hemfrey,sct SCO,GK,20,2002,1,45,45,1.1,0.5,0.00,,0.00,2.00,45,22.0,1.00,2.00,2.00,0.00,0.00,+0.24,Matches,GK,False,playing_time,311,Robbie Hemfrey,sct SCO,GK,20,2002,0.5,0.00,0.00,0.00,0.00,0.00,0.00,0.00,0.00,0.00,,,0.00,Matches,GK,False,misc,26,Robbie Hemfrey,sct SCO,GK,20,2002,1,0,45,0.5,2.00,2.00,12.0,10.0,83.3,0.00,0.00,0.00,0.00,,0.00,0.00,0.00,0.00,,Matches,GK,False,goalkeeping
328,Ethan Horvath,us USA,GK,Luton Town,27,1995,44,44,"3,960",44.0,0.00,0.00,0.00,0.00,0.00,0.00,0.00,0.00,0.00,0.00,0.00,0.00,0.00,Matches,GK,False,ethan horvath,2022-2023,standard,328,Ethan Horvath,us USA,GK,27,1995,44.0,0.00,0.00,0.00,,0.00,0.00,,,0.00,0.00,Matches,GK,False,shooting,366,Ethan Horvath,us USA,GK,27,1995,44,"3,960",90,95.7,44.0,1.00,90,1.00,0.00,,0.00,1.77,1.30,0.84,0.45,+0.45,+1.45,Matches,GK,False,playing_time,328,Ethan Horvath,us USA,GK,27,1995,44.0,0.00,0.00,0.00,0.00,0.11,0.00,0.00,0.02,0.00,,,0.02,Matches,GK,False,misc,27,Ethan Horvath,us USA,GK,27,1995,44,44,"3,960",44.0,0.84,0.84,2.91,2.07,71.1,0.48,0.36,0.16,0.43,43.2,0.11,0.11,0.00,0.00,0.0,Matches,GK,False,goalkeeping
348,Matt Ingram,eng ENG,GK,Hull City,28,1993,22,22,"1,980",22.0,0.00,0.00,0.00,0.00,0.00,0.00,0.05,0.00,0.00,0.00,0.00,0.00,0.00,Matches,GK,False,matt ingram,2022-2023,standard,348,Matt Ingram,eng ENG,GK,28,1993,22.0,0.00,0.00,0.00,,0.00,0.00,,,0.00,0.00,Matches,GK,False,shooting,389,Matt Ingram,eng ENG,GK,28,1993,22,"1,980",90,47.8,22.0,1.00,90,1.00,0.00,,0.86,1.36,1.09,1.18,-0.09,-0.09,+0.24,Matches,GK,False,playing_time,348,Matt Ingram,eng ENG,GK,28,1993,22.0,0.05,0.00,0.00,0.00,0.14,0.00,0.00,0.00,0.00,,,0.00,Matches,GK,False,misc,28,Matt Ingram,eng ENG,GK,28,1993,22,22,"1,980",22.0,1.18,1.18,4.41,3.23,73.2,0.32,0.41,0.27,0.36,36.4,0.14,0.09,0.05,0.00,33.3,Matches,GK,False,goalkeeping
350,Harvey Isted,eng ENG,GK,Luton Town,25,1997,1,1,90,1.0,0.00,0.00,0.00,0.00,0.00,0.00,0.00,0.00,0.00,0.00,0.00,0.00,0.00,Matches,GK,False,harvey isted,2022-2023,standard,350,Harvey Isted,eng ENG,GK,25,1997,1.0,0.00,0.00,0.00,,0.00,0.00,,,0.00,0.00,Matches,GK,False,shooting,391,Harvey Isted,eng ENG,GK,25,1997,1,90,90,2.2,1.0,1.00,90,1.00,0.00,,17.0,0.00,0.00,2.00,-2.00,-2.00,-2.44,Matches,GK,False,playing_time,350,Harvey Isted,eng ENG,GK,25,1997,1.0,0.00,0.00,0.00,0.00,1.00,0.00,0.00,0.00,0.00,,,0.00,Matches,GK,False,misc,29,Harvey Isted,eng ENG,GK,25,1997,1,1,90,1.0,2.00,2.00,3.00,1.00,33.3,0.00,0.00,1.00,0.00,0.0,0.00,0.00,0.00,0.00,,Matches,GK,False,goalkeeping
361,Viktor Johansson,se SWE,GK,Rotherham,23,1998,43,43,"3,870",43.0,0.00,0.00,0.00,0.00,0.00,0.00,0.07,0.00,0.00,0.00,0.00,0.00,0.00,Matches,GK,False,viktor johansson,2022-2023,standard,361,Viktor Johansson,se SWE,GK,23,1998,43.0,0.00,0.00,0.00,,0.00,0.00,,,0.00,0.00,Matches,GK,False,shooting,404,Viktor Johansson,se SWE,GK,23,1998,43,"3,870",90,93.5,43.0,1.00,90,1.00,0.00,,0.00,1.12,1.09,1.30,-0.21,-0.21,+0.46,Matches,GK,False,playing_time,361,Viktor Johansson,se SWE,GK,23,1998,43.0,0.07,0.00,0.00,0.00,0.35,0.00,0.02,0.07,0.00,,,0.00,Matches,GK,False,misc,30,Viktor Johansson,se SWE,GK,23,1998,43,43,"3,870",43.0,1.30,1.30,4.88,3.65,73.3,0.26,0.35,0.40,0.30,30.2,0.14,0.09,0.02,0.02,20.0,Matches,GK,False,goalkeeping
367,Jamie Jones,eng ENG,GK,Wigan Athletic,33,1989,17,16,"1,478",16.4,0.00,0.00,0.00,0.00,0.00,0.00,0.00,0.00,0.00,0.00,0.00,0.00,0.00,Matches,GK,False,jamie jones,2022-2023,standard,367,Jamie Jones,eng ENG,GK,33,1989,16.4,0.00,0.00,0.00,,0.00,0.00,,,0.00,0.00,Matches,GK,False,shooting,411,Jamie Jones,eng ENG,GK,33,1989,17,"1,478",87,35.7,16.4,0.98,90,0.98,0.06,38,1.52,1.12,1.10,1.83,-0.73,-0.73,-0.22,Matches,GK,False,playing_time,367,Jamie Jones,eng ENG,GK,33,1989,16.4,0.00,0.00,0.00,0.00,0.18,0.00,0.00,0.00,0.00,,,0.00,Matches,GK,False,misc,31,Jamie Jones,eng ENG,GK,33,1989,17,16,"1,478",16.4,1.83,1.83,4.09,2.26,55.2,0.30,0.18,0.49,0.12,12.5,0.12,0.12,0.00,0.00,0.0,Matches,GK,False,goalkeeping
379,Thomas Kaminski,be BEL,GK,Blackburn,29,1992,28,28,"2,520",28.0,0.00,0.00,0.00,0.00,0.00,0.00,0.11,0.00,0.00,0.00,0.00,0.00,0.00,Matches,GK,False,thomas kaminski,2022-2023,standard,379,Thomas Kaminski,be BEL,GK,29,1992,28.0,0.00,0.00,0.00,,0.00,0.00,,,0.00,0.00,Matches,GK,False,shooting,424,Thomas Kaminski,be BEL,GK,29,1992,28,"2,520",90,60.9,28.0,1.00,90,1.00,0.00,,0.29,1.54,1.11,1.25,-0.14,-0.14,-0.25,Matches,GK,False,playing_time,379,Thomas Kaminski,be BEL,GK,29,1992,28.0,0.11,0.00,0.00,0.00,0.11,0.00,0.00,0.00,0.00,,,0.00,Matches,GK,False,misc,32,Thomas Kaminski,be BEL,GK,29,1992,28,28,"2,520",28.0,1.25,1.25,4.21,2.96,70.3,0.50,0.04,0.46,0.36,35.7,0.04,0.04,0.00,0.00,0.0,Matches,GK,False,goalkeeping
401,Tim Krul,nl NED,GK,Norwich City,34,1988,16,16,"1,440",16.0,0.00,0.00,0.00,0.00,0.00,0.00,0.13,0.00,0.00,0.00,0.00,0.00,0.00,Matches,GK,False,tim krul,2022-2023,standard,401,Tim Krul,nl NED,GK,34,1988,16.0,0.00,0.00,0.00,,0.00,0.00,,,0.00,0.00,Matches,GK,False,shooting,447,Tim Krul,nl NED,GK,34,1988,16,"1,440",90,34.8,16.0,1.00,90,1.00,0.00,,1.81,1.88,1.75,1.13,0.63,+0.62,+0.86,Matches,GK,False,playing_time,401,Tim Krul,nl NED,GK,34,1988,16.0,0.13,0.00,0.00,0.00,0.19,0.00,0.00,0.00,0.00,,,0.00,Matches,GK,False,misc,33,Tim Krul,nl NED,GK,34,1988,16,16,"1,440",16.0,1.13,1.13,3.44,2.31,67.3,0.56,0.19,0.25,0.31,31.3,0.00,0.00,0.00,0.00,,Matches,GK,False,goalkeeping
421,George Long,eng ENG,GK,Millwall,28,1993,36,36,"3,240",36.0,0.00,0.00,0.00,0.00,0.00,0.00,0.08,0.00,0.00,0.00,0.00,0.00,0.00,Matches,GK,False,george long,2022-2023,standard,421,George Long,eng ENG,GK,28,1993,36.0,0.00,0.00,0.00,,0.00,0.00,,,0.00,0.00,Matches,GK,False,shooting,471,George Long,eng ENG,GK,28,1993,36,"3,240",90,78.3,36.0,1.00,90,1.00,0.00,,0.25,1.53,1.25,1.03,0.22,+0.22,+0.32,Matches,GK,False,playing_time,421,George Long,eng ENG,GK,28,1993,36.0,0.08,0.00,0.00,0.00,0.06,0.00,0.00,0.03,0.08,,,0.00,Matches,GK,False,misc,34,George Long,eng ENG,GK,28,1993,36,36,"3,240",36.0,1.03,1.03,3.00,2.00,65.7,0.42,0.28,0.31,0.33,33.3,0.06,0.06,0.00,0.00,0.0,Matches,GK,False,goalkeeping
433,Joe Lumley,eng ENG,GK,Reading,27,1995,41,41,"3,631",40.3,0.00,0.02,0.02,0.00,0.00,0.00,0.15,0.00,0.00,0.02,0.02,0.00,0.02,Matches,GK,False,joe lumley,2022-2023,standard,433,Joe Lumley,eng ENG,GK,27,1995,40.3,0.00,0.02,0.00,0.0,0.02,0.00,0.00,,0.00,0.00,Matches,GK,False,shooting,486,Joe Lumley,eng ENG,GK,27,1995,41,"3,631",89,87.7,40.3,1.02,89,0.99,0.00,,0.02,1.07,1.07,1.41,-0.35,-0.35,+1.07,Matches,GK,False,playing_time,433,Joe Lumley,eng ENG,GK,27,1995,40.3,0.15,0.00,0.00,0.02,0.15,0.00,0.00,0.00,0.02,,,0.00,Matches,GK,False,misc,35,Joe Lumley,eng ENG,GK,27,1995,41,41,"3,631",40.3,1.41,1.41,3.82,2.48,63.0,0.27,0.27,0.47,0.17,17.1,0.10,0.10,0.00,0.00,0.0,Matches,GK,False,goalkeeping
434,Rohan Luthra,eng ENG,GK,Cardiff City,21,2001,1,0,1,0.0,0,0,0,0,0,0,0,0,0.00,0.00,0.00,0.00,0.00,Matches,GK,False,rohan luthra,2022-2023,standard,434,Rohan Luthra,eng ENG,GK,21,2001,0.0,0,0,0,,0.00,0.00,,,0,0,Matches,GK,False,shooting,488,Rohan Luthra,eng ENG,GK,21,2001,1,1,1,0.0,0.0,0,,0,1,1,7,0.00,0,1,-1,-90.00,-89.65,Matches,GK,False,playing_time,434,Rohan Luthra,eng ENG,GK,21,2001,0.0,0,0,0,0,0,0,0,0,0,,,0,Matches,GK,False,misc,36,Rohan Luthra,eng ENG,GK,21,2001,1,0,1,0.0,1,90.00,2,1,50.0,0,0,0,0,,0,0,0,0,,Matches,GK,False,goalkeeping
456,Chris Maxwell,wls WAL,GK,Blackpool,32,1990,28,28,"2,520",28.0,0.00,0.00,0.00,0.00,0.00,0.00,0.07,0.00,0.00,0.00,0.00,0.00,0.00,Matches,GK,False,chris maxwell,2022-2023,standard,456,Chris Maxwell,wls WAL,GK,32,1990,28.0,0.00,0.00,0.00,,0.00,0.00,,,0.00,0.00,Matches,GK,False,shooting,513,Chris Maxwell,wls WAL,GK,32,1990,28,"2,520",90,60.9,28.0,1.00,90,1.00,0.00,,0.50,0.79,1.07,1.71,-0.64,-0.64,-0.31,Matches,GK,False,playing_time,456,Chris Maxwell,wls WAL,GK,32,1990,28.0,0.07,0.00,0.00,0.07,0.21,0.00,0.00,0.00,0.00,,,0.00,Matches,GK,False,misc,37,Chris Maxwell,wls WAL,GK,32,1990,28,28,"2,520",28.0,1.71,1.71,4.82,3.11,64.4,0.18,0.25,0.57,0.18,17.9,0.18,0.14,0.00,0.04,0.0,Matches,GK,False,goalkeeping
483,Simon Moore,eng ENG,GK,Coventry City,32,1990,3,3,270,3.0,0.00,0.00,0.00,0.00,0.00,0.00,0.00,0.00,0.00,0.00,0.00,0.00,0.00,Matches,GK,False,simon moore,2022-2023,standard,483,Simon Moore,eng ENG,GK,32,1990,3.0,0.00,0.00,0.00,,0.00,0.00,,,0.00,0.00,Matches,GK,False,shooting,545,Simon Moore,eng ENG,GK,32,1990,3,270,90,6.5,3.0,1.00,90,1.00,0.00,,13.0,0.33,1.67,2.33,-0.67,-0.67,-0.99,Matches,GK,False,playing_time,483,Simon Moore,eng ENG,GK,32,1990,3.0,0.00,0.00,0.00,0.00,0.00,0.00,0.00,0.00,0.00,,,0.00,Matches,GK,False,misc,38,Simon Moore,eng ENG,GK,32,1990,3,3,270,3.0,2.33,2.33,5.00,2.67,53.3,0.00,0.33,0.67,0.00,0.0,0.00,0.00,0.00,0.00,,Matches,GK,False,goalkeeping
491,Arijanet Muric,xk KVX,GK,Burnley,23,1998,41,41,"3,614",40.2,0.00,0.00,0.00,0.00,0.00,0.00,0.07,0.00,0.00,0.00,0.00,0.00,0.00,Matches,GK,False,arijanet muric,2022-2023,standard,491,Arijanet Muric,xk KVX,GK,23,1998,40.2,0.00,0.00,0.00,,0.00,0.00,,,0.00,0.00,Matches,GK,False,shooting,555,Arijanet Muric,xk KVX,GK,23,1998,41,"3,614",88,87.3,40.2,1.02,88,0.95,0.00,,0.07,2.20,1.92,0.77,1.14,+1.15,+0.12,Matches,GK,False,playing_time,491,Arijanet Muric,xk KVX,GK,23,1998,40.2,0.07,0.00,0.00,0.02,0.20,0.00,0.00,0.00,0.02,,,0.00,Matches,GK,False,misc,39,Arijanet Muric,xk KVX,GK,23,1998,41,41,"3,614",40.2,0.77,0.77,3.06,2.29,74.8,0.65,0.30,0.07,0.45,43.9,0.07,0.05,0.02,0.00,33.3,Matches,GK,False,goalkeeping
504,Lee Nicholls,eng ENG,GK,Huddersfield,29,1992,28,28,"2,520",28.0,0.00,0.00,0.00,0.00,0.00,0.00,0.11,0.00,0.00,0.00,0.00,0.00,0.00,Matches,GK,False,lee nicholls,2022-2023,standard,504,Lee Nicholls,eng ENG,GK,29,1992,28.0,0.00,0.00,0.00,,0.00,0.00,,,0.00,0.00,Matches,GK,False,shooting,570,Lee Nicholls,eng ENG,GK,29,1992,28,"2,520",90,60.9,28.0,1.00,90,1.00,0.00,,0.00,1.21,1.04,1.18,-0.14,-0.14,+0.47,Matches,GK,False,playing_time,504,Lee Nicholls,eng ENG,GK,29,1992,28.0,0.11,0.00,0.00,0.00,0.18,0.00,0.00,0.00,0.04,,,0.04,Matches,GK,False,misc,40,Lee Nicholls,eng ENG,GK,29,1992,28,28,"2,520",28.0,1.18,1.18,4.14,2.96,71.6,0.36,0.14,0.50,0.29,28.6,0.11,0.04,0.07,0.00,66.7,Matches,GK,False,goalkeeping
515,Max O'Leary,ie IRL,GK,Bristol City,25,1996,33,33,"2,970",33.0,0.00,0.00,0.00,0.00,0.00,0.00,0.00,0.00,0.00,0.00,0.00,0.00,0.00,Matches,GK,False,max o'leary,2022-2023,standard,515,Max O'Leary,ie IRL,GK,25,1996,33.0,0.00,0.00,0.00,,0.00,0.00,,,0.00,0.00,Matches,GK,False,shooting,581,Max O'Leary,ie IRL,GK,25,1996,33,"2,970",90,71.7,33.0,1.00,90,1.00,0.00,,0.39,1.33,1.06,1.06,0.00,0.00,+0.08,Matches,GK,False,playing_time,515,Max O'Leary,ie IRL,GK,25,1996,33.0,0.00,0.00,0.00,0.00,0.21,0.00,0.00,0.00,0.00,,,0.00,Matches,GK,False,misc,41,Max O'Leary,ie IRL,GK,25,1996,33,33,"2,970",33.0,1.06,1.06,3.36,2.30,68.5,0.33,0.33,0.33,0.24,24.2,0.09,0.06,0.03,0.00,33.3,Matches,GK,False,goalkeeping
534,Alex Palmer,eng ENG,GK,West Brom,25,1996,23,23,"2,070",23.0,0.00,0.00,0.00,0.00,0.00,0.00,0.00,0.00,0.00,0.00,0.00,0.00,0.00,Matches,GK,False,alex palmer,2022-2023,standard,534,Alex Palmer,eng ENG,GK,25,1996,23.0,0.00,0.00,0.00,,0.00,0.00,,,0.00,0.00,Matches,GK,False,shooting,602,Alex Palmer,eng ENG,GK,25,1996,23,"2,070",90,50.0,23.0,1.00,90,1.00,0.00,,0.57,1.74,1.30,0.96,0.35,+0.35,+0.43,Matches,GK,False,playing_time,534,Alex Palmer,eng ENG,GK,25,1996,23.0,0.00,0.00,0.00,0.00,0.00,0.00,0.00,0.09,0.00,,,0.00,Matches,GK,False,misc,42,Alex Palmer,eng ENG,GK,25,1996,23,23,"2,070",23.0,0.96,0.96,3.17,2.22,69.9,0.57,0.04,0.39,0.43,43.5,0.09,0.09,0.00,0.00,0.0,Matches,GK,False,goalkeeping
540,Anthony Patterson,eng ENG,GK,Sunderland,22,2000,46,46,"4,140",46.0,0.00,0.02,0.02,0.00,0.00,0.00,0.02,0.00,0.00,0.02,0.02,0.00,0.02,Matches,GK,False,anthony patterson,2022-2023,standard,540,Anthony Patterson,eng ENG,GK,22,2000,46.0,0.00,0.02,0.00,0.0,0.02,0.00,0.00,,0.00,0.00,Matches,GK,False,shooting,608,Anthony Patterson,eng ENG,GK,22,2000,46,"4,140",90,100.0,46.0,1.00,90,1.00,0.00,,0.00,1.50,1.48,1.20,0.28,+0.28,,Matches,GK,False,playing_time,540,Anthony Patterson,eng ENG,GK,22,2000,46.0,0.02,0.00,0.00,0.00,0.13,0.00,0.00,0.02,0.02,,,0.00,Matches,GK,False,misc,43,Anthony Patterson,eng ENG,GK,22,2000,46,46,"4,140",46.0,1.20,1.20,3.59,2.39,66.7,0.39,0.33,0.28,0.30,30.4,0.13,0.07,0.04,0.02,40.0,Matches,GK,False,goalkeeping
541,Bailey Peacock-Farrell,nir NIR,GK,Burnley,25,1996,8,5,526,5.8,0.00,0.00,0.00,0.00,0.00,0.00,0.00,0.00,0.00,0.00,0.00,0.00,0.00,Matches,GK,False,bailey peacock-farrell,2022-2023,standard,541,Bailey Peacock-Farrell,nir NIR,GK,25,1996,5.8,0.00,0.00,0.00,,0.00,0.00,,,0.00,0.00,Matches,GK,False,shooting,609,Bailey Peacock-Farrell,nir NIR,GK,25,1996,8,526,66,12.7,5.8,0.86,90,0.86,0.52,25,6.55,2.00,1.72,0.69,1.03,+1.03,-0.12,Matches,GK,False,playing_time,541,Bailey Peacock-Farrell,nir NIR,GK,25,1996,5.8,0.00,0.00,0.00,0.00,0.52,0.00,0.00,0.00,0.00,,,0.00,Matches,GK,False,misc,44,Bailey Peacock-Farrell,nir NIR,GK,25,1996,8,5,526,5.8,0.69,0.68,1.90,1.21,63.6,0.52,0.34,0.00,0.69,80.0,0.00,0.00,0.00,0.00,,Matches,GK,False,goalkeeping
543,Aynsley Pears,eng ENG,GK,Blackburn,24,1998,18,18,"1,620",18.0,0.00,0.00,0.00,0.00,0.00,0.00,0.00,0.00,0.00,0.00,0.00,0.00,0.00,Matches,GK,False,aynsley pears,2022-2023,standard,543,Aynsley Pears,eng ENG,GK,24,1998,18.0,0.00,0.00,0.00,,0.00,0.00,,,0.00,0.00,Matches,GK,False,shooting,611,Aynsley Pears,eng ENG,GK,24,1998,18,"1,620",90,39.1,18.0,1.00,90,1.00,0.00,,1.56,1.44,1.17,1.06,0.11,+0.11,+0.25,Matches,GK,False,playing_time,543,Aynsley Pears,eng ENG,GK,24,1998,18.0,0.00,0.00,0.00,0.00,0.17,0.00,0.00,0.00,0.00,,,0.00,Matches,GK,False,misc,45,Aynsley Pears,eng ENG,GK,24,1998,18,18,"1,620",18.0,1.06,1.06,3.28,2.22,67.8,0.33,0.44,0.22,0.28,27.8,0.00,0.00,0.00,0.00,,Matches,GK,False,goalkeeping
581,Liam Roberts,eng ENG,GK,Middlesbrough,27,1994,4,4,360,4.0,0.00,0.00,0.00,0.00,0.00,0.00,0.25,0.00,0.00,0.00,0.00,0.00,0.00,Matches,GK,False,liam roberts,2022-2023,standard,581,Liam Roberts,eng ENG,GK,27,1994,4.0,0.00,0.00,0.00,,0.00,0.00,,,0.00,0.00,Matches,GK,False,shooting,656,Liam Roberts,eng ENG,GK,27,1994,4,360,90,8.7,4.0,1.00,90,1.00,0.00,,10.5,1.50,1.50,1.50,0.00,0.00,-0.67,Matches,GK,False,playing_time,581,Liam Roberts,eng ENG,GK,27,1994,4.0,0.25,0.00,0.00,0.00,0.00,0.00,0.00,0.00,0.00,,,0.00,Matches,GK,False,misc,46,Liam Roberts,eng ENG,GK,27,1994,4,4,360,4.0,1.50,1.50,3.50,2.00,57.1,0.50,0.00,0.50,0.25,25.0,0.25,0.25,0.00,0.00,0.0,Matches,GK,False,goalkeeping
596,John Ruddy,eng ENG,GK,Birmingham City,35,1986,43,43,"3,817",42.4,0.00,0.00,0.00,0.00,0.00,0.00,0.02,0.00,0.00,0.00,0.00,0.00,0.00,Matches,GK,False,john ruddy,2022-2023,standard,596,John Ruddy,eng ENG,GK,35,1986,42.4,0.00,0.02,0.00,0.0,0.02,0.00,0.00,,0.00,0.00,Matches,GK,False,shooting,673,John Ruddy,eng ENG,GK,35,1986,43,"3,817",89,92.2,42.4,1.01,89,0.99,0.00,,0.00,1.23,1.08,1.25,-0.17,-0.17,+0.95,Matches,GK,False,playing_time,596,John Ruddy,eng ENG,GK,35,1986,42.4,0.02,0.00,0.00,0.00,0.05,0.00,0.00,0.02,0.02,,,0.00,Matches,GK,False,misc,47,John Ruddy,eng ENG,GK,35,1986,43,43,"3,817",42.4,1.25,1.25,3.66,2.48,65.8,0.33,0.26,0.42,0.33,32.6,0.09,0.05,0.05,0.00,50.0,Matches,GK,False,goalkeeping
605,Matija Šarkić,me MNE,GK,Stoke City,25,1997,8,8,675,7.5,0.00,0.00,0.00,0.00,0.00,0.00,0.00,0.00,0.00,0.00,0.00,0.00,0.00,Matches,GK,False,matija sarkic,2022-2023,standard,605,Matija Šarkić,me MNE,GK,25,1997,7.5,0.00,0.00,0.00,,0.00,0.00,,,0.00,0.00,Matches,GK,False,shooting,683,Matija Šarkić,me MNE,GK,25,1997,8,675,84,16.3,7.5,1.07,84,0.93,0.00,,0.00,1.25,0.93,0.80,0.13,+0.13,+0.13,Matches,GK,False,playing_time,605,Matija Šarkić,me MNE,GK,25,1997,7.5,0.00,0.00,0.00,0.00,0.00,0.00,0.00,0.13,0.00,,,0.00,Matches,GK,False,misc,48,Matija Šarkić,me MNE,GK,25,1997,8,8,675,7.5,0.80,0.80,3.07,2.27,73.9,0.40,0.13,0.53,0.27,25.0,0.00,0.00,0.00,0.00,,Matches,GK,False,goalkeeping
620,James Shea,eng ENG,GK,Luton Town,31,1991,1,1,90,1.0,0.00,0.00,0.00,0.00,0.00,0.00,0.00,0.00,0.00,0.00,0.00,0.00,0.00,Matches,GK,False,james shea,2022-2023,standard,620,James Shea,eng ENG,GK,31,1991,1.0,0.00,0.00,0.00,,0.00,0.00,,,0.00,0.00,Matches,GK,False,shooting,700,James Shea,eng ENG,GK,31,1991,1,90,90,2.2,1.0,1.00,90,1.00,0.00,,17.0,1.00,0.00,0.00,0.00,0.00,-0.40,Matches,GK,False,playing_time,620,James Shea,eng ENG,GK,31,1991,1.0,0.00,0.00,0.00,0.00,0.00,0.00,0.00,1.00,0.00,,,0.00,Matches,GK,False,misc,49,James Shea,eng ENG,GK,31,1991,1,1,90,1.0,0.00,0.00,1.00,1.00,100.0,0.00,1.00,0.00,1.00,100.0,0.00,0.00,0.00,0.00,,Matches,GK,False,goalkeeping
643,Zack Steffen,us USA,GK,Middlesbrough,27,1995,42,42,"3,780",42.0,0.00,0.02,0.02,0.00,0.00,0.00,0.05,0.00,0.00,0.02,0.02,0.00,0.02,Matches,GK,False,zack steffen,2022-2023,standard,643,Zack Steffen,us USA,GK,27,1995,42.0,0.00,0.00,0.00,,0.00,0.00,,,0.00,0.00,Matches,GK,False,shooting,725,Zack Steffen,us USA,GK,27,1995,42,"3,780",90,91.3,42.0,1.00,90,1.00,0.00,,0.00,1.59,1.86,1.19,0.67,+0.67,+0.67,Matches,GK,False,playing_time,643,Zack Steffen,us USA,GK,27,1995,42.0,0.05,0.00,0.00,0.02,0.24,0.00,0.00,0.02,0.00,,,0.00,Matches,GK,False,misc,50,Zack Steffen,us USA,GK,27,1995,42,42,"3,780",42.0,1.19,1.19,3.71,2.52,67.9,0.48,0.21,0.31,0.21,21.4,0.05,0.02,0.02,0.00,50.0,Matches,GK,False,goalkeeping
673,Sam Tickle,eng ENG,GK,Wigan Athletic,20,2002,1,1,90,1.0,0.00,0.00,0.00,0.00,0.00,0.00,0.00,0.00,0.00,0.00,0.00,0.00,0.00,Matches,GK,False,sam tickle,2022-2023,standard,673,Sam Tickle,eng ENG,GK,20,2002,1.0,0.00,0.00,0.00,,0.00,0.00,,,0.00,0.00,Matches,GK,False,shooting,763,Sam Tickle,eng ENG,GK,20,2002,1,90,90,2.2,1.0,1.00,90,1.00,0.00,,13.0,1.00,0.00,0.00,0.00,0.00,+0.60,Matches,GK,False,playing_time,673,Sam Tickle,eng ENG,GK,20,2002,1.0,0.00,0.00,0.00,0.00,0.00,0.00,0.00,0.00,0.00,,,0.00,Matches,GK,False,misc,51,Sam Tickle,eng ENG,GK,20,2002,1,1,90,1.0,0.00,0.00,2.00,2.00,100.0,0.00,1.00,0.00,1.00,100.0,0.00,0.00,0.00,0.00,,Matches,GK,False,goalkeeping
689,Tomáš Vaclík,cz CZE,GK,Huddersfield,33,1989,13,13,"1,140",12.7,0.00,0.00,0.00,0.00,0.00,0.00,0.00,0.00,0.00,0.00,0.00,0.00,0.00,Matches,GK,False,tomas vaclik,2022-2023,standard,689,Tomáš Vaclík,cz CZE,GK,33,1989,12.7,0.00,0.00,0.00,,0.00,0.00,,,0.00,0.00,Matches,GK,False,shooting,784,Tomáš Vaclík,cz CZE,GK,33,1989,13,"1,140",88,27.5,12.7,1.02,88,0.94,0.00,,0.39,1.15,1.18,1.26,-0.08,-0.08,+0.34,Matches,GK,False,playing_time,689,Tomáš Vaclík,cz CZE,GK,33,1989,12.7,0.00,0.00,0.00,0.00,0.16,0.00,0.00,0.00,0.00,,,0.00,Matches,GK,False,misc,52,Tomáš Vaclík,cz CZE,GK,33,1989,13,13,"1,140",12.7,1.26,1.26,4.41,3.23,71.4,0.24,0.47,0.31,0.16,15.4,0.16,0.16,0.00,0.00,0.0,Matches,GK,False,goalkeeping
693,Josh Vickers,eng ENG,GK,Rotherham,26,1995,3,3,225,2.5,0.00,0.00,0.00,0.00,0.00,0.00,0.00,0.00,0.00,0.00,0.00,0.00,0.00,Matches,GK,False,josh vickers,2022-2023,standard,693,Josh Vickers,eng ENG,GK,26,1995,2.5,0.00,0.00,0.00,,0.00,0.00,,,0.00,0.00,Matches,GK,False,shooting,788,Josh Vickers,eng ENG,GK,26,1995,3,225,75,5.4,2.5,1.20,75,0.80,0.00,,13.6,0.67,0.40,1.20,-0.80,-0.80,-0.59,Matches,GK,False,playing_time,693,Josh Vickers,eng ENG,GK,26,1995,2.5,0.00,0.00,0.00,0.00,0.40,0.00,0.00,0.00,0.00,,,0.00,Matches,GK,False,misc,53,Josh Vickers,eng ENG,GK,26,1995,3,3,225,2.5,1.20,1.20,4.00,2.80,70.0,0.00,0.80,0.40,0.40,33.3,0.40,0.00,0.40,0.00,100.0,Matches,GK,False,goalkeeping
730,Ben Wilson,eng ENG,GK,Coventry City,29,1992,43,43,"3,870",43.0,0.02,0.00,0.02,0.02,0.00,0.00,0.12,0.00,0.02,0.00,0.02,0.02,0.02,Matches,GK,False,ben wilson,2022-2023,standard,730,Ben Wilson,eng ENG,GK,29,1992,43.0,0.02,0.02,0.02,100.0,0.02,0.02,1.00,1.00,0.00,0.00,Matches,GK,False,shooting,831,Ben Wilson,eng ENG,GK,29,1992,43,"3,870",90,93.5,43.0,1.00,90,1.00,0.00,,0.07,1.61,1.23,0.91,0.33,+0.33,+0.99,Matches,GK,False,playing_time,730,Ben Wilson,eng ENG,GK,29,1992,43.0,0.12,0.00,0.00,0.02,0.23,0.00,0.00,0.02,0.02,,,0.00,Matches,GK,False,misc,54,Ben Wilson,eng ENG,GK,29,1992,43,43,"3,870",43.0,0.91,0.91,3.35,2.44,72.9,0.42,0.35,0.23,0.47,46.5,0.02,0.02,0.00,0.00,0.0,Matches,GK,False,goalkeeping
738,Freddie Woodman,eng ENG,GK,Preston,25,1997,46,46,"4,140",46.0,0.00,0.00,0.00,0.00,0.00,0.00,0.07,0.00,0.00,0.00,0.00,0.00,0.00,Matches,GK,False,freddie woodman,2022-2023,standard,738,Freddie Woodman,eng ENG,GK,25,1997,46.0,0.00,0.00,0.00,,0.00,0.00,,,0.00,0.00,Matches,GK,False,shooting,840,Freddie Woodman,eng ENG,GK,25,1997,46,"4,140",90,100.0,46.0,1.00,90,1.00,0.00,,0.00,1.37,0.98,1.28,-0.30,-0.30,,Matches,GK,False,playing_time,738,Freddie Woodman,eng ENG,GK,25,1997,46.0,0.07,0.00,0.00,0.00,0.07,0.00,0.00,0.02,0.00,,,0.00,Matches,GK,False,misc,55,Freddie Woodman,eng ENG,GK,25,1997,46,46,"4,140",46.0,1.28,1.28,3.93,2.65,67.4,0.37,0.26,0.37,0.37,37.0,0.02,0.02,0.00,0.00,0.0,Matches,GK,False,goalkeeping
12,Rúnar Alex Rúnarsson,is ISL,GK,Cardiff City,28,1995,6,6,540,6.0,0.00,0.00,0.00,0.00,0.00,0.00,0.00,0.00,0.00,0.00,0.00,0.00,0.00,Matches,GK,False,runar alex runarsson,2023-2024,standard,12,Rúnar Alex Rúnarsson,is ISL,GK,28,1995,6.0,0.00,0.00,0.00,,0.00,0.00,,,0.00,0.00,Matches,GK,False,shooting,15,Rúnar Alex Rúnarsson,is ISL,GK,28,1995,6,540,90,13.0,6.0,1.00,90,1.00,0.00,,3.00,1.00,0.83,1.33,-0.50,-0.50,-0.15,Matches,GK,False,playing_time,12,Rúnar Alex Rúnarsson,is ISL,GK,28,1995,6.0,0.00,0.00,0.00,0.00,0.00,0.00,0.00,0.00,0.00,,,0.00,Matches,GK,False,misc,1,Rúnar Alex Rúnarsson,is ISL,GK,28,1995,6,6,540,6.0,1.33,1.33,4.00,2.67,66.7,0.33,0.00,0.67,0.17,16.7,0.00,0.00,0.00,0.00,,Matches,GK,False,goalkeeping
15,Ryan Allsop,eng ENG,GK,Hull City,31,1992,37,37,"3,321",36.9,0.00,0.00,0.00,0.00,0.00,0.00,0.08,0.00,0.00,0.00,0.00,0.00,0.00,Matches,GK,False,ryan allsop,2023-2024,standard,15,Ryan Allsop,eng ENG,GK,31,1992,36.9,0.00,0.00,0.00,,0.00,0.00,,,0.00,0.00,Matches,GK,False,shooting,18,Ryan Allsop,eng ENG,GK,31,1992,37,"3,321",90,80.2,36.9,1.00,90,0.98,0.00,,0.08,1.51,1.46,1.25,0.22,+0.22,+0.22,Matches,GK,False,playing_time,15,Ryan Allsop,eng ENG,GK,31,1992,36.9,0.08,0.00,0.00,0.00,0.03,0.00,0.00,0.00,0.00,,,0.00,Matches,GK,False,misc,2,Ryan Allsop,eng ENG,GK,31,1992,37,37,"3,321",36.9,1.25,1.25,3.96,2.71,68.5,0.41,0.30,0.30,0.27,27.0,0.08,0.08,0.00,0.00,0.0,Matches,GK,False,goalkeeping
16,Jak Alnwick,eng ENG,GK,Cardiff City,30,1993,24,24,"2,160",24.0,0.00,0.00,0.00,0.00,0.00,0.00,0.04,0.00,0.00,0.00,0.00,0.00,0.00,Matches,GK,False,jak alnwick,2023-2024,standard,16,Jak Alnwick,eng ENG,GK,30,1993,24.0,0.00,0.00,0.00,,0.00,0.00,,,0.00,0.00,Matches,GK,False,shooting,19,Jak Alnwick,eng ENG,GK,30,1993,24,"2,160",90,52.2,24.0,1.00,90,1.00,0.00,,0.25,1.42,1.29,1.38,-0.08,-0.08,+0.60,Matches,GK,False,playing_time,16,Jak Alnwick,eng ENG,GK,30,1993,24.0,0.04,0.00,0.00,0.00,0.17,0.00,0.00,0.04,0.00,,,0.00,Matches,GK,False,misc,3,Jak Alnwick,eng ENG,GK,30,1993,24,24,"2,160",24.0,1.38,1.37,4.08,2.67,66.3,0.42,0.17,0.42,0.29,29.2,0.04,0.00,0.00,0.04,,Matches,GK,False,goalkeeping
44,Daniel Bachmann,at AUT,GK,Watford,29,1994,27,27,"2,429",27.0,0.00,0.00,0.00,0.00,0.00,0.00,0.19,0.04,0.00,0.00,0.00,0.00,0.00,Matches,GK,False,daniel bachmann,2023-2024,standard,44,Daniel Bachmann,at AUT,GK,29,1994,27.0,0.00,0.00,0.00,,0.00,0.00,,,0.00,0.00,Matches,GK,False,shooting,56,Daniel Bachmann,at AUT,GK,29,1994,27,"2,429",90,58.7,27.0,1.00,90,0.96,0.00,,0.63,1.11,1.07,1.19,-0.11,-0.11,-0.27,Matches,GK,False,playing_time,44,Daniel Bachmann,at AUT,GK,29,1994,27.0,0.19,0.04,0.04,0.07,0.30,0.00,0.00,0.07,0.07,,,0.00,Matches,GK,False,misc,4,Daniel Bachmann,at AUT,GK,29,1994,27,27,"2,429",27.0,1.19,1.19,4.04,2.85,70.6,0.22,0.44,0.33,0.37,37.0,0.15,0.07,0.07,0.00,50.0,Matches,GK,False,goalkeeping
60,Gavin Bazunu,ie IRL,GK,Southampton,21,2002,41,41,"3,690",41.0,0.00,0.00,0.00,0.00,0.00,0.00,0.02,0.00,0.00,0.00,0.00,0.00,0.00,Matches,GK,False,gavin bazunu,2023-2024,standard,60,Gavin Bazunu,ie IRL,GK,21,2002,41.0,0.00,0.02,0.00,0.0,0.02,0.00,0.00,,0.00,0.00,Matches,GK,False,shooting,81,Gavin Bazunu,ie IRL,GK,21,2002,41,"3,690",90,89.1,41.0,1.00,90,1.00,0.00,,0.00,1.98,1.98,1.32,0.66,+0.66,+1.26,Matches,GK,False,playing_time,60,Gavin Bazunu,ie IRL,GK,21,2002,41.0,0.02,0.00,0.00,0.00,0.17,0.00,0.00,0.00,0.10,,,0.00,Matches,GK,False,misc,5,Gavin Bazunu,ie IRL,GK,21,2002,41,41,"3,690",41.0,1.32,1.32,3.49,2.20,62.2,0.59,0.22,0.20,0.27,26.8,0.07,0.05,0.00,0.02,0.0,Matches,GK,False,goalkeeping
61,James Beadle,eng ENG,GK,Sheffield Weds,19,2004,19,19,"1,710",19.0,0.00,0.00,0.00,0.00,0.00,0.00,0.05,0.00,0.00,0.00,0.00,0.00,0.00,Matches,GK,False,james beadle,2023-2024,standard,61,James Beadle,eng ENG,GK,19,2004,19.0,0.00,0.00,0.00,,0.00,0.00,,,0.00,0.00,Matches,GK,False,shooting,82,James Beadle,eng ENG,GK,19,2004,19,"1,710",90,41.3,19.0,1.00,90,1.00,0.00,,0.05,1.63,1.21,1.26,-0.05,-0.05,+0.80,Matches,GK,False,playing_time,61,James Beadle,eng ENG,GK,19,2004,19.0,0.05,0.00,0.00,0.00,0.00,0.00,0.00,0.00,0.00,,,0.00,Matches,GK,False,misc,6,James Beadle,eng ENG,GK,19,2004,19,19,"1,710",19.0,1.26,1.26,4.11,2.79,69.2,0.47,0.21,0.32,0.32,31.6,0.05,0.00,0.00,0.05,,Matches,GK,False,goalkeeping
63,Asmir Begović,ba BIH,GK,QPR,36,1987,45,45,"4,049",45.0,0.00,0.00,0.00,0.00,0.00,0.00,0.09,0.02,0.00,0.00,0.00,0.00,0.00,Matches,GK,False,asmir begovic,2023-2024,standard,63,Asmir Begović,ba BIH,GK,36,1987,45.0,0.00,0.00,0.00,,0.00,0.00,,,0.00,0.00,Matches,GK,False,shooting,84,Asmir Begović,ba BIH,GK,36,1987,45,"4,049",90,97.8,45.0,1.00,90,0.98,0.00,,0.00,1.18,1.00,1.27,-0.27,-0.27,-1.26,Matches,GK,False,playing_time,63,Asmir Begović,ba BIH,GK,36,1987,45.0,0.09,0.02,0.00,0.02,0.11,0.00,0.00,0.02,0.04,,,0.00,Matches,GK,False,misc,7,Asmir Begović,ba BIH,GK,36,1987,45,45,"4,049",45.0,1.27,1.27,4.00,2.73,68.3,0.31,0.24,0.44,0.29,28.9,0.02,0.02,0.00,0.00,0.0,Matches,GK,False,goalkeeping
69,Bartosz Białkowski,pl POL,GK,Millwall,36,1987,14,14,"1,260",14.0,0.00,0.00,0.00,0.00,0.00,0.00,0.07,0.00,0.00,0.00,0.00,0.00,0.00,Matches,GK,False,bartosz biakowski,2023-2024,standard,69,Bartosz Białkowski,pl POL,GK,36,1987,14.0,0.00,0.00,0.00,,0.00,0.00,,,0.00,0.00,Matches,GK,False,shooting,93,Bartosz Białkowski,pl POL,GK,36,1987,14,"1,260",90,30.4,14.0,1.00,90,1.00,0.00,,2.21,1.00,1.21,1.50,-0.29,-0.29,-0.10,Matches,GK,False,playing_time,69,Bartosz Białkowski,pl POL,GK,36,1987,14.0,0.07,0.00,0.00,0.00,0.07,0.00,0.00,0.00,0.00,,,0.00,Matches,GK,False,misc,8,Bartosz Białkowski,pl POL,GK,36,1987,14,14,"1,260",14.0,1.50,1.50,4.64,3.14,67.7,0.21,0.36,0.43,0.29,28.6,0.14,0.14,0.00,0.00,0.0,Matches,GK,False,goalkeeping
73,Nathan Bishop,eng ENG,GK,Sunderland,23,1999,1,1,90,1.0,0.00,0.00,0.00,0.00,0.00,0.00,0.00,0.00,0.00,0.00,0.00,0.00,0.00,Matches,GK,False,nathan bishop,2023-2024,standard,73,Nathan Bishop,eng ENG,GK,23,1999,1.0,0.00,0.00,0.00,,0.00,0.00,,,0.00,0.00,Matches,GK,False,shooting,98,Nathan Bishop,eng ENG,GK,23,1999,1,90,90,2.2,1.0,1.00,90,1.00,0.00,,44.0,0.00,0.00,2.00,-2.00,-2.00,-2.00,Matches,GK,False,playing_time,73,Nathan Bishop,eng ENG,GK,23,1999,1.0,0.00,0.00,0.00,0.00,0.00,0.00,0.00,0.00,0.00,,,0.00,Matches,GK,False,misc,9,Nathan Bishop,eng ENG,GK,23,1999,1,1,90,1.0,2.00,2.00,2.00,0.00,0.0,0.00,0.00,1.00,0.00,0.0,0.00,0.00,0.00,0.00,,Matches,GK,False,goalkeeping
78,Jack Bonham,ie IRL,GK,Stoke City,29,1993,14,14,"1,260",14.0,0.00,0.00,0.00,0.00,0.00,0.00,0.00,0.00,0.00,0.00,0.00,0.00,0.00,Matches,GK,False,jack bonham,2023-2024,standard,78,Jack Bonham,ie IRL,GK,29,1993,14.0,0.00,0.00,0.00,,0.00,0.00,,,0.00,0.00,Matches,GK,False,shooting,104,Jack Bonham,ie IRL,GK,29,1993,14,"1,260",90,30.4,14.0,1.00,90,1.00,0.00,,2.21,0.93,0.79,1.36,-0.57,-0.57,-0.48,Matches,GK,False,playing_time,78,Jack Bonham,ie IRL,GK,29,1993,14.0,0.00,0.00,0.00,0.00,0.07,0.00,0.00,0.07,0.00,,,0.00,Matches,GK,False,misc,10,Jack Bonham,ie IRL,GK,29,1993,14,14,"1,260",14.0,1.36,1.36,4.21,3.00,67.8,0.14,0.50,0.36,0.36,35.7,0.21,0.21,0.00,0.00,0.0,Matches,GK,False,goalkeeping
118,Jacob Chapman,au AUS,GK,Huddersfield,22,2000,2,1,139,1.5,0.00,0.00,0.00,0.00,0.00,0.00,0.00,0.00,0.00,0.00,0.00,0.00,0.00,Matches,GK,False,jacob chapman,2023-2024,standard,118,Jacob Chapman,au AUS,GK,22,2000,1.5,0.00,0.00,0.00,,0.00,0.00,,,0.00,0.00,Matches,GK,False,shooting,151,Jacob Chapman,au AUS,GK,22,2000,2,139,70,3.4,1.5,0.67,90,0.67,0.67,49,3.33,1.50,2.00,1.33,0.67,+0.65,+1.32,Matches,GK,False,playing_time,118,Jacob Chapman,au AUS,GK,22,2000,1.5,0.00,0.00,0.00,0.00,0.00,0.00,0.00,0.00,0.00,,,0.00,Matches,GK,False,misc,11,Jacob Chapman,au AUS,GK,22,2000,2,1,139,1.5,1.33,1.29,2.00,0.67,33.3,0.00,0.00,0.67,0.67,100.0,0.67,0.00,0.67,0.00,100.0,Matches,GK,False,goalkeeping
134,Bradley Collins,eng ENG,GK,Coventry City,26,1997,28,28,"2,520",28.0,0.00,0.00,0.00,0.00,0.00,0.00,0.11,0.00,0.00,0.00,0.00,0.00,0.00,Matches,GK,False,bradley collins,2023-2024,standard,134,Bradley Collins,eng ENG,GK,26,1997,28.0,0.00,0.00,0.00,,0.00,0.00,,,0.00,0.00,Matches,GK,False,shooting,169,Bradley Collins,eng ENG,GK,26,1997,28,"2,520",90,60.9,28.0,1.00,90,1.00,0.00,,0.64,1.64,1.75,1.18,0.57,+0.57,+0.85,Matches,GK,False,playing_time,134,Bradley Collins,eng ENG,GK,26,1997,28.0,0.11,0.00,0.00,0.00,0.14,0.00,0.00,0.00,0.00,,,0.00,Matches,GK,False,misc,12,Bradley Collins,eng ENG,GK,26,1997,28,28,"2,520",28.0,1.18,1.18,4.86,3.71,75.7,0.46,0.25,0.29,0.29,28.6,0.07,0.07,0.00,0.00,0.0,Matches,GK,False,goalkeeping
144,Michael Cooper,eng ENG,GK,Plymouth Argyle,23,1999,19,19,"1,710",19.0,0.00,0.00,0.00,0.00,0.00,0.00,0.16,0.00,0.00,0.00,0.00,0.00,0.00,Matches,GK,False,michael cooper,2023-2024,standard,144,Michael Cooper,eng ENG,GK,23,1999,19.0,0.00,0.00,0.00,,0.00,0.00,,,0.00,0.00,Matches,GK,False,shooting,183,Michael Cooper,eng ENG,GK,23,1999,19,"1,710",90,41.3,19.0,1.00,90,1.00,0.00,,0.16,1.16,1.00,1.26,-0.26,-0.26,-0.04,Matches,GK,False,playing_time,144,Michael Cooper,eng ENG,GK,23,1999,19.0,0.16,0.00,0.00,0.00,0.11,0.00,0.00,0.00,0.00,,,0.00,Matches,GK,False,misc,13,Michael Cooper,eng ENG,GK,23,1999,19,19,"1,710",19.0,1.26,1.26,4.47,3.21,71.8,0.32,0.21,0.47,0.32,31.6,0.11,0.05,0.05,0.00,50.0,Matches,GK,False,goalkeeping
146,David Cornell,wls WAL,GK,Preston,32,1991,2,2,180,2.0,0.00,0.00,0.00,0.00,0.00,0.00,0.50,0.00,0.00,0.00,0.00,0.00,0.00,Matches,GK,False,david cornell,2023-2024,standard,146,David Cornell,wls WAL,GK,32,1991,2.0,0.00,0.00,0.00,,0.00,0.00,,,0.00,0.00,Matches,GK,False,shooting,185,David Cornell,wls WAL,GK,32,1991,2,180,90,4.3,2.0,1.00,90,1.00,0.00,,22.0,0.00,1.00,2.00,-1.00,-1.00,-0.80,Matches,GK,False,playing_time,146,David Cornell,wls WAL,GK,32,1991,2.0,0.50,0.00,0.00,0.00,0.00,0.00,0.00,0.00,0.00,,,0.00,Matches,GK,False,misc,14,David Cornell,wls WAL,GK,32,1991,2,2,180,2.0,2.00,2.00,4.50,2.50,55.6,0.00,0.00,1.00,0.00,0.0,0.50,0.50,0.00,0.00,0.0,Matches,GK,False,goalkeeping
159,Karl Darlow,wls WAL,GK,Leeds United,32,1990,2,1,126,1.4,0.00,0.00,0.00,0.00,0.00,0.00,0.00,0.00,0.00,0.00,0.00,0.00,0.00,Matches,GK,False,karl darlow,2023-2024,standard,159,Karl Darlow,wls WAL,GK,32,1990,1.4,0.00,0.00,0.00,,0.00,0.00,,,0.00,0.00,Matches,GK,False,shooting,204,Karl Darlow,wls WAL,GK,32,1990,2,126,63,3.0,1.4,0.71,90,0.71,0.71,36,25.0,0.00,0.71,2.14,-1.43,-1.43,-2.33,Matches,GK,False,playing_time,159,Karl Darlow,wls WAL,GK,32,1990,1.4,0.00,0.00,0.00,0.00,0.00,0.00,0.00,0.00,0.00,,,0.00,Matches,GK,False,misc,15,Karl Darlow,wls WAL,GK,32,1990,2,1,126,1.4,2.14,2.14,3.57,1.43,40.0,0.00,0.00,0.71,0.00,0.0,0.00,0.00,0.00,0.00,,Matches,GK,False,goalkeeping
163,Cameron Dawson,eng ENG,GK,Sheffield Weds,28,1995,18,18,"1,620",18.0,0.00,0.00,0.00,0.00,0.00,0.00,0.17,0.00,0.00,0.00,0.00,0.00,0.00,Matches,GK,False,cameron dawson,2023-2024,standard,163,Cameron Dawson,eng ENG,GK,28,1995,18.0,0.00,0.00,0.00,,0.00,0.00,,,0.00,0.00,Matches,GK,False,shooting,208,Cameron Dawson,eng ENG,GK,28,1995,18,"1,620",90,39.1,18.0,1.00,90,1.00,0.00,,1.28,1.11,0.94,1.56,-0.61,-0.61,-0.15,Matches,GK,False,playing_time,163,Cameron Dawson,eng ENG,GK,28,1995,18.0,0.17,0.00,0.00,0.00,0.33,0.00,0.00,0.00,0.06,,,0.00,Matches,GK,False,misc,16,Cameron Dawson,eng ENG,GK,28,1995,18,18,"1,620",18.0,1.56,1.56,3.50,1.94,55.6,0.33,0.11,0.56,0.22,22.2,0.11,0.06,0.06,0.00,50.0,Matches,GK,False,goalkeeping
179,Seny Dieng,sn SEN,GK,Middlesbrough,28,1994,35,35,"3,149",35.0,0.00,0.00,0.00,0.00,0.00,0.00,0.06,0.00,0.00,0.00,0.00,0.00,0.00,Matches,GK,False,seny dieng,2023-2024,standard,179,Seny Dieng,sn SEN,GK,28,1994,35.0,0.00,0.00,0.00,,0.00,0.00,,,0.00,0.00,Matches,GK,False,shooting,225,Seny Dieng,sn SEN,GK,28,1994,35,"3,149",90,76.1,35.0,1.00,90,0.97,0.00,,0.11,1.57,1.66,1.34,0.31,+0.31,+0.50,Matches,GK,False,playing_time,179,Seny Dieng,sn SEN,GK,28,1994,35.0,0.06,0.00,0.00,0.00,0.17,0.00,0.00,0.00,0.09,,,0.00,Matches,GK,False,misc,17,Seny Dieng,sn SEN,GK,28,1994,35,35,"3,149",35.0,1.34,1.34,3.80,2.46,64.7,0.46,0.20,0.34,0.29,28.6,0.09,0.09,0.00,0.00,0.0,Matches,GK,False,goalkeeping
215,Neil Etheridge,ph PHI,GK,Birmingham City,33,1990,2,2,180,2.0,0.00,0.00,0.00,0.00,0.00,0.00,0.00,0.00,0.00,0.00,0.00,0.00,0.00,Matches,GK,False,neil etheridge,2023-2024,standard,215,Neil Etheridge,ph PHI,GK,33,1990,2.0,0.00,0.00,0.00,,0.00,0.00,,,0.00,0.00,Matches,GK,False,shooting,270,Neil Etheridge,ph PHI,GK,33,1990,2,180,90,4.3,2.0,1.00,90,1.00,0.00,,22.0,0.00,0.00,1.50,-1.50,-1.50,-1.23,Matches,GK,False,playing_time,215,Neil Etheridge,ph PHI,GK,33,1990,2.0,0.00,0.00,0.00,0.00,0.00,0.00,0.00,0.00,0.00,,,0.00,Matches,GK,False,misc,18,Neil Etheridge,ph PHI,GK,33,1990,2,2,180,2.0,1.50,1.50,2.50,1.00,40.0,0.00,0.00,1.00,0.00,0.0,0.00,0.00,0.00,0.00,,Matches,GK,False,goalkeeping
265,Tom Glover,au AUS,GK,Middlesbrough,25,1997,12,11,991,11.0,0.00,0.00,0.00,0.00,0.00,0.00,0.09,0.00,0.00,0.00,0.00,0.00,0.00,Matches,GK,False,tom glover,2023-2024,standard,265,Tom Glover,au AUS,GK,25,1997,11.0,0.00,0.00,0.00,,0.00,0.00,,,0.00,0.00,Matches,GK,False,shooting,331,Tom Glover,au AUS,GK,25,1997,12,991,83,23.9,11.0,1.00,90,1.00,0.09,1,2.64,1.42,1.18,1.36,-0.18,-0.18,-0.50,Matches,GK,False,playing_time,265,Tom Glover,au AUS,GK,25,1997,11.0,0.09,0.00,0.00,0.00,0.18,0.00,0.00,0.00,0.00,,,0.00,Matches,GK,False,misc,19,Tom Glover,au AUS,GK,25,1997,12,11,991,11.0,1.36,1.36,4.36,3.00,68.8,0.36,0.18,0.45,0.09,9.1,0.00,0.00,0.00,0.00,,Matches,GK,False,goalkeeping
283,Angus Gunn,sct SCO,GK,Norwich City,27,1996,40,40,"3,540",39.3,0.00,0.00,0.00,0.00,0.00,0.00,0.03,0.00,0.00,0.00,0.00,0.00,0.00,Matches,GK,False,angus gunn,2023-2024,standard,283,Angus Gunn,sct SCO,GK,27,1996,39.3,0.00,0.00,0.00,,0.00,0.00,,,0.00,0.00,Matches,GK,False,shooting,352,Angus Gunn,sct SCO,GK,27,1996,40,"3,540",89,85.5,39.3,1.02,89,0.99,0.00,,0.00,1.62,1.76,1.22,0.53,+0.53,+1.43,Matches,GK,False,playing_time,283,Angus Gunn,sct SCO,GK,27,1996,39.3,0.03,0.00,0.00,0.03,0.23,0.00,0.00,0.10,0.03,,,0.00,Matches,GK,False,misc,20,Angus Gunn,sct SCO,GK,27,1996,40,40,"3,540",39.3,1.22,1.22,3.89,2.67,68.6,0.48,0.25,0.28,0.28,27.5,0.10,0.10,0.00,0.00,0.0,Matches,GK,False,goalkeeping
291,Ben Hamer,eng ENG,GK,Watford,35,1987,19,19,"1,710",19.0,0.00,0.00,0.00,0.00,0.00,0.00,0.16,0.00,0.00,0.00,0.00,0.00,0.00,Matches,GK,False,ben hamer,2023-2024,standard,291,Ben Hamer,eng ENG,GK,35,1987,19.0,0.00,0.00,0.00,,0.00,0.00,,,0.00,0.00,Matches,GK,False,shooting,361,Ben Hamer,eng ENG,GK,35,1987,19,"1,710",90,41.3,19.0,1.00,90,1.00,0.00,,1.37,1.37,1.68,1.47,0.21,+0.21,+0.36,Matches,GK,False,playing_time,291,Ben Hamer,eng ENG,GK,35,1987,19.0,0.16,0.00,0.00,0.00,0.11,0.00,0.00,0.00,0.00,,,0.00,Matches,GK,False,misc,21,Ben Hamer,eng ENG,GK,35,1987,19,19,"1,710",19.0,1.47,1.47,4.84,3.37,69.6,0.37,0.26,0.37,0.16,15.8,0.16,0.05,0.11,0.00,66.7,Matches,GK,False,goalkeeping
301,Conor Hazard,nir NIR,GK,Plymouth Argyle,25,1998,27,27,"2,430",27.0,0.00,0.00,0.00,0.00,0.00,0.00,0.11,0.00,0.00,0.00,0.00,0.00,0.00,Matches,GK,False,conor hazard,2023-2024,standard,301,Conor Hazard,nir NIR,GK,25,1998,27.0,0.00,0.00,0.00,,0.00,0.00,,,0.00,0.00,Matches,GK,False,shooting,371,Conor Hazard,nir NIR,GK,25,1998,27,"2,430",90,58.7,27.0,1.00,90,1.00,0.00,,0.70,1.07,1.48,1.70,-0.22,-0.22,+0.04,Matches,GK,False,playing_time,301,Conor Hazard,nir NIR,GK,25,1998,27.0,0.11,0.00,0.00,0.00,0.15,0.00,0.00,0.00,0.00,,,0.00,Matches,GK,False,misc,22,Conor Hazard,nir NIR,GK,25,1998,27,27,"2,430",27.0,1.70,1.70,5.11,3.41,66.7,0.26,0.30,0.44,0.19,18.5,0.04,0.04,0.00,0.00,0.0,Matches,GK,False,goalkeeping
308,Mads Hermansen,dk DEN,GK,Leicester City,23,2000,44,44,"3,960",44.0,0.00,0.00,0.00,0.00,0.00,0.00,0.05,0.00,0.00,0.00,0.00,0.00,0.00,Matches,GK,False,mads hermansen,2023-2024,standard,308,Mads Hermansen,dk DEN,GK,23,2000,44.0,0.00,0.00,0.00,,0.00,0.00,,,0.00,0.00,Matches,GK,False,shooting,379,Mads Hermansen,dk DEN,GK,23,2000,44,"3,960",90,95.7,44.0,1.00,90,1.00,0.00,,0.02,2.07,1.93,0.93,1.00,+1.00,-1.00,Matches,GK,False,playing_time,308,Mads Hermansen,dk DEN,GK,23,2000,44.0,0.05,0.00,0.00,0.00,0.09,0.00,0.00,0.02,0.00,,,0.00,Matches,GK,False,misc,23,Mads Hermansen,dk DEN,GK,23,2000,44,44,"3,960",44.0,0.93,0.93,3.52,2.59,73.5,0.66,0.09,0.25,0.30,29.5,0.02,0.00,0.02,0.00,100.0,Matches,GK,False,goalkeeping
312,Václav Hladký,cz CZE,GK,Ipswich Town,32,1990,46,46,"4,139",46.0,0.00,0.00,0.00,0.00,0.00,0.00,0.09,0.00,0.00,0.00,0.00,0.00,0.00,Matches,GK,False,vaclav hladky,2023-2024,standard,312,Václav Hladký,cz CZE,GK,32,1990,46.0,0.00,0.00,0.00,,0.00,0.00,,,0.00,0.00,Matches,GK,False,shooting,385,Václav Hladký,cz CZE,GK,32,1990,46,"4,139",90,100.0,46.0,1.00,90,0.98,0.00,,0.00,2.09,2.00,1.24,0.76,+0.76,+0.76,Matches,GK,False,playing_time,312,Václav Hladký,cz CZE,GK,32,1990,46.0,0.09,0.00,0.00,0.00,0.20,0.00,0.00,0.02,0.04,,,0.00,Matches,GK,False,misc,24,Václav Hladký,cz CZE,GK,32,1990,46,46,"4,139",46.0,1.24,1.24,3.67,2.46,66.3,0.61,0.26,0.13,0.33,32.6,0.07,0.04,0.00,0.02,0.0,Matches,GK,False,goalkeeping
322,Ethan Horvath,us USA,GK,Cardiff City,28,1995,16,16,"1,440",16.0,0.00,0.00,0.00,0.00,0.00,0.00,0.00,0.00,0.00,0.00,0.00,0.00,0.00,Matches,GK,False,ethan horvath,2023-2024,standard,322,Ethan Horvath,us USA,GK,28,1995,16.0,0.00,0.00,0.00,,0.00,0.00,,,0.00,0.00,Matches,GK,False,shooting,397,Ethan Horvath,us USA,GK,28,1995,16,"1,440",90,34.8,16.0,1.00,90,1.00,0.00,,0.06,1.38,1.06,1.81,-0.75,-0.75,-0.58,Matches,GK,False,playing_time,322,Ethan Horvath,us USA,GK,28,1995,16.0,0.00,0.00,0.00,0.00,0.06,0.00,0.00,0.00,0.00,,,0.00,Matches,GK,False,misc,25,Ethan Horvath,us USA,GK,28,1995,16,16,"1,440",16.0,1.81,1.81,4.75,2.94,61.8,0.44,0.06,0.50,0.25,25.0,0.19,0.13,0.00,0.06,0.0,Matches,GK,False,goalkeeping
340,Matt Ingram,eng ENG,GK,Hull City,29,1993,10,9,819,9.1,0.00,0.00,0.00,0.00,0.00,0.00,0.11,0.00,0.00,0.00,0.00,0.00,0.00,Matches,GK,False,matt ingram,2023-2024,standard,340,Matt Ingram,eng ENG,GK,29,1993,9.1,0.00,0.00,0.00,,0.00,0.00,,,0.00,0.00,Matches,GK,False,shooting,418,Matt Ingram,eng ENG,GK,29,1993,10,819,82,19.8,9.1,0.99,90,0.99,0.11,9,2.31,1.40,1.54,1.54,0.00,0.00,-0.22,Matches,GK,False,playing_time,340,Matt Ingram,eng ENG,GK,29,1993,9.1,0.11,0.00,0.00,0.00,0.22,0.00,0.00,0.00,0.00,,,0.00,Matches,GK,False,misc,26,Matt Ingram,eng ENG,GK,29,1993,10,9,819,9.1,1.54,1.54,3.30,1.76,53.3,0.44,0.22,0.33,0.11,11.1,0.00,0.00,0.00,0.00,,Matches,GK,False,goalkeeping
344,Daniel Iversen,dk DEN,GK,Stoke City,26,1997,18,18,"1,620",18.0,0.00,0.00,0.00,0.00,0.00,0.00,0.00,0.00,0.00,0.00,0.00,0.00,0.00,Matches,GK,False,daniel iversen,2023-2024,standard,344,Daniel Iversen,dk DEN,GK,26,1997,18.0,0.00,0.00,0.00,,0.00,0.00,,,0.00,0.00,Matches,GK,False,shooting,422,Daniel Iversen,dk DEN,GK,26,1997,18,"1,620",90,39.1,18.0,1.00,90,1.00,0.00,,0.00,1.50,1.33,1.22,0.11,+0.11,+0.58,Matches,GK,False,playing_time,344,Daniel Iversen,dk DEN,GK,26,1997,18.0,0.00,0.00,0.00,0.00,0.06,0.00,0.00,0.00,0.00,,,0.00,Matches,GK,False,misc,27,Daniel Iversen,dk DEN,GK,26,1997,18,18,"1,620",18.0,1.22,1.22,3.00,1.78,59.3,0.44,0.17,0.39,0.39,38.9,0.06,0.06,0.00,0.00,0.0,Matches,GK,False,goalkeeping
353,Viktor Johansson,se SWE,GK,Rotherham,24,1998,45,44,"3,961",44.0,0.00,0.00,0.00,0.00,0.00,0.00,0.09,0.00,0.00,0.00,0.00,0.00,0.00,Matches,GK,False,viktor johansson,2023-2024,standard,353,Viktor Johansson,se SWE,GK,24,1998,44.0,0.00,0.00,0.00,,0.00,0.00,,,0.00,0.00,Matches,GK,False,shooting,432,Viktor Johansson,se SWE,GK,24,1998,45,"3,961",88,95.7,44.0,1.00,90,1.00,0.02,1,0.02,0.60,0.73,1.93,-1.20,-1.20,-1.71,Matches,GK,False,playing_time,353,Viktor Johansson,se SWE,GK,24,1998,44.0,0.09,0.00,0.00,0.02,0.18,0.00,0.00,0.00,0.02,,,0.00,Matches,GK,False,misc,28,Viktor Johansson,se SWE,GK,24,1998,45,44,"3,961",44.0,1.93,1.93,6.05,4.11,68.0,0.09,0.27,0.64,0.11,11.4,0.11,0.09,0.00,0.02,0.0,Matches,GK,False,goalkeeping
382,Kristoffer Klaesson,no NOR,GK,Leeds United,22,2000,1,1,90,1.0,0.00,0.00,0.00,0.00,0.00,0.00,0.00,0.00,0.00,0.00,0.00,0.00,0.00,Matches,GK,False,kristoffer klaesson,2023-2024,standard,382,Kristoffer Klaesson,no NOR,GK,22,2000,1.0,0.00,0.00,0.00,,0.00,0.00,,,0.00,0.00,Matches,GK,False,shooting,465,Kristoffer Klaesson,no NOR,GK,22,2000,1,90,90,2.2,1.0,1.00,90,1.00,0.00,,11.0,3.00,3.00,0.00,3.00,+3.00,+2.22,Matches,GK,False,playing_time,382,Kristoffer Klaesson,no NOR,GK,22,2000,1.0,0.00,0.00,0.00,0.00,0.00,0.00,0.00,0.00,0.00,,,0.00,Matches,GK,False,misc,29,Kristoffer Klaesson,no NOR,GK,22,2000,1,1,90,1.0,0.00,0.00,1.00,1.00,100.0,1.00,0.00,0.00,1.00,100.0,0.00,0.00,0.00,0.00,,Matches,GK,False,goalkeeping
409,George Long,eng ENG,GK,Norwich City,29,1993,7,6,600,6.7,0.00,0.00,0.00,0.00,0.00,0.00,0.00,0.00,0.00,0.00,0.00,0.00,0.00,Matches,GK,False,george long,2023-2024,standard,409,George Long,eng ENG,GK,29,1993,6.7,0.00,0.00,0.00,,0.00,0.00,,,0.00,0.00,Matches,GK,False,shooting,504,George Long,eng ENG,GK,29,1993,7,600,86,14.5,6.7,0.90,90,0.90,0.15,60,5.52,0.86,1.49,2.39,-0.90,-0.90,-1.43,Matches,GK,False,playing_time,409,George Long,eng ENG,GK,29,1993,6.7,0.00,0.00,0.00,0.00,0.00,0.00,0.00,0.00,0.00,,,0.00,Matches,GK,False,misc,30,George Long,eng ENG,GK,29,1993,7,6,600,6.7,2.39,2.40,6.87,4.48,65.2,0.30,0.00,0.60,0.15,16.7,0.15,0.15,0.00,0.00,0.0,Matches,GK,False,goalkeeping
432,Chris Maxwell,wls WAL,GK,Huddersfield,33,1990,9,8,696,7.7,0.00,0.00,0.00,0.00,0.00,0.00,0.00,0.00,0.00,0.00,0.00,0.00,0.00,Matches,GK,False,chris maxwell,2023-2024,standard,432,Chris Maxwell,wls WAL,GK,33,1990,7.7,0.00,0.00,0.00,,0.00,0.00,,,0.00,0.00,Matches,GK,False,shooting,537,Chris Maxwell,wls WAL,GK,33,1990,9,696,77,16.8,7.7,1.04,84,0.91,0.13,25,4.03,1.11,1.04,1.43,-0.39,-0.39,+0.29,Matches,GK,False,playing_time,432,Chris Maxwell,wls WAL,GK,33,1990,7.7,0.00,0.00,0.00,0.00,0.26,0.00,0.00,0.00,0.00,,,0.00,Matches,GK,False,misc,31,Chris Maxwell,wls WAL,GK,33,1990,9,8,696,7.7,1.43,1.42,5.45,4.03,73.8,0.26,0.39,0.39,0.13,12.5,0.00,0.00,0.00,0.00,,Matches,GK,False,goalkeeping
440,Alex McCarthy,eng ENG,GK,Southampton,33,1989,5,5,450,5.0,0.00,0.00,0.00,0.00,0.00,0.00,0.00,0.00,0.00,0.00,0.00,0.00,0.00,Matches,GK,False,alex mccarthy,2023-2024,standard,440,Alex McCarthy,eng ENG,GK,33,1989,5.0,0.00,0.00,0.00,,0.00,0.00,,,0.00,0.00,Matches,GK,False,shooting,546,Alex McCarthy,eng ENG,GK,33,1989,5,450,90,10.9,5.0,1.00,90,1.00,0.00,,3.00,1.63,1.20,1.80,-0.60,-0.60,-1.26,Matches,GK,False,playing_time,440,Alex McCarthy,eng ENG,GK,33,1989,5.0,0.00,0.00,0.00,0.00,0.00,0.00,0.00,0.20,0.00,,,0.00,Matches,GK,False,misc,32,Alex McCarthy,eng ENG,GK,33,1989,5,5,450,5.0,1.80,1.80,5.20,3.40,65.4,0.40,0.00,0.60,0.20,20.0,0.00,0.00,0.00,0.00,,Matches,GK,False,goalkeeping
455,Illan Meslier,fr FRA,GK,Leeds United,23,2000,44,44,"3,922",43.6,0.00,0.00,0.00,0.00,0.00,0.00,0.07,0.02,0.00,0.00,0.00,0.00,0.00,Matches,GK,False,illan meslier,2023-2024,standard,455,Illan Meslier,fr FRA,GK,23,2000,43.6,0.00,0.00,0.00,,0.00,0.00,,,0.00,0.00,Matches,GK,False,shooting,564,Illan Meslier,fr FRA,GK,23,2000,44,"3,922",89,94.7,43.6,1.01,89,0.99,0.00,,0.00,1.94,1.77,0.92,0.85,+0.85,+0.44,Matches,GK,False,playing_time,455,Illan Meslier,fr FRA,GK,23,2000,43.6,0.07,0.02,0.00,0.00,0.14,0.00,0.00,0.00,0.02,,,0.00,Matches,GK,False,misc,33,Illan Meslier,fr FRA,GK,23,2000,44,44,"3,922",43.6,0.92,0.92,2.82,1.90,67.5,0.60,0.21,0.21,0.41,40.9,0.02,0.02,0.00,0.00,0.0,Matches,GK,False,goalkeeping
482,Lee Nicholls,eng ENG,GK,Huddersfield,30,1992,37,37,"3,305",36.7,0.00,0.00,0.00,0.00,0.00,0.00,0.11,0.00,0.00,0.00,0.00,0.00,0.00,Matches,GK,False,lee nicholls,2023-2024,standard,482,Lee Nicholls,eng ENG,GK,30,1992,36.7,0.00,0.00,0.00,,0.00,0.00,,,0.00,0.00,Matches,GK,False,shooting,596,Lee Nicholls,eng ENG,GK,30,1992,37,"3,305",89,79.8,36.7,1.01,89,0.98,0.00,,0.08,0.97,1.01,1.74,-0.74,-0.74,-0.52,Matches,GK,False,playing_time,482,Lee Nicholls,eng ENG,GK,30,1992,36.7,0.11,0.00,0.00,0.00,0.11,0.00,0.00,0.00,0.00,,,0.00,Matches,GK,False,misc,34,Lee Nicholls,eng ENG,GK,30,1992,37,37,"3,305",36.7,1.74,1.74,4.44,2.75,60.7,0.19,0.41,0.41,0.19,18.9,0.08,0.08,0.00,0.00,0.0,Matches,GK,False,goalkeeping
491,Max O'Leary,ie IRL,GK,Bristol City,26,1996,46,46,"4,140",46.0,0.00,0.00,0.00,0.00,0.00,0.00,0.02,0.00,0.00,0.00,0.00,0.00,0.00,Matches,GK,False,max o'leary,2023-2024,standard,491,Max O'Leary,ie IRL,GK,26,1996,46.0,0.00,0.00,0.00,,0.00,0.00,,,0.00,0.00,Matches,GK,False,shooting,607,Max O'Leary,ie IRL,GK,26,1996,46,"4,140",90,100.0,46.0,1.00,90,1.00,0.00,,0.00,1.35,1.15,1.11,0.04,+0.04,,Matches,GK,False,playing_time,491,Max O'Leary,ie IRL,GK,26,1996,46.0,0.02,0.00,0.00,0.00,0.20,0.00,0.00,0.04,0.00,,,0.00,Matches,GK,False,misc,35,Max O'Leary,ie IRL,GK,26,1996,46,46,"4,140",46.0,1.11,1.11,4.15,3.04,73.3,0.37,0.24,0.39,0.26,26.1,0.11,0.09,0.02,0.00,20.0,Matches,GK,False,goalkeeping
503,Alex Palmer,eng ENG,GK,West Brom,26,1996,46,46,"4,140",46.0,0.00,0.00,0.00,0.00,0.00,0.00,0.07,0.00,0.00,0.00,0.00,0.00,0.00,Matches,GK,False,alex palmer,2023-2024,standard,503,Alex Palmer,eng ENG,GK,26,1996,46.0,0.00,0.02,0.02,100.0,0.02,0.02,0.00,0.00,0.00,0.00,Matches,GK,False,shooting,622,Alex Palmer,eng ENG,GK,26,1996,46,"4,140",90,100.0,46.0,1.00,90,1.00,0.00,,0.00,1.58,1.52,1.02,0.50,+0.50,,Matches,GK,False,playing_time,503,Alex Palmer,eng ENG,GK,26,1996,46.0,0.07,0.00,0.00,0.02,0.07,0.00,0.00,0.00,0.00,,,0.00,Matches,GK,False,misc,36,Alex Palmer,eng ENG,GK,26,1996,46,46,"4,140",46.0,1.02,1.02,3.22,2.20,68.2,0.46,0.26,0.28,0.37,37.0,0.15,0.07,0.07,0.02,50.0,Matches,GK,False,goalkeeping
511,Anthony Patterson,eng ENG,GK,Sunderland,23,2000,45,45,"4,050",45.0,0.00,0.00,0.00,0.00,0.00,0.00,0.02,0.00,0.00,0.00,0.00,0.00,0.00,Matches,GK,False,anthony patterson,2023-2024,standard,511,Anthony Patterson,eng ENG,GK,23,2000,45.0,0.00,0.02,0.02,100.0,0.02,0.02,0.00,0.00,0.00,0.00,Matches,GK,False,shooting,631,Anthony Patterson,eng ENG,GK,23,2000,45,"4,050",90,97.8,45.0,1.00,90,1.00,0.00,,0.02,1.24,1.16,1.16,0.00,0.00,+2.00,Matches,GK,False,playing_time,511,Anthony Patterson,eng ENG,GK,23,2000,45.0,0.02,0.00,0.00,0.04,0.02,0.02,0.00,0.00,0.00,,,0.00,Matches,GK,False,misc,37,Anthony Patterson,eng ENG,GK,23,2000,45,45,"4,050",45.0,1.16,1.16,3.69,2.58,68.7,0.36,0.18,0.47,0.29,28.9,0.07,0.04,0.02,0.00,33.3,Matches,GK,False,goalkeeping
512,Aynsley Pears,eng ENG,GK,Blackburn,25,1998,26,26,"2,311",25.7,0.00,0.00,0.00,0.00,0.00,0.00,0.04,0.00,0.00,0.00,0.00,0.00,0.00,Matches,GK,False,aynsley pears,2023-2024,standard,512,Aynsley Pears,eng ENG,GK,25,1998,25.7,0.00,0.00,0.00,,0.00,0.00,,,0.00,0.00,Matches,GK,False,shooting,633,Aynsley Pears,eng ENG,GK,25,1998,26,"2,311",89,55.8,25.7,1.01,89,0.97,0.00,,0.04,1.12,1.21,1.48,-0.27,-0.27,+0.07,Matches,GK,False,playing_time,512,Aynsley Pears,eng ENG,GK,25,1998,25.7,0.04,0.00,0.00,0.00,0.08,0.00,0.00,0.00,0.04,,,0.08,Matches,GK,False,misc,38,Aynsley Pears,eng ENG,GK,25,1998,26,26,"2,311",25.7,1.48,1.48,4.75,3.27,68.9,0.27,0.31,0.43,0.27,26.9,0.16,0.12,0.04,0.00,25.0,Matches,GK,False,goalkeeping
522,Dillon Phillips,eng ENG,GK,Rotherham,28,1995,2,2,179,2.0,0.00,0.00,0.00,0.00,0.00,0.00,0.50,0.00,0.00,0.00,0.00,0.00,0.00,Matches,GK,False,dillon phillips,2023-2024,standard,522,Dillon Phillips,eng ENG,GK,28,1995,2.0,0.00,0.00,0.00,,0.00,0.00,,,0.00,0.00,Matches,GK,False,shooting,644,Dillon Phillips,eng ENG,GK,28,1995,2,179,90,4.3,2.0,1.00,90,0.50,0.00,,22.0,1.50,2.50,2.00,0.50,+0.50,+1.71,Matches,GK,False,playing_time,522,Dillon Phillips,eng ENG,GK,28,1995,2.0,0.50,0.00,0.00,0.50,0.00,0.00,0.00,0.00,0.00,,,0.00,Matches,GK,False,misc,39,Dillon Phillips,eng ENG,GK,28,1995,2,2,179,2.0,2.00,2.01,5.00,3.00,60.0,0.50,0.00,0.50,0.00,0.0,0.50,0.50,0.00,0.00,0.0,Matches,GK,False,goalkeeping
573,John Ruddy,eng ENG,GK,Birmingham City,36,1986,44,44,"3,960",44.0,0.00,0.00,0.00,0.00,0.00,0.00,0.05,0.00,0.00,0.00,0.00,0.00,0.00,Matches,GK,False,john ruddy,2023-2024,standard,573,John Ruddy,eng ENG,GK,36,1986,44.0,0.00,0.00,0.00,,0.00,0.00,,,0.00,0.00,Matches,GK,False,shooting,702,John Ruddy,eng ENG,GK,36,1986,44,"3,960",90,95.7,44.0,1.00,90,1.00,0.00,,0.00,1.14,1.14,1.41,-0.27,-0.27,+1.23,Matches,GK,False,playing_time,573,John Ruddy,eng ENG,GK,36,1986,44.0,0.05,0.00,0.00,0.02,0.07,0.00,0.00,0.00,0.00,,,0.00,Matches,GK,False,misc,40,John Ruddy,eng ENG,GK,36,1986,44,44,"3,960",44.0,1.41,1.41,4.86,3.45,71.0,0.30,0.25,0.45,0.25,25.0,0.00,0.00,0.00,0.00,,Matches,GK,False,goalkeeping
576,Carl Rushworth,eng ENG,GK,Swansea City,22,2001,46,46,"4,140",46.0,0.00,0.00,0.00,0.00,0.00,0.00,0.02,0.00,0.00,0.00,0.00,0.00,0.00,Matches,GK,False,carl rushworth,2023-2024,standard,576,Carl Rushworth,eng ENG,GK,22,2001,46.0,0.00,0.00,0.00,,0.00,0.00,,,0.00,0.00,Matches,GK,False,shooting,706,Carl Rushworth,eng ENG,GK,22,2001,46,"4,140",90,100.0,46.0,1.00,90,1.00,0.00,,0.00,1.24,1.28,1.41,-0.13,-0.13,,Matches,GK,False,playing_time,576,Carl Rushworth,eng ENG,GK,22,2001,46.0,0.02,0.00,0.00,0.02,0.20,0.00,0.00,0.00,0.02,,,0.02,Matches,GK,False,misc,41,Carl Rushworth,eng ENG,GK,22,2001,46,46,"4,140",46.0,1.41,1.41,4.52,3.11,68.8,0.33,0.26,0.41,0.22,21.7,0.11,0.11,0.00,0.00,0.0,Matches,GK,False,goalkeeping
585,Matija Šarkić,me MNE,GK,Millwall,26,1997,32,32,"2,880",32.0,0.00,0.00,0.00,0.00,0.00,0.00,0.06,0.00,0.00,0.00,0.00,0.00,0.00,Matches,GK,False,matija sarkic,2023-2024,standard,585,Matija Šarkić,me MNE,GK,26,1997,32.0,0.00,0.00,0.00,,0.00,0.00,,,0.00,0.00,Matches,GK,False,shooting,716,Matija Šarkić,me MNE,GK,26,1997,32,"2,880",90,69.6,32.0,1.00,90,1.00,0.00,,0.06,1.41,0.88,1.06,-0.19,-0.19,+0.10,Matches,GK,False,playing_time,585,Matija Šarkić,me MNE,GK,26,1997,32.0,0.06,0.00,0.00,0.03,0.00,0.00,0.00,0.09,0.00,,,0.00,Matches,GK,False,misc,42,Matija Šarkić,me MNE,GK,26,1997,32,32,"2,880",32.0,1.06,1.06,3.19,2.13,66.7,0.41,0.19,0.41,0.34,34.4,0.19,0.13,0.06,0.00,33.3,Matches,GK,False,goalkeeping
608,Tommy Simkin,eng ENG,GK,Stoke City,18,2004,1,1,90,1.0,0.00,0.00,0.00,0.00,0.00,0.00,0.00,0.00,0.00,0.00,0.00,0.00,0.00,Matches,GK,False,tommy simkin,2023-2024,standard,608,Tommy Simkin,eng ENG,GK,18,2004,1.0,0.00,0.00,0.00,,0.00,0.00,,,0.00,0.00,Matches,GK,False,shooting,742,Tommy Simkin,eng ENG,GK,18,2004,1,90,90,2.2,1.0,1.00,90,1.00,0.00,,10.0,0.00,0.00,1.00,-1.00,-1.00,-0.78,Matches,GK,False,playing_time,608,Tommy Simkin,eng ENG,GK,18,2004,1.0,0.00,0.00,0.00,0.00,0.00,0.00,0.00,0.00,0.00,,,0.00,Matches,GK,False,misc,43,Tommy Simkin,eng ENG,GK,18,2004,1,1,90,1.0,1.00,1.00,2.00,1.00,50.0,0.00,0.00,1.00,0.00,0.0,0.00,0.00,0.00,0.00,,Matches,GK,False,goalkeeping
633,Jakub Stolarczyk,pl POL,GK,Leicester City,22,2000,2,2,180,2.0,0.00,0.00,0.00,0.00,0.00,0.00,0.00,0.00,0.00,0.00,0.00,0.00,0.00,Matches,GK,False,jakub stolarczyk,2023-2024,standard,633,Jakub Stolarczyk,pl POL,GK,22,2000,2.0,0.00,0.00,0.00,,0.00,0.00,,,0.00,0.00,Matches,GK,False,shooting,769,Jakub Stolarczyk,pl POL,GK,22,2000,2,180,90,4.3,2.0,1.00,90,1.00,0.00,,22.0,3.00,2.00,0.00,2.00,+2.00,+1.00,Matches,GK,False,playing_time,633,Jakub Stolarczyk,pl POL,GK,22,2000,2.0,0.00,0.00,0.00,0.00,0.00,0.00,0.00,0.00,0.00,,,0.00,Matches,GK,False,misc,44,Jakub Stolarczyk,pl POL,GK,22,2000,2,2,180,2.0,0.00,0.00,2.00,2.00,100.0,1.00,0.00,0.00,0.50,50.0,0.00,0.00,0.00,0.00,,Matches,GK,False,goalkeeping
662,Mark Travers,ie IRL,GK,Stoke City,24,1999,13,13,"1,170",13.0,0.00,0.00,0.00,0.00,0.00,0.00,0.00,0.00,0.00,0.00,0.00,0.00,0.00,Matches,GK,False,mark travers,2023-2024,standard,662,Mark Travers,ie IRL,GK,24,1999,13.0,0.00,0.00,0.00,,0.00,0.00,,,0.00,0.00,Matches,GK,False,shooting,806,Mark Travers,ie IRL,GK,24,1999,13,"1,170",90,28.3,13.0,1.00,90,1.00,0.00,,0.00,1.23,1.08,1.38,-0.31,-0.31,-0.10,Matches,GK,False,playing_time,662,Mark Travers,ie IRL,GK,24,1999,13.0,0.00,0.00,0.00,0.00,0.15,0.00,0.00,0.00,0.00,,,0.00,Matches,GK,False,misc,45,Mark Travers,ie IRL,GK,24,1999,13,13,"1,170",13.0,1.38,1.38,5.15,3.77,73.1,0.38,0.08,0.54,0.15,15.4,0.15,0.08,0.00,0.08,0.0,Matches,GK,False,goalkeeping
680,Devis Vásquez,co COL,GK,Sheffield Weds,25,1998,9,9,810,9.0,0.00,0.00,0.00,0.00,0.00,0.00,0.11,0.00,0.00,0.00,0.00,0.00,0.00,Matches,GK,False,devis vasquez,2023-2024,standard,680,Devis Vásquez,co COL,GK,25,1998,9.0,0.00,0.00,0.00,,0.00,0.00,,,0.00,0.00,Matches,GK,False,shooting,827,Devis Vásquez,co COL,GK,25,1998,9,810,90,19.6,9.0,1.00,90,1.00,0.00,,1.78,0.22,0.44,1.78,-1.33,-1.33,-1.01,Matches,GK,False,playing_time,680,Devis Vásquez,co COL,GK,25,1998,9.0,0.11,0.00,0.00,0.00,0.00,0.00,0.00,0.00,0.00,,,0.00,Matches,GK,False,misc,46,Devis Vásquez,co COL,GK,25,1998,9,9,810,9.0,1.78,1.78,4.44,2.67,60.0,0.00,0.22,0.78,0.11,11.1,0.44,0.44,0.00,0.00,0.0,Matches,GK,False,goalkeeping
688,Leopold Wahlstedt,se SWE,GK,Blackburn,24,1999,21,20,"1,829",20.3,0.00,0.00,0.00,0.00,0.00,0.00,0.00,0.00,0.00,0.00,0.00,0.00,0.00,Matches,GK,False,leopold wahlstedt,2023-2024,standard,688,Leopold Wahlstedt,se SWE,GK,24,1999,20.3,0.00,0.00,0.00,,0.00,0.00,,,0.00,0.00,Matches,GK,False,shooting,835,Leopold Wahlstedt,se SWE,GK,24,1999,21,"1,829",87,44.2,20.3,0.99,90,0.99,0.05,29,1.13,1.14,1.43,1.77,-0.34,-0.34,-0.07,Matches,GK,False,playing_time,688,Leopold Wahlstedt,se SWE,GK,24,1999,20.3,0.00,0.00,0.00,0.00,0.15,0.00,0.00,0.00,0.05,,,0.00,Matches,GK,False,misc,47,Leopold Wahlstedt,se SWE,GK,24,1999,21,20,"1,829",20.3,1.77,1.77,5.27,3.50,66.4,0.34,0.15,0.49,0.15,15.0,0.10,0.05,0.00,0.05,0.0,Matches,GK,False,goalkeeping
693,Joe Walsh,eng ENG,GK,QPR,21,2002,1,1,90,1.0,0.00,0.00,0.00,0.00,0.00,0.00,0.00,0.00,0.00,0.00,0.00,0.00,0.00,Matches,GK,False,joe walsh,2023-2024,standard,693,Joe Walsh,eng ENG,GK,21,2002,1.0,0.00,0.00,0.00,,0.00,0.00,,,0.00,0.00,Matches,GK,False,shooting,841,Joe Walsh,eng ENG,GK,21,2002,1,90,90,2.2,1.0,1.00,90,1.00,0.00,,16.0,3.00,2.00,1.00,1.00,+1.00,+1.27,Matches,GK,False,playing_time,693,Joe Walsh,eng ENG,GK,21,2002,1.0,0.00,0.00,0.00,0.00,1.00,0.00,0.00,0.00,0.00,,,0.00,Matches,GK,False,misc,48,Joe Walsh,eng ENG,GK,21,2002,1,1,90,1.0,1.00,1.00,6.00,5.00,83.3,1.00,0.00,0.00,0.00,0.0,0.00,0.00,0.00,0.00,,Matches,GK,False,goalkeeping
695,Christian Walton,eng ENG,GK,Ipswich Town,27,1995,1,0,1,0.0,0,0,0,0,0,0,0,0,0.00,0.00,0.00,0.00,0.00,Matches,GK,False,christian walton,2023-2024,standard,695,Christian Walton,eng ENG,GK,27,1995,0.0,0,0,0,,0.00,0.00,,,0,0,Matches,GK,False,shooting,843,Christian Walton,eng ENG,GK,27,1995,1,1,1,0.0,0.0,0,,0,1,1,36,3.00,0,0,0,0.00,-0.76,Matches,GK,False,playing_time,695,Christian Walton,eng ENG,GK,27,1995,0.0,0,0,0,0,0,0,0,0,0,,,0,Matches,GK,False,misc,49,Christian Walton,eng ENG,GK,27,1995,1,0,1,0.0,0,0.00,1,1,100.0,0,0,0,1,,0,0,0,0,,Matches,GK,False,goalkeeping
718,Ben Wilson,eng ENG,GK,Coventry City,30,1992,18,18,"1,620",18.0,0.00,0.00,0.00,0.00,0.00,0.00,0.00,0.00,0.00,0.00,0.00,0.00,0.00,Matches,GK,False,ben wilson,2023-2024,standard,718,Ben Wilson,eng ENG,GK,30,1992,18.0,0.00,0.00,0.00,,0.00,0.00,,,0.00,0.00,Matches,GK,False,shooting,872,Ben Wilson,eng ENG,GK,30,1992,18,"1,620",90,39.1,18.0,1.00,90,1.00,0.00,,1.56,1.00,1.17,1.44,-0.28,-0.28,-0.85,Matches,GK,False,playing_time,718,Ben Wilson,eng ENG,GK,30,1992,18.0,0.00,0.00,0.00,0.00,0.11,0.00,0.00,0.00,0.00,,,0.00,Matches,GK,False,misc,50,Ben Wilson,eng ENG,GK,30,1992,18,18,"1,620",18.0,1.44,1.44,3.67,2.22,60.6,0.22,0.33,0.44,0.22,22.2,0.06,0.06,0.00,0.00,0.0,Matches,GK,False,goalkeeping
726,Freddie Woodman,eng ENG,GK,Preston,26,1997,44,44,"3,960",44.0,0.00,0.00,0.00,0.00,0.00,0.00,0.07,0.00,0.00,0.00,0.00,0.00,0.00,Matches,GK,False,freddie woodman,2023-2024,standard,726,Freddie Woodman,eng ENG,GK,26,1997,44.0,0.00,0.00,0.00,,0.00,0.00,,,0.00,0.00,Matches,GK,False,shooting,881,Freddie Woodman,eng ENG,GK,26,1997,44,"3,960",90,95.7,44.0,1.00,90,1.00,0.00,,0.02,1.43,1.23,1.43,-0.20,-0.20,+0.80,Matches,GK,False,playing_time,726,Freddie Woodman,eng ENG,GK,26,1997,44.0,0.07,0.00,0.00,0.00,0.09,0.00,0.02,0.02,0.00,,,0.00,Matches,GK,False,misc,51,Freddie Woodman,eng ENG,GK,26,1997,44,44,"3,960",44.0,1.43,1.43,4.50,3.07,68.2,0.41,0.20,0.39,0.23,22.7,0.07,0.07,0.00,0.00,0.0,Matches,GK,False,goalkeeping
17,Jak Alnwick,eng ENG,GK,Cardiff City,31,1993,29,29,"2,610",29.0,0.00,0.00,0.00,0.00,0.00,0.00,0.07,0.00,0.00,0.00,0.00,0.00,0.00,Matches,GK,False,jak alnwick,2024-2025,standard,17,Jak Alnwick,eng ENG,GK,31,1993,29.0,0.00,0.00,0.00,,0.00,0.00,,,0.00,0.00,Matches,GK,False,shooting,22,Jak Alnwick,eng ENG,GK,31,1993,29,"2,610",90,63.0,29.0,1.00,90,1.00,0.00,,0.14,1.10,1.21,1.55,-0.34,-0.34,+0.54,Matches,GK,False,playing_time,17,Jak Alnwick,eng ENG,GK,31,1993,29.0,0.07,0.00,0.00,0.00,0.24,0.00,0.00,0.00,0.03,,,0.00,Matches,GK,False,misc,1,Jak Alnwick,eng ENG,GK,31,1993,29,29,"2,610",29.0,1.55,1.55,4.38,2.83,64.6,0.24,0.38,0.38,0.17,17.2,0.14,0.10,0.03,0.00,25.0,Matches,GK,False,goalkeeping
30,Jordan Archer,sct SCO,GK,Portsmouth,31,1993,2,1,150,1.7,0.00,0.00,0.00,0.00,0.00,0.00,0.00,0.00,0.00,0.00,0.00,0.00,0.00,Matches,GK,False,jordan archer,2024-2025,standard,30,Jordan Archer,sct SCO,GK,31,1993,1.7,0.00,0.00,0.00,,0.00,0.00,,,0.00,0.00,Matches,GK,False,shooting,40,Jordan Archer,sct SCO,GK,31,1993,2,150,75,3.6,1.7,0.59,90,0.59,0.59,60,21.2,0.00,0.59,1.18,-0.59,-0.60,-0.33,Matches,GK,False,playing_time,30,Jordan Archer,sct SCO,GK,31,1993,1.7,0.00,0.00,0.00,0.00,0.00,0.00,0.00,0.00,0.00,,,0.00,Matches,GK,False,misc,2,Jordan Archer,sct SCO,GK,31,1993,2,1,150,1.7,1.18,1.20,6.47,5.29,81.8,0.00,0.00,0.59,0.00,0.0,0.00,0.00,0.00,0.00,,Matches,GK,False,goalkeeping
42,Daniel Bachmann,at AUT,GK,Watford,30,1994,22,22,"1,902",21.1,0.00,0.00,0.00,0.00,0.00,0.00,0.05,0.00,0.00,0.00,0.00,0.00,0.00,Matches,GK,False,daniel bachmann,2024-2025,standard,42,Daniel Bachmann,at AUT,GK,30,1994,21.1,0.00,0.00,0.00,,0.00,0.00,,,0.00,0.00,Matches,GK,False,shooting,56,Daniel Bachmann,at AUT,GK,30,1994,22,"1,902",86,45.9,21.1,1.04,86,1.00,0.00,,0.19,1.41,1.42,1.33,0.09,+0.09,+0.50,Matches,GK,False,playing_time,42,Daniel Bachmann,at AUT,GK,30,1994,21.1,0.05,0.00,0.00,0.00,0.52,0.00,0.00,0.00,0.00,,,0.05,Matches,GK,False,misc,3,Daniel Bachmann,at AUT,GK,30,1994,22,22,"1,902",21.1,1.33,1.32,4.17,2.84,68.2,0.43,0.19,0.43,0.24,22.7,0.05,0.00,0.05,0.00,100.0,Matches,GK,False,goalkeeping
64,James Beadle,eng ENG,GK,Sheffield Weds,20,2004,38,38,"3,420",38.0,0.00,0.00,0.00,0.00,0.00,0.00,0.05,0.00,0.00,0.00,0.00,0.00,0.00,Matches,GK,False,james beadle,2024-2025,standard,64,James Beadle,eng ENG,GK,20,2004,38.0,0.00,0.00,0.00,,0.00,0.00,,,0.00,0.00,Matches,GK,False,shooting,82,James Beadle,eng ENG,GK,20,2004,38,"3,420",90,82.6,38.0,1.00,90,1.00,0.00,,0.21,1.34,1.39,1.55,-0.16,-0.16,+0.22,Matches,GK,False,playing_time,64,James Beadle,eng ENG,GK,20,2004,38.0,0.05,0.00,0.00,0.00,0.16,0.00,0.00,0.00,0.00,,,0.00,Matches,GK,False,misc,4,James Beadle,eng ENG,GK,20,2004,38,38,"3,420",38.0,1.55,1.55,3.58,2.13,56.6,0.37,0.24,0.39,0.24,23.7,0.13,0.11,0.03,0.00,20.0,Matches,GK,False,goalkeeping
89,Jonathan Bond,eng ENG,GK,Watford,31,1993,9,8,798,8.9,0.00,0.00,0.00,0.00,0.00,0.00,0.00,0.00,0.00,0.00,0.00,0.00,0.00,Matches,GK,False,jonathan bond,2024-2025,standard,89,Jonathan Bond,eng ENG,GK,31,1993,8.9,0.00,0.00,0.00,,0.00,0.00,,,0.00,0.00,Matches,GK,False,shooting,109,Jonathan Bond,eng ENG,GK,31,1993,9,798,89,19.3,8.9,0.90,90,0.90,0.11,78,3.26,1.11,1.12,1.57,-0.45,-0.45,-0.34,Matches,GK,False,playing_time,89,Jonathan Bond,eng ENG,GK,31,1993,8.9,0.00,0.00,0.00,0.00,0.11,0.00,0.00,0.00,0.00,,,0.00,Matches,GK,False,misc,5,Jonathan Bond,eng ENG,GK,31,1993,9,8,798,8.9,1.57,1.58,4.94,3.37,68.2,0.34,0.11,0.45,0.11,12.5,0.00,0.00,0.00,0.00,,Matches,GK,False,goalkeeping
110,Solomon Brynn,eng ENG,GK,Middlesbrough,23,2000,6,6,509,5.7,0.00,0.00,0.00,0.00,0.00,0.00,0.00,0.00,0.00,0.00,0.00,0.00,0.00,Matches,GK,False,solomon brynn,2024-2025,standard,110,Solomon Brynn,eng ENG,GK,23,2000,5.7,0.00,0.00,0.00,,0.00,0.00,,,0.00,0.00,Matches,GK,False,shooting,137,Solomon Brynn,eng ENG,GK,23,2000,6,509,85,12.3,5.7,1.05,85,0.88,0.00,,2.81,1.83,2.81,1.58,1.23,+1.24,+1.21,Matches,GK,False,playing_time,110,Solomon Brynn,eng ENG,GK,23,2000,5.7,0.00,0.00,0.00,0.00,0.00,0.00,0.00,0.00,0.35,,,0.00,Matches,GK,False,misc,6,Solomon Brynn,eng ENG,GK,23,2000,6,6,509,5.7,1.58,1.59,4.39,2.81,64.0,0.53,0.35,0.18,0.18,16.7,0.00,0.00,0.00,0.00,,Matches,GK,False,goalkeeping
134,Pierce Charles,nir NIR,GK,Sheffield Weds,19,2005,8,8,720,8.0,0.00,0.00,0.00,0.00,0.00,0.00,0.13,0.00,0.00,0.00,0.00,0.00,0.00,Matches,GK,False,pierce charles,2024-2025,standard,134,Pierce Charles,nir NIR,GK,19,2005,8.0,0.00,0.00,0.00,,0.00,0.00,,,0.00,0.00,Matches,GK,False,shooting,166,Pierce Charles,nir NIR,GK,19,2005,8,720,90,17.4,8.0,1.00,90,1.00,0.00,,4.50,0.88,0.88,1.25,-0.38,-0.37,-0.22,Matches,GK,False,playing_time,134,Pierce Charles,nir NIR,GK,19,2005,8.0,0.13,0.00,0.00,0.00,0.25,0.00,0.00,0.00,0.00,,,0.00,Matches,GK,False,misc,7,Pierce Charles,nir NIR,GK,19,2005,8,8,720,8.0,1.25,1.25,3.63,2.38,65.5,0.13,0.50,0.38,0.00,0.0,0.13,0.00,0.13,0.00,100.0,Matches,GK,False,goalkeeping
154,Bradley Collins,eng ENG,GK,Coventry City,27,1997,15,14,"1,313",14.6,0.00,0.00,0.00,0.00,0.00,0.00,0.14,0.00,0.00,0.00,0.00,0.00,0.00,Matches,GK,False,bradley collins,2024-2025,standard,154,Bradley Collins,eng ENG,GK,27,1997,14.6,0.00,0.07,0.00,0.0,0.07,0.00,0.00,,0.00,0.00,Matches,GK,False,shooting,191,Bradley Collins,eng ENG,GK,27,1997,15,"1,313",88,31.7,14.6,0.96,90,0.96,0.07,53,1.51,1.07,1.16,1.58,-0.41,-0.41,-0.79,Matches,GK,False,playing_time,154,Bradley Collins,eng ENG,GK,27,1997,14.6,0.14,0.00,0.00,0.00,0.14,0.00,0.00,0.00,0.00,,,0.00,Matches,GK,False,misc,8,Bradley Collins,eng ENG,GK,27,1997,15,14,"1,313",14.6,1.58,1.58,3.56,1.99,55.8,0.27,0.27,0.41,0.21,21.4,0.00,0.00,0.00,0.00,,Matches,GK,False,goalkeeping
163,Michael Cooper,eng ENG,GK,Sheffield United,24,1999,43,43,"3,870",43.0,0.00,0.00,0.00,0.00,0.00,0.00,0.07,0.00,0.00,0.00,0.00,0.00,0.00,Matches,GK,False,michael cooper,2024-2025,standard,163,Michael Cooper,eng ENG,GK,24,1999,43.0,0.00,0.00,0.00,,0.00,0.00,,,0.00,0.00,Matches,GK,False,shooting,201,Michael Cooper,eng ENG,GK,24,1999,43,"3,870",90,93.5,43.0,1.00,90,1.00,0.00,,0.02,2.02,1.35,0.77,0.58,+0.58,-0.09,Matches,GK,False,playing_time,163,Michael Cooper,eng ENG,GK,24,1999,43.0,0.07,0.00,0.00,0.02,0.12,0.00,0.00,0.00,0.00,,,0.00,Matches,GK,False,misc,9,Michael Cooper,eng ENG,GK,24,1999,43,43,"3,870",43.0,0.77,0.77,3.30,2.53,76.8,0.63,0.14,0.23,0.49,48.8,0.12,0.09,0.02,0.00,20.0,Matches,GK,False,goalkeeping
166,David Cornell,wls WAL,GK,Preston,33,1991,10,9,811,9.0,0.00,0.00,0.00,0.00,0.00,0.00,0.00,0.00,0.00,0.00,0.00,0.00,0.00,Matches,GK,False,david cornell,2024-2025,standard,166,David Cornell,wls WAL,GK,33,1991,9.0,0.00,0.00,0.00,,0.00,0.00,,,0.00,0.00,Matches,GK,False,shooting,205,David Cornell,wls WAL,GK,33,1991,10,811,81,19.6,9.0,1.00,90,1.00,0.11,1,4.00,0.50,1.11,1.78,-0.67,-0.67,-0.53,Matches,GK,False,playing_time,166,David Cornell,wls WAL,GK,33,1991,9.0,0.00,0.00,0.00,0.00,0.11,0.00,0.00,0.00,0.00,,,0.00,Matches,GK,False,misc,10,David Cornell,wls WAL,GK,33,1991,10,9,811,9.0,1.78,1.78,4.00,2.22,55.6,0.00,0.44,0.56,0.11,11.1,0.33,0.33,0.00,0.00,0.0,Matches,GK,False,goalkeeping
176,Jamie Cumming,eng ENG,GK,Oxford United,24,1999,45,45,"4,050",45.0,0.00,0.00,0.00,0.00,0.00,0.00,0.02,0.00,0.00,0.00,0.00,0.00,0.00,Matches,GK,False,jamie cumming,2024-2025,standard,176,Jamie Cumming,eng ENG,GK,24,1999,45.0,0.00,0.00,0.00,,0.00,0.00,,,0.00,0.00,Matches,GK,False,shooting,218,Jamie Cumming,eng ENG,GK,24,1999,45,"4,050",90,97.8,45.0,1.00,90,1.00,0.00,,0.02,1.16,1.02,1.38,-0.36,-0.36,-0.36,Matches,GK,False,playing_time,176,Jamie Cumming,eng ENG,GK,24,1999,45.0,0.02,0.00,0.00,0.02,0.16,0.00,0.00,0.02,0.00,,,0.02,Matches,GK,False,misc,11,Jamie Cumming,eng ENG,GK,24,1999,45,45,"4,050",45.0,1.38,1.38,4.51,3.13,69.5,0.29,0.29,0.42,0.29,28.9,0.09,0.04,0.04,0.00,50.0,Matches,GK,False,goalkeeping
181,Karl Darlow,wls WAL,GK,Leeds United,33,1990,7,7,630,7.0,0.00,0.00,0.00,0.00,0.00,0.00,0.14,0.00,0.00,0.00,0.00,0.00,0.00,Matches,GK,False,karl darlow,2024-2025,standard,181,Karl Darlow,wls WAL,GK,33,1990,7.0,0.00,0.00,0.00,,0.00,0.00,,,0.00,0.00,Matches,GK,False,shooting,223,Karl Darlow,wls WAL,GK,33,1990,7,630,90,15.2,7.0,1.00,90,1.00,0.00,,5.57,2.71,2.43,0.43,2.00,+2.00,+0.69,Matches,GK,False,playing_time,181,Karl Darlow,wls WAL,GK,33,1990,7.0,0.14,0.00,0.00,0.14,0.00,0.00,0.00,0.00,0.00,,,0.00,Matches,GK,False,misc,12,Karl Darlow,wls WAL,GK,33,1990,7,7,630,7.0,0.43,0.43,1.71,1.29,75.0,0.86,0.14,0.00,0.57,57.1,0.00,0.00,0.00,0.00,,Matches,GK,False,goalkeeping
183,Adam Davies,wls WAL,GK,Sheffield United,32,1992,3,3,270,3.0,0.00,0.00,0.00,0.00,0.00,0.00,0.00,0.00,0.00,0.00,0.00,0.00,0.00,Matches,GK,False,adam davies,2024-2025,standard,183,Adam Davies,wls WAL,GK,32,1992,3.0,0.00,0.00,0.00,,0.00,0.00,,,0.00,0.00,Matches,GK,False,shooting,226,Adam Davies,wls WAL,GK,32,1992,3,270,90,6.5,3.0,1.00,90,1.00,0.00,,11.7,1.67,1.67,1.00,0.67,+0.67,+0.09,Matches,GK,False,playing_time,183,Adam Davies,wls WAL,GK,32,1992,3.0,0.00,0.00,0.00,0.00,0.00,0.00,0.00,0.00,0.00,,,0.00,Matches,GK,False,misc,13,Adam Davies,wls WAL,GK,32,1992,3,3,270,3.0,1.00,1.00,2.33,1.33,57.1,0.33,0.67,0.00,0.33,33.3,0.00,0.00,0.00,0.00,,Matches,GK,False,goalkeeping
197,Seny Dieng,sn SEN,GK,Middlesbrough,29,1994,17,17,"1,530",17.0,0.00,0.00,0.00,0.00,0.00,0.00,0.00,0.00,0.00,0.00,0.00,0.00,0.00,Matches,GK,False,seny dieng,2024-2025,standard,197,Seny Dieng,sn SEN,GK,29,1994,17.0,0.00,0.00,0.00,,0.00,0.00,,,0.00,0.00,Matches,GK,False,shooting,244,Seny Dieng,sn SEN,GK,29,1994,17,"1,530",90,37.0,17.0,1.00,90,1.00,0.00,,0.18,1.47,1.47,1.24,0.24,+0.24,+0.10,Matches,GK,False,playing_time,197,Seny Dieng,sn SEN,GK,29,1994,17.0,0.00,0.00,0.00,0.00,0.12,0.00,0.06,0.00,0.00,,,0.06,Matches,GK,False,misc,14,Seny Dieng,sn SEN,GK,29,1994,17,17,"1,530",17.0,1.24,1.24,3.00,1.76,58.8,0.41,0.24,0.35,0.29,29.4,0.00,0.00,0.00,0.00,,Matches,GK,False,goalkeeping
207,Oliver Dovin,se SWE,GK,Coventry City,22,2002,28,28,"2,467",27.4,0.00,0.00,0.00,0.00,0.00,0.00,0.04,0.00,0.00,0.00,0.00,0.00,0.00,Matches,GK,False,oliver dovin,2024-2025,standard,207,Oliver Dovin,se SWE,GK,22,2002,27.4,0.00,0.00,0.00,,0.00,0.00,,,0.00,0.00,Matches,GK,False,shooting,257,Oliver Dovin,se SWE,GK,22,2002,28,"2,467",88,59.6,27.4,1.02,88,0.99,0.00,,0.36,1.68,1.50,1.09,0.40,+0.40,+0.67,Matches,GK,False,playing_time,207,Oliver Dovin,se SWE,GK,22,2002,27.4,0.04,0.00,0.00,0.00,0.11,0.00,0.00,0.00,0.00,,,0.00,Matches,GK,False,misc,15,Oliver Dovin,se SWE,GK,22,2002,28,28,"2,467",27.4,1.09,1.09,3.61,2.52,69.7,0.51,0.18,0.33,0.29,28.6,0.04,0.04,0.00,0.00,0.0,Matches,GK,False,goalkeeping
236,George Evans,eng ENG,GK,Millwall,19,2005,4,4,360,4.0,0.00,0.00,0.00,0.00,0.00,0.00,0.00,0.00,0.00,0.00,0.00,0.00,0.00,Matches,GK,False,george evans,2024-2025,standard,236,George Evans,eng ENG,GK,19,2005,4.0,0.00,0.00,0.00,,0.00,0.00,,,0.00,0.00,Matches,GK,False,shooting,294,George Evans,eng ENG,GK,19,2005,4,360,90,8.7,4.0,1.00,90,1.00,0.00,,1.75,1.50,1.50,2.00,-0.50,-0.50,-0.50,Matches,GK,False,playing_time,236,George Evans,eng ENG,GK,19,2005,4.0,0.00,0.00,0.00,0.00,0.00,0.00,0.00,0.00,0.00,,,0.00,Matches,GK,False,misc,16,George Evans,eng ENG,GK,19,2005,4,4,360,4.0,2.00,2.00,4.75,2.75,57.9,0.50,0.00,0.50,0.25,25.0,0.00,0.00,0.00,0.00,,Matches,GK,False,goalkeeping
284,Tom Glover,au AUS,GK,Middlesbrough,26,1997,7,6,571,6.3,0.00,0.00,0.00,0.00,0.00,0.00,0.00,0.00,0.00,0.00,0.00,0.00,0.00,Matches,GK,False,tom glover,2024-2025,standard,284,Tom Glover,au AUS,GK,26,1997,6.3,0.00,0.00,0.00,,0.00,0.00,,,0.00,0.00,Matches,GK,False,shooting,353,Tom Glover,au AUS,GK,26,1997,7,571,82,13.8,6.3,0.95,90,0.95,0.16,31,3.49,1.29,0.95,0.95,0.00,0.00,-0.20,Matches,GK,False,playing_time,284,Tom Glover,au AUS,GK,26,1997,6.3,0.00,0.00,0.00,0.00,0.32,0.00,0.00,0.00,0.16,,,0.00,Matches,GK,False,misc,17,Tom Glover,au AUS,GK,26,1997,7,6,571,6.3,0.95,0.95,2.06,1.11,53.8,0.32,0.32,0.32,0.48,50.0,0.00,0.00,0.00,0.00,,Matches,GK,False,goalkeeping
297,Joshua Griffiths,eng ENG,GK,West Brom,22,2001,6,6,540,6.0,0.00,0.00,0.00,0.00,0.00,0.00,0.00,0.00,0.00,0.00,0.00,0.00,0.00,Matches,GK,False,joshua griffiths,2024-2025,standard,297,Joshua Griffiths,eng ENG,GK,22,2001,6.0,0.00,0.00,0.00,,0.00,0.00,,,0.00,0.00,Matches,GK,False,shooting,373,Joshua Griffiths,eng ENG,GK,22,2001,6,540,90,13.0,6.0,1.00,90,1.00,0.00,,1.67,1.17,1.50,1.83,-0.33,-0.33,-0.63,Matches,GK,False,playing_time,297,Joshua Griffiths,eng ENG,GK,22,2001,6.0,0.00,0.00,0.00,0.00,0.17,0.00,0.00,0.00,0.00,,,0.00,Matches,GK,False,misc,18,Joshua Griffiths,eng ENG,GK,22,2001,6,6,540,6.0,1.83,1.83,4.50,2.67,59.3,0.33,0.17,0.50,0.17,16.7,0.00,0.00,0.00,0.00,,Matches,GK,False,goalkeeping
300,Daniel Grimshaw,eng ENG,GK,Plymouth Argyle,26,1998,21,21,"1,890",21.0,0.00,0.00,0.00,0.00,0.00,0.00,0.10,0.00,0.00,0.00,0.00,0.00,0.00,Matches,GK,False,daniel grimshaw,2024-2025,standard,300,Daniel Grimshaw,eng ENG,GK,26,1998,21.0,0.00,0.00,0.00,,0.00,0.00,,,0.00,0.00,Matches,GK,False,shooting,376,Daniel Grimshaw,eng ENG,GK,26,1998,21,"1,890",90,45.7,21.0,1.00,90,1.00,0.00,,1.05,0.81,1.00,2.33,-1.33,-1.33,-0.97,Matches,GK,False,playing_time,300,Daniel Grimshaw,eng ENG,GK,26,1998,21.0,0.10,0.00,0.00,0.00,0.05,0.00,0.00,0.00,0.00,,,0.00,Matches,GK,False,misc,19,Daniel Grimshaw,eng ENG,GK,26,1998,21,21,"1,890",21.0,2.33,2.33,5.95,3.62,60.8,0.19,0.24,0.57,0.05,4.8,0.14,0.14,0.00,0.00,0.0,Matches,GK,False,goalkeeping
304,Angus Gunn,sct SCO,GK,Norwich City,28,1996,35,35,"3,104",34.5,0.00,0.00,0.00,0.00,0.00,0.00,0.03,0.00,0.00,0.00,0.00,0.00,0.00,Matches,GK,False,angus gunn,2024-2025,standard,304,Angus Gunn,sct SCO,GK,28,1996,34.5,0.00,0.00,0.00,,0.00,0.00,,,0.00,0.00,Matches,GK,False,shooting,380,Angus Gunn,sct SCO,GK,28,1996,35,"3,104",89,75.0,34.5,1.01,89,0.96,0.00,,0.00,1.51,1.57,1.22,0.35,+0.35,+1.13,Matches,GK,False,playing_time,304,Angus Gunn,sct SCO,GK,28,1996,34.5,0.03,0.00,0.00,0.00,0.23,0.00,0.00,0.00,0.03,,,0.00,Matches,GK,False,misc,20,Angus Gunn,sct SCO,GK,28,1996,35,35,"3,104",34.5,1.22,1.22,3.65,2.43,66.7,0.41,0.32,0.29,0.23,22.9,0.12,0.12,0.00,0.00,0.0,Matches,GK,False,goalkeeping
320,Conor Hazard,nir NIR,GK,Plymouth Argyle,26,1998,25,25,"2,250",25.0,0.00,0.00,0.00,0.00,0.00,0.00,0.16,0.00,0.00,0.00,0.00,0.00,0.00,Matches,GK,False,conor hazard,2024-2025,standard,320,Conor Hazard,nir NIR,GK,26,1998,25.0,0.00,0.00,0.00,,0.00,0.00,,,0.00,0.00,Matches,GK,False,shooting,400,Conor Hazard,nir NIR,GK,26,1998,25,"2,250",90,54.3,25.0,1.00,90,1.00,0.00,,0.16,1.16,1.20,1.56,-0.36,-0.36,+0.97,Matches,GK,False,playing_time,320,Conor Hazard,nir NIR,GK,26,1998,25.0,0.16,0.00,0.00,0.00,0.12,0.00,0.00,0.04,0.00,,,0.00,Matches,GK,False,misc,21,Conor Hazard,nir NIR,GK,26,1998,25,25,"2,250",25.0,1.56,1.56,4.96,3.40,68.5,0.28,0.32,0.40,0.08,8.0,0.04,0.04,0.00,0.00,0.0,Matches,GK,False,goalkeeping
327,Václav Hladký,cz CZE,GK,Burnley,33,1990,1,1,90,1.0,0.00,0.00,0.00,0.00,0.00,0.00,0.00,0.00,0.00,0.00,0.00,0.00,0.00,Matches,GK,False,vaclav hladky,2024-2025,standard,327,Václav Hladký,cz CZE,GK,33,1990,1.0,0.00,0.00,0.00,,0.00,0.00,,,0.00,0.00,Matches,GK,False,shooting,410,Václav Hladký,cz CZE,GK,33,1990,1,90,90,2.2,1.0,1.00,90,1.00,0.00,,45.0,3.00,5.00,0.00,5.00,+5.00,+3.93,Matches,GK,False,playing_time,327,Václav Hladký,cz CZE,GK,33,1990,1.0,0.00,0.00,0.00,0.00,0.00,0.00,0.00,0.00,0.00,,,0.00,Matches,GK,False,misc,22,Václav Hladký,cz CZE,GK,33,1990,1,1,90,1.0,0.00,0.00,4.00,4.00,100.0,1.00,0.00,0.00,1.00,100.0,0.00,0.00,0.00,0.00,,Matches,GK,False,goalkeeping
333,Ethan Horvath,us USA,GK,Cardiff City,29,1995,17,17,"1,530",17.0,0.00,0.00,0.00,0.00,0.00,0.00,0.00,0.00,0.00,0.00,0.00,0.00,0.00,Matches,GK,False,ethan horvath,2024-2025,standard,333,Ethan Horvath,us USA,GK,29,1995,17.0,0.00,0.00,0.00,,0.00,0.00,,,0.00,0.00,Matches,GK,False,shooting,417,Ethan Horvath,us USA,GK,29,1995,17,"1,530",90,37.0,17.0,1.00,90,1.00,0.00,,1.71,0.71,0.76,1.65,-0.88,-0.88,-0.54,Matches,GK,False,playing_time,333,Ethan Horvath,us USA,GK,29,1995,17.0,0.00,0.00,0.00,0.00,0.24,0.00,0.00,0.00,0.00,,,0.06,Matches,GK,False,misc,23,Ethan Horvath,us USA,GK,29,1995,17,17,"1,530",17.0,1.65,1.65,4.24,2.59,61.1,0.12,0.35,0.53,0.18,17.6,0.00,0.00,0.00,0.00,,Matches,GK,False,goalkeeping
349,Matt Ingram,eng ENG,GK,Oxford United,30,1993,1,1,90,1.0,0.00,0.00,0.00,0.00,0.00,0.00,0.00,0.00,0.00,0.00,0.00,0.00,0.00,Matches,GK,False,matt ingram,2024-2025,standard,349,Matt Ingram,eng ENG,GK,30,1993,1.0,0.00,0.00,0.00,,0.00,0.00,,,0.00,0.00,Matches,GK,False,shooting,436,Matt Ingram,eng ENG,GK,30,1993,1,90,90,2.2,1.0,1.00,90,1.00,0.00,,45.0,1.00,3.00,3.00,0.00,0.00,+0.36,Matches,GK,False,playing_time,349,Matt Ingram,eng ENG,GK,30,1993,1.0,0.00,0.00,0.00,0.00,0.00,0.00,0.00,0.00,0.00,,,0.00,Matches,GK,False,misc,24,Matt Ingram,eng ENG,GK,30,1993,1,1,90,1.0,3.00,3.00,5.00,2.00,40.0,0.00,1.00,0.00,0.00,0.0,0.00,0.00,0.00,0.00,,Matches,GK,False,goalkeeping
359,Lukas Jensen,dk DEN,GK,Millwall,25,1999,41,41,"3,689",41.0,0.00,0.00,0.00,0.00,0.00,0.00,0.02,0.00,0.00,0.00,0.00,0.00,0.00,Matches,GK,False,lukas jensen,2024-2025,standard,359,Lukas Jensen,dk DEN,GK,25,1999,41.0,0.00,0.00,0.00,,0.00,0.00,,,0.00,0.00,Matches,GK,False,shooting,447,Lukas Jensen,dk DEN,GK,25,1999,41,"3,689",90,89.1,41.0,1.00,90,0.98,0.00,,0.00,1.39,0.98,1.00,-0.02,-0.02,+0.18,Matches,GK,False,playing_time,359,Lukas Jensen,dk DEN,GK,25,1999,41.0,0.02,0.00,0.00,0.00,0.10,0.00,0.00,0.00,0.02,,,0.00,Matches,GK,False,misc,25,Lukas Jensen,dk DEN,GK,25,1999,41,41,"3,689",41.0,1.00,1.00,3.32,2.34,69.9,0.37,0.29,0.34,0.34,34.1,0.07,0.02,0.02,0.02,50.0,Matches,GK,False,goalkeeping
361,Viktor Johansson,se SWE,GK,Stoke City,25,1998,46,46,"4,140",46.0,0.00,0.00,0.00,0.00,0.00,0.00,0.09,0.00,0.00,0.00,0.00,0.00,0.00,Matches,GK,False,viktor johansson,2024-2025,standard,361,Viktor Johansson,se SWE,GK,25,1998,46.0,0.00,0.00,0.00,,0.00,0.00,,,0.00,0.00,Matches,GK,False,shooting,449,Viktor Johansson,se SWE,GK,25,1998,46,"4,140",90,100.0,46.0,1.00,90,1.00,0.00,,0.00,1.11,0.98,1.35,-0.37,-0.37,,Matches,GK,False,playing_time,361,Viktor Johansson,se SWE,GK,25,1998,46.0,0.09,0.00,0.00,0.00,0.30,0.00,0.00,0.00,0.00,,,0.02,Matches,GK,False,misc,26,Viktor Johansson,se SWE,GK,25,1998,46,46,"4,140",46.0,1.35,1.35,4.63,3.28,70.9,0.26,0.33,0.41,0.30,30.4,0.11,0.07,0.02,0.02,25.0,Matches,GK,False,goalkeeping
378,Thomas Kaminski,be BEL,GK,Luton Town,31,1992,45,45,"3,990",44.3,0.00,0.02,0.02,0.00,0.00,0.00,0.11,0.02,0.00,0.02,0.02,0.00,0.02,Matches,GK,False,thomas kaminski,2024-2025,standard,378,Thomas Kaminski,be BEL,GK,31,1992,44.3,0.00,0.00,0.00,,0.00,0.00,,,0.00,0.00,Matches,GK,False,shooting,469,Thomas Kaminski,be BEL,GK,31,1992,45,"3,990",89,96.4,44.3,1.02,89,0.99,0.00,,0.00,1.09,1.02,1.53,-0.52,-0.52,+0.08,Matches,GK,False,playing_time,378,Thomas Kaminski,be BEL,GK,31,1992,44.3,0.11,0.02,0.02,0.05,0.07,0.00,0.00,0.00,0.00,,,0.00,Matches,GK,False,misc,27,Thomas Kaminski,be BEL,GK,31,1992,45,45,"3,990",44.3,1.53,1.53,4.42,2.89,65.3,0.29,0.23,0.50,0.25,24.4,0.07,0.05,0.02,0.00,33.3,Matches,GK,False,goalkeeping
388,Ben Killip,eng ENG,GK,Portsmouth,28,1995,2,2,180,2.0,0.00,0.00,0.00,0.00,0.00,0.00,0.00,0.00,0.00,0.00,0.00,0.00,0.00,Matches,GK,False,ben killip,2024-2025,standard,388,Ben Killip,eng ENG,GK,28,1995,2.0,0.00,0.00,0.00,,0.00,0.00,,,0.00,0.00,Matches,GK,False,shooting,480,Ben Killip,eng ENG,GK,28,1995,2,180,90,4.3,2.0,1.00,90,1.00,0.00,,0.00,1.00,1.00,1.00,0.00,0.00,+0.30,Matches,GK,False,playing_time,388,Ben Killip,eng ENG,GK,28,1995,2.0,0.00,0.00,0.00,0.00,0.00,0.00,0.00,0.00,0.00,,,0.00,Matches,GK,False,misc,28,Ben Killip,eng ENG,GK,28,1995,2,2,180,2.0,1.00,1.00,4.50,3.50,77.8,0.00,1.00,0.00,0.00,0.0,0.00,0.00,0.00,0.00,,Matches,GK,False,goalkeeping
420,George Long,eng ENG,GK,Norwich City,30,1993,9,8,765,8.5,0.00,0.00,0.00,0.00,0.00,0.00,0.00,0.00,0.00,0.00,0.00,0.00,0.00,Matches,GK,False,george long,2024-2025,standard,420,George Long,eng ENG,GK,30,1993,8.5,0.00,0.00,0.00,,0.00,0.00,,,0.00,0.00,Matches,GK,False,shooting,519,George Long,eng ENG,GK,30,1993,9,765,85,18.5,8.5,0.94,90,0.94,0.12,45,3.76,0.67,1.53,2.24,-0.71,-0.71,-0.95,Matches,GK,False,playing_time,420,George Long,eng ENG,GK,30,1993,8.5,0.00,0.00,0.00,0.12,0.00,0.00,0.00,0.00,0.00,,,0.00,Matches,GK,False,misc,29,George Long,eng ENG,GK,30,1993,9,8,765,8.5,2.24,2.24,5.06,2.82,55.8,0.00,0.35,0.59,0.12,12.5,0.35,0.24,0.12,0.00,33.3,Matches,GK,False,goalkeeping
470,Illan Meslier,fr FRA,GK,Leeds United,24,2000,39,39,"3,510",39.0,0.00,0.00,0.00,0.00,0.00,0.00,0.00,0.00,0.00,0.00,0.00,0.00,0.00,Matches,GK,False,illan meslier,2024-2025,standard,470,Illan Meslier,fr FRA,GK,24,2000,39.0,0.00,0.00,0.00,,0.00,0.00,,,0.00,0.00,Matches,GK,False,shooting,587,Illan Meslier,fr FRA,GK,24,2000,39,"3,510",90,84.8,39.0,1.00,90,1.00,0.00,,0.18,2.08,2.00,0.69,1.31,+1.31,-0.69,Matches,GK,False,playing_time,470,Illan Meslier,fr FRA,GK,24,2000,39.0,0.00,0.00,0.00,0.00,0.28,0.00,0.00,0.00,0.00,,,0.03,Matches,GK,False,misc,30,Illan Meslier,fr FRA,GK,24,2000,39,39,"3,510",39.0,0.69,0.69,2.31,1.62,70.0,0.59,0.31,0.10,0.54,53.8,0.10,0.08,0.03,0.00,25.0,Matches,GK,False,goalkeeping
481,Simon Moore,eng ENG,GK,Sunderland,34,1990,4,4,360,4.0,0.00,0.00,0.00,0.00,0.00,0.00,0.25,0.00,0.00,0.00,0.00,0.00,0.00,Matches,GK,False,simon moore,2024-2025,standard,481,Simon Moore,eng ENG,GK,34,1990,4.0,0.00,0.00,0.00,,0.00,0.00,,,0.00,0.00,Matches,GK,False,shooting,603,Simon Moore,eng ENG,GK,34,1990,4,360,90,8.7,4.0,1.00,90,1.00,0.00,,10.5,1.50,1.00,0.50,0.50,+0.50,+0.21,Matches,GK,False,playing_time,481,Simon Moore,eng ENG,GK,34,1990,4.0,0.25,0.00,0.00,0.00,0.25,0.00,0.00,0.00,0.00,,,0.00,Matches,GK,False,misc,31,Simon Moore,eng ENG,GK,34,1990,4,4,360,4.0,0.50,0.50,2.50,2.00,80.0,0.25,0.75,0.00,0.75,75.0,0.00,0.00,0.00,0.00,,Matches,GK,False,goalkeeping
501,Paul Nardi,fr FRA,GK,QPR,30,1994,45,45,"4,050",45.0,0.00,0.00,0.00,0.00,0.00,0.00,0.04,0.00,0.00,0.00,0.00,0.00,0.00,Matches,GK,False,paul nardi,2024-2025,standard,501,Paul Nardi,fr FRA,GK,30,1994,45.0,0.00,0.04,0.04,100.0,0.04,0.04,0.00,0.00,0.00,0.00,Matches,GK,False,shooting,627,Paul Nardi,fr FRA,GK,30,1994,45,"4,050",90,97.8,45.0,1.00,90,1.00,0.00,,0.00,1.18,1.16,1.40,-0.24,-0.24,-1.24,Matches,GK,False,playing_time,501,Paul Nardi,fr FRA,GK,30,1994,45.0,0.04,0.00,0.00,0.00,0.31,0.00,0.00,0.00,0.02,,,0.00,Matches,GK,False,misc,32,Paul Nardi,fr FRA,GK,30,1994,45,45,"4,050",45.0,1.40,1.40,3.84,2.49,63.6,0.29,0.31,0.40,0.20,20.0,0.07,0.07,0.00,0.00,0.0,Matches,GK,False,goalkeeping
514,Will Norris,eng ENG,GK,Portsmouth,30,1993,8,8,720,8.0,0.00,0.00,0.00,0.00,0.00,0.00,0.25,0.00,0.00,0.00,0.00,0.00,0.00,Matches,GK,False,will norris,2024-2025,standard,514,Will Norris,eng ENG,GK,30,1993,8.0,0.00,0.00,0.00,,0.00,0.00,,,0.00,0.00,Matches,GK,False,shooting,643,Will Norris,eng ENG,GK,30,1993,8,720,90,17.4,8.0,1.00,90,1.00,0.00,,0.13,0.50,1.00,2.38,-1.38,-1.37,-1.32,Matches,GK,False,playing_time,514,Will Norris,eng ENG,GK,30,1993,8.0,0.25,0.00,0.00,0.13,0.38,0.00,0.00,0.00,0.13,,,0.00,Matches,GK,False,misc,33,Will Norris,eng ENG,GK,30,1993,8,8,720,8.0,2.38,2.37,6.00,3.63,60.4,0.00,0.50,0.50,0.25,25.0,0.38,0.38,0.00,0.00,0.0,Matches,GK,False,goalkeeping
522,Max O'Leary,ie IRL,GK,Bristol City,27,1996,46,46,"4,140",46.0,0.00,0.00,0.00,0.00,0.00,0.00,0.07,0.00,0.00,0.00,0.00,0.00,0.00,Matches,GK,False,max o'leary,2024-2025,standard,522,Max O'Leary,ie IRL,GK,27,1996,46.0,0.00,0.00,0.00,,0.00,0.00,,,0.00,0.00,Matches,GK,False,shooting,652,Max O'Leary,ie IRL,GK,27,1996,46,"4,140",90,100.0,46.0,1.00,90,1.00,0.00,,0.00,1.42,1.28,1.20,0.09,+0.09,,Matches,GK,False,playing_time,522,Max O'Leary,ie IRL,GK,27,1996,46.0,0.07,0.00,0.00,0.00,0.09,0.00,0.00,0.00,0.00,,,0.00,Matches,GK,False,misc,34,Max O'Leary,ie IRL,GK,27,1996,46,46,"4,140",46.0,1.20,1.20,3.74,2.54,68.0,0.37,0.37,0.26,0.22,21.7,0.04,0.04,0.00,0.00,0.0,Matches,GK,False,goalkeeping
542,Alex Palmer,eng ENG,GK,West Brom,27,1996,30,30,"2,700",30.0,0.00,0.00,0.00,0.00,0.00,0.00,0.07,0.00,0.00,0.00,0.00,0.00,0.00,Matches,GK,False,alex palmer,2024-2025,standard,542,Alex Palmer,eng ENG,GK,27,1996,30.0,0.00,0.00,0.00,,0.00,0.00,,,0.00,0.00,Matches,GK,False,shooting,673,Alex Palmer,eng ENG,GK,27,1996,30,"2,700",90,65.2,30.0,1.00,90,1.00,0.00,,0.00,1.47,1.30,0.90,0.40,+0.40,+0.52,Matches,GK,False,playing_time,542,Alex Palmer,eng ENG,GK,27,1996,30.0,0.07,0.00,0.00,0.00,0.17,0.00,0.00,0.00,0.07,,,0.00,Matches,GK,False,misc,35,Alex Palmer,eng ENG,GK,27,1996,30,30,"2,700",30.0,0.90,0.90,3.50,2.60,74.3,0.33,0.47,0.20,0.37,36.7,0.03,0.03,0.00,0.00,0.0,Matches,GK,False,goalkeeping
547,Ivor Pandur,hr CRO,GK,Hull City,24,2000,44,44,"3,960",44.0,0.00,0.00,0.00,0.00,0.00,0.00,0.07,0.00,0.00,0.00,0.00,0.00,0.00,Matches,GK,False,ivor pandur,2024-2025,standard,547,Ivor Pandur,hr CRO,GK,24,2000,44.0,0.00,0.00,0.00,,0.00,0.00,,,0.00,0.00,Matches,GK,False,shooting,680,Ivor Pandur,hr CRO,GK,24,2000,44,"3,960",90,95.7,44.0,1.00,90,1.00,0.00,,0.05,1.05,0.95,1.18,-0.23,-0.23,-0.23,Matches,GK,False,playing_time,547,Ivor Pandur,hr CRO,GK,24,2000,44.0,0.07,0.00,0.00,0.00,0.11,0.00,0.00,0.00,0.00,,,0.00,Matches,GK,False,misc,36,Ivor Pandur,hr CRO,GK,24,2000,44,44,"3,960",44.0,1.18,1.18,3.91,2.73,69.8,0.25,0.30,0.45,0.14,13.6,0.14,0.09,0.02,0.02,20.0,Matches,GK,False,goalkeeping
551,Anthony Patterson,eng ENG,GK,Sunderland,24,2000,42,42,"3,780",42.0,0.00,0.00,0.00,0.00,0.00,0.00,0.07,0.00,0.00,0.00,0.00,0.00,0.00,Matches,GK,False,anthony patterson,2024-2025,standard,551,Anthony Patterson,eng ENG,GK,24,2000,42.0,0.00,0.02,0.02,100.0,0.02,0.02,0.00,0.00,0.00,0.00,Matches,GK,False,shooting,687,Anthony Patterson,eng ENG,GK,24,2000,42,"3,780",90,91.3,42.0,1.00,90,1.00,0.00,,0.00,1.71,1.29,1.00,0.29,+0.29,-0.21,Matches,GK,False,playing_time,551,Anthony Patterson,eng ENG,GK,24,2000,42.0,0.07,0.00,0.00,0.00,0.19,0.00,0.00,0.00,0.02,,,0.05,Matches,GK,False,misc,37,Anthony Patterson,eng ENG,GK,24,2000,42,42,"3,780",42.0,1.00,1.00,3.12,2.12,67.9,0.48,0.24,0.29,0.33,33.3,0.12,0.10,0.02,0.00,20.0,Matches,GK,False,goalkeeping
552,Aynsley Pears,eng ENG,GK,Blackburn,26,1998,40,40,"3,600",40.0,0.00,0.00,0.00,0.00,0.00,0.00,0.07,0.00,0.00,0.00,0.00,0.00,0.00,Matches,GK,False,aynsley pears,2024-2025,standard,552,Aynsley Pears,eng ENG,GK,26,1998,40.0,0.00,0.00,0.00,,0.00,0.00,,,0.00,0.00,Matches,GK,False,shooting,689,Aynsley Pears,eng ENG,GK,26,1998,40,"3,600",90,87.0,40.0,1.00,90,1.00,0.00,,0.10,1.33,1.10,1.07,0.03,+0.02,-0.64,Matches,GK,False,playing_time,552,Aynsley Pears,eng ENG,GK,26,1998,40.0,0.07,0.00,0.00,0.00,0.15,0.00,0.00,0.03,0.03,,,0.00,Matches,GK,False,misc,38,Aynsley Pears,eng ENG,GK,26,1998,40,40,"3,600",40.0,1.07,1.07,3.80,2.73,71.7,0.38,0.20,0.42,0.33,32.5,0.10,0.07,0.03,0.00,25.0,Matches,GK,False,goalkeeping
588,Vicente Reyes,cl CHI,GK,Norwich City,20,2003,4,3,271,3.0,0.00,0.00,0.00,0.00,0.00,0.00,0.00,0.00,0.00,0.00,0.00,0.00,0.00,Matches,GK,False,vicente reyes,2024-2025,standard,588,Vicente Reyes,cl CHI,GK,20,2003,3.0,0.00,0.00,0.00,,0.00,0.00,,,0.00,0.00,Matches,GK,False,shooting,738,Vicente Reyes,cl CHI,GK,20,2003,4,271,68,6.5,3.0,1.00,90,1.00,0.33,1,1.33,1.00,1.33,2.33,-1.00,-1.00,-1.14,Matches,GK,False,playing_time,588,Vicente Reyes,cl CHI,GK,20,2003,3.0,0.00,0.00,0.00,0.00,0.00,0.00,0.00,0.00,0.00,,,0.00,Matches,GK,False,misc,39,Vicente Reyes,cl CHI,GK,20,2003,4,3,271,3.0,2.33,2.32,4.00,1.67,41.7,0.00,0.33,0.67,0.00,0.0,0.00,0.00,0.00,0.00,,Matches,GK,False,goalkeeping
597,Liam Roberts,eng ENG,GK,Millwall,29,1994,2,1,91,1.0,0.00,0.00,0.00,0.00,0.00,0.00,0.00,0.00,0.00,0.00,0.00,0.00,0.00,Matches,GK,False,liam roberts,2024-2025,standard,597,Liam Roberts,eng ENG,GK,29,1994,1.0,0.00,0.00,0.00,,0.00,0.00,,,0.00,0.00,Matches,GK,False,shooting,747,Liam Roberts,eng ENG,GK,29,1994,2,91,46,2.2,1.0,1.00,90,1.00,1.00,1,32.0,3.00,1.00,0.00,1.00,+0.99,+1.06,Matches,GK,False,playing_time,597,Liam Roberts,eng ENG,GK,29,1994,1.0,0.00,0.00,0.00,0.00,0.00,0.00,0.00,0.00,0.00,,,0.00,Matches,GK,False,misc,40,Liam Roberts,eng ENG,GK,29,1994,2,1,91,1.0,0.00,0.00,3.00,3.00,100.0,1.00,0.00,0.00,2.00,200.0,0.00,0.00,0.00,0.00,,Matches,GK,False,goalkeeping
612,Carl Rushworth,eng ENG,GK,Hull City,23,2001,2,2,180,2.0,0.00,0.00,0.00,0.00,0.00,0.00,0.00,0.00,0.00,0.00,0.00,0.00,0.00,Matches,GK,False,carl rushworth,2024-2025,standard,612,Carl Rushworth,eng ENG,GK,23,2001,2.0,0.00,0.00,0.00,,0.00,0.00,,,0.00,0.00,Matches,GK,False,shooting,765,Carl Rushworth,eng ENG,GK,23,2001,2,180,90,4.3,2.0,1.00,90,1.00,0.00,,2.00,1.50,1.00,1.00,0.00,0.00,+0.23,Matches,GK,False,playing_time,612,Carl Rushworth,eng ENG,GK,23,2001,2.0,0.00,0.00,0.00,0.00,0.50,0.00,0.00,0.00,0.00,,,0.00,Matches,GK,False,misc,41,Carl Rushworth,eng ENG,GK,23,2001,2,2,180,2.0,1.00,1.00,2.00,1.00,50.0,0.50,0.00,0.50,0.50,50.0,0.00,0.00,0.00,0.00,,Matches,GK,False,goalkeeping
630,Nicolas Schmid,at AUT,GK,Portsmouth,27,1997,35,35,"3,090",34.3,0.00,0.06,0.06,0.00,0.00,0.00,0.03,0.00,0.00,0.06,0.06,0.00,0.06,Matches,GK,False,nicolas schmid,2024-2025,standard,630,Nicolas Schmid,at AUT,GK,27,1997,34.3,0.00,0.00,0.00,,0.00,0.00,,,0.00,0.00,Matches,GK,False,shooting,785,Nicolas Schmid,at AUT,GK,27,1997,35,"3,090",88,74.6,34.3,1.02,88,0.99,0.00,,0.20,1.37,1.37,1.40,-0.03,-0.03,+1.00,Matches,GK,False,playing_time,630,Nicolas Schmid,at AUT,GK,27,1997,34.3,0.03,0.00,0.00,0.00,0.17,0.00,0.00,0.00,0.00,,,0.00,Matches,GK,False,misc,42,Nicolas Schmid,at AUT,GK,27,1997,35,35,"3,090",34.3,1.40,1.40,4.43,3.00,68.4,0.41,0.17,0.44,0.23,22.9,0.03,0.03,0.00,0.00,0.0,Matches,GK,False,goalkeeping
636,Egil Selvik,no NOR,GK,Watford,27,1997,16,16,"1,440",16.0,0.00,0.00,0.00,0.00,0.00,0.00,0.13,0.00,0.00,0.00,0.00,0.00,0.00,Matches,GK,False,egil selvik,2024-2025,standard,636,Egil Selvik,no NOR,GK,27,1997,16.0,0.00,0.00,0.00,,0.00,0.00,,,0.00,0.00,Matches,GK,False,shooting,791,Egil Selvik,no NOR,GK,27,1997,16,"1,440",90,34.8,16.0,1.00,90,1.00,0.00,,0.06,1.00,0.81,1.19,-0.38,-0.37,-0.31,Matches,GK,False,playing_time,636,Egil Selvik,no NOR,GK,27,1997,16.0,0.13,0.00,0.00,0.00,0.00,0.00,0.00,0.00,0.00,,,0.00,Matches,GK,False,misc,43,Egil Selvik,no NOR,GK,27,1997,16,16,"1,440",16.0,1.19,1.19,4.44,3.25,73.2,0.25,0.25,0.50,0.38,37.5,0.00,0.00,0.00,0.00,,Matches,GK,False,goalkeeping
641,James Shea,eng ENG,GK,Luton Town,33,1991,2,1,147,1.6,0.00,0.00,0.00,0.00,0.00,0.00,0.00,0.00,0.00,0.00,0.00,0.00,0.00,Matches,GK,False,james shea,2024-2025,standard,641,James Shea,eng ENG,GK,33,1991,1.6,0.00,0.00,0.00,,0.00,0.00,,,0.00,0.00,Matches,GK,False,shooting,797,James Shea,eng ENG,GK,33,1991,2,147,74,3.6,1.6,0.63,90,0.63,0.63,57,5.00,0.50,0.00,0.63,-0.63,-0.61,-0.09,Matches,GK,False,playing_time,641,James Shea,eng ENG,GK,33,1991,1.6,0.00,0.00,0.00,0.00,0.63,0.00,0.00,0.00,0.00,,,0.00,Matches,GK,False,misc,44,James Shea,eng ENG,GK,33,1991,2,1,147,1.6,0.63,0.61,3.13,2.50,80.0,0.00,0.00,0.63,0.63,100.0,0.00,0.00,0.00,0.00,,Matches,GK,False,goalkeeping
696,Balázs Tóth,hu HUN,GK,Blackburn,26,1997,6,6,540,6.0,0.00,0.00,0.00,0.00,0.00,0.00,0.17,0.00,0.00,0.00,0.00,0.00,0.00,Matches,GK,False,balazs toth,2024-2025,standard,696,Balázs Tóth,hu HUN,GK,26,1997,6.0,0.00,0.00,0.00,,0.00,0.00,,,0.00,0.00,Matches,GK,False,shooting,870,Balázs Tóth,hu HUN,GK,26,1997,6,540,90,13.0,6.0,1.00,90,1.00,0.00,,5.17,2.17,1.50,0.83,0.67,+0.67,+0.64,Matches,GK,False,playing_time,696,Balázs Tóth,hu HUN,GK,26,1997,6.0,0.17,0.00,0.00,0.00,0.00,0.00,0.00,0.00,0.00,,,0.00,Matches,GK,False,misc,45,Balázs Tóth,hu HUN,GK,26,1997,6,6,540,6.0,0.83,0.83,3.67,2.67,77.3,0.67,0.17,0.17,0.33,33.3,0.00,0.00,0.00,0.00,,Matches,GK,False,goalkeeping
699,James Trafford,eng ENG,GK,Burnley,21,2002,45,45,"4,050",45.0,0.00,0.00,0.00,0.00,0.00,0.00,0.16,0.00,0.00,0.00,0.00,0.00,0.00,Matches,GK,False,james trafford,2024-2025,standard,699,James Trafford,eng ENG,GK,21,2002,45.0,0.00,0.00,0.00,,0.00,0.00,,,0.00,0.00,Matches,GK,False,shooting,873,James Trafford,eng ENG,GK,21,2002,45,"4,050",90,97.8,45.0,1.00,90,1.00,0.00,,0.00,2.16,1.42,0.36,1.07,+1.07,-3.93,Matches,GK,False,playing_time,699,James Trafford,eng ENG,GK,21,2002,45.0,0.16,0.00,0.00,0.00,0.09,0.00,0.00,0.00,0.02,,,0.00,Matches,GK,False,misc,46,James Trafford,eng ENG,GK,21,2002,45,45,"4,050",45.0,0.36,0.36,2.22,1.89,84.0,0.60,0.36,0.04,0.64,64.4,0.04,0.00,0.04,0.00,100.0,Matches,GK,False,goalkeeping
700,Mark Travers,ie IRL,GK,Middlesbrough,25,1999,17,17,"1,530",17.0,0.00,0.00,0.00,0.00,0.00,0.00,0.06,0.00,0.00,0.00,0.00,0.00,0.00,Matches,GK,False,mark travers,2024-2025,standard,700,Mark Travers,ie IRL,GK,25,1999,17.0,0.00,0.00,0.00,,0.00,0.00,,,0.00,0.00,Matches,GK,False,shooting,874,Mark Travers,ie IRL,GK,25,1999,17,"1,530",90,37.0,17.0,1.00,90,1.00,0.00,,0.00,1.18,1.00,1.18,-0.18,-0.18,-0.56,Matches,GK,False,playing_time,700,Mark Travers,ie IRL,GK,25,1999,17.0,0.06,0.00,0.00,0.00,0.24,0.00,0.00,0.00,0.00,,,0.00,Matches,GK,False,misc,47,Mark Travers,ie IRL,GK,25,1999,17,17,"1,530",17.0,1.18,1.18,4.94,3.76,76.2,0.35,0.12,0.53,0.24,23.5,0.00,0.00,0.00,0.00,,Matches,GK,False,goalkeeping
716,Josh Vickers,eng ENG,GK,Derby County,28,1995,6,6,540,6.0,0.00,0.00,0.00,0.00,0.00,0.00,0.00,0.00,0.00,0.00,0.00,0.00,0.00,Matches,GK,False,josh vickers,2024-2025,standard,716,Josh Vickers,eng ENG,GK,28,1995,6.0,0.00,0.00,0.00,,0.00,0.00,,,0.00,0.00,Matches,GK,False,shooting,897,Josh Vickers,eng ENG,GK,28,1995,6,540,90,13.0,6.0,1.00,90,1.00,0.00,,6.50,1.67,1.17,1.00,0.17,+0.17,+0.39,Matches,GK,False,playing_time,716,Josh Vickers,eng ENG,GK,28,1995,6.0,0.00,0.00,0.00,0.00,0.33,0.00,0.00,0.00,0.00,,,0.00,Matches,GK,False,misc,48,Josh Vickers,eng ENG,GK,28,1995,6,6,540,6.0,1.00,1.00,2.83,1.83,64.7,0.50,0.17,0.33,0.50,50.0,0.00,0.00,0.00,0.00,,Matches,GK,False,goalkeeping
718,Lawrence Vigouroux,cl CHI,GK,Swansea City,30,1993,46,46,"4,140",46.0,0.00,0.00,0.00,0.00,0.00,0.00,0.00,0.00,0.00,0.00,0.00,0.00,0.00,Matches,GK,False,lawrence vigouroux,2024-2025,standard,718,Lawrence Vigouroux,cl CHI,GK,30,1993,46.0,0.00,0.00,0.00,,0.00,0.00,,,0.00,0.00,Matches,GK,False,shooting,899,Lawrence Vigouroux,cl CHI,GK,30,1993,46,"4,140",90,100.0,46.0,1.00,90,1.00,0.00,,0.00,1.33,1.11,1.22,-0.11,-0.11,,Matches,GK,False,playing_time,718,Lawrence Vigouroux,cl CHI,GK,30,1993,46.0,0.00,0.00,0.00,0.00,0.11,0.00,0.00,0.00,0.07,,,0.00,Matches,GK,False,misc,49,Lawrence Vigouroux,cl CHI,GK,30,1993,46,46,"4,140",46.0,1.22,1.22,3.61,2.46,66.3,0.37,0.22,0.41,0.30,30.4,0.09,0.09,0.00,0.00,0.0,Matches,GK,False,goalkeeping
726,Joe Walsh,eng ENG,GK,QPR,22,2002,1,1,90,1.0,0.00,0.00,0.00,0.00,0.00,0.00,0.00,0.00,0.00,0.00,0.00,0.00,0.00,Matches,GK,False,joe walsh,2024-2025,standard,726,Joe Walsh,eng ENG,GK,22,2002,1.0,0.00,0.00,0.00,,0.00,0.00,,,0.00,0.00,Matches,GK,False,shooting,907,Joe Walsh,eng ENG,GK,22,2002,1,90,90,2.2,1.0,1.00,90,1.00,0.00,,42.0,3.00,1.00,0.00,1.00,+1.00,+1.24,Matches,GK,False,playing_time,726,Joe Walsh,eng ENG,GK,22,2002,1.0,0.00,0.00,0.00,0.00,1.00,0.00,0.00,0.00,0.00,,,0.00,Matches,GK,False,misc,50,Joe Walsh,eng ENG,GK,22,2002,1,1,90,1.0,0.00,0.00,4.00,4.00,100.0,1.00,0.00,0.00,1.00,100.0,0.00,0.00,0.00,0.00,,Matches,GK,False,goalkeeping
741,Jacob Widell Zetterström,se SWE,GK,Derby County,26,1998,40,40,"3,600",40.0,0.00,0.00,0.00,0.00,0.00,0.00,0.05,0.00,0.00,0.00,0.00,0.00,0.00,Matches,GK,False,jacob widell zetterstrom,2024-2025,standard,741,Jacob Widell Zetterström,se SWE,GK,26,1998,40.0,0.00,0.00,0.00,,0.00,0.00,,,0.00,0.00,Matches,GK,False,shooting,926,Jacob Widell Zetterström,se SWE,GK,26,1998,40,"3,600",90,87.0,40.0,1.00,90,1.00,0.00,,0.03,1.00,1.02,1.25,-0.23,-0.23,-0.39,Matches,GK,False,playing_time,741,Jacob Widell Zetterström,se SWE,GK,26,1998,40.0,0.05,0.00,0.00,0.05,0.17,0.00,0.00,0.05,0.05,,,0.00,Matches,GK,False,misc,51,Jacob Widell Zetterström,se SWE,GK,26,1998,40,40,"3,600",40.0,1.25,1.25,3.67,2.45,66.0,0.25,0.25,0.50,0.23,22.5,0.07,0.03,0.05,0.00,66.7,Matches,GK,False,goalkeeping
742,Joe Wildsmith,eng ENG,GK,West Brom,28,1995,10,10,900,10.0,0.00,0.00,0.00,0.00,0.00,0.00,0.10,0.00,0.00,0.00,0.00,0.00,0.00,Matches,GK,False,joe wildsmith,2024-2025,standard,742,Joe Wildsmith,eng ENG,GK,28,1995,10.0,0.00,0.00,0.00,,0.00,0.00,,,0.00,0.00,Matches,GK,False,shooting,927,Joe Wildsmith,eng ENG,GK,28,1995,10,900,90,21.7,10.0,1.00,90,1.00,0.00,,3.50,1.30,0.90,0.90,0.00,0.00,-0.28,Matches,GK,False,playing_time,742,Joe Wildsmith,eng ENG,GK,28,1995,10.0,0.10,0.00,0.00,0.00,0.20,0.00,0.00,0.00,0.10,,,0.00,Matches,GK,False,misc,52,Joe Wildsmith,eng ENG,GK,28,1995,10,10,900,10.0,0.90,0.90,2.80,1.90,67.9,0.30,0.40,0.30,0.20,20.0,0.00,0.00,0.00,0.00,,Matches,GK,False,goalkeeping
748,Ben Wilson,eng ENG,GK,Coventry City,31,1992,4,4,360,4.0,0.00,0.00,0.00,0.00,0.00,0.00,0.25,0.00,0.00,0.00,0.00,0.00,0.00,Matches,GK,False,ben wilson,2024-2025,standard,748,Ben Wilson,eng ENG,GK,31,1992,4.0,0.00,0.00,0.00,,0.00,0.00,,,0.00,0.00,Matches,GK,False,shooting,934,Ben Wilson,eng ENG,GK,31,1992,4,360,90,8.7,4.0,1.00,90,1.00,0.00,,3.50,1.17,1.50,1.25,0.25,+0.25,+0.13,Matches,GK,False,playing_time,748,Ben Wilson,eng ENG,GK,31,1992,4.0,0.25,0.00,0.00,0.00,0.75,0.00,0.00,0.00,0.00,,,0.00,Matches,GK,False,misc,53,Ben Wilson,eng ENG,GK,31,1992,4,4,360,4.0,1.25,1.25,5.50,4.25,77.3,0.50,0.00,0.50,0.50,50.0,0.00,0.00,0.00,0.00,,Matches,GK,False,goalkeeping
754,Freddie Woodman,eng ENG,GK,Preston,27,1997,37,37,"3,329",37.0,0.00,0.00,0.00,0.00,0.00,0.00,0.16,0.03,0.00,0.00,0.00,0.00,0.00,Matches,GK,False,freddie woodman,2024-2025,standard,754,Freddie Woodman,eng ENG,GK,27,1997,37.0,0.00,0.00,0.00,,0.00,0.00,,,0.00,0.00,Matches,GK,False,shooting,940,Freddie Woodman,eng ENG,GK,27,1997,37,"3,329",90,80.4,37.0,1.00,90,0.97,0.00,,0.00,1.24,1.03,1.16,-0.14,-0.14,+0.53,Matches,GK,False,playing_time,754,Freddie Woodman,eng ENG,GK,27,1997,37.0,0.16,0.03,0.00,0.03,0.14,0.00,0.03,0.00,0.03,,,0.00,Matches,GK,False,misc,54,Freddie Woodman,eng ENG,GK,27,1997,37,37,"3,329",37.0,1.16,1.16,3.51,2.35,66.9,0.27,0.43,0.30,0.35,35.1,0.11,0.08,0.03,0.00,25.0,Matches,GK,False,goalkeeping
21,Ryan Allsop,eng ENG,GK,Birmingham City,33,1992,11,11,990,11.0,0.00,0.00,0.00,0.00,0.00,0.00,0.18,0.00,0.00,0.00,0.00,0.00,0.00,Matches,GK,False,ryan allsop,2025-2026,standard,21,Ryan Allsop,eng ENG,GK,33,1992,11.0,0.00,0.00,0.00,,0.00,0.00,,,0.00,0.00,Matches,GK,False,shooting,23,Ryan Allsop,eng ENG,GK,33,1992,11,990,90,23.9,11.0,1.00,90,1.00,0.00,,3.18,1.09,0.73,1.36,-0.64,-0.64,-0.86,Matches,GK,False,playing_time,21,Ryan Allsop,eng ENG,GK,33,1992,11.0,0.18,0.00,0.00,0.00,0.45,0.00,0.00,0.00,0.00,,,0.00,Matches,GK,False,misc,1,Ryan Allsop,eng ENG,GK,33,1992,11,11,990,11.0,1.36,1.36,3.09,1.73,55.9,0.27,0.27,0.45,0.18,18.2,0.09,0.09,0.00,0.00,0.0,Matches,GK,False,goalkeeping
62,Nathan Baxter,eng ENG,GK,Watford,26,1998,7,6,585,6.5,0.00,0.00,0.00,0.00,0.00,0.00,0.00,0.00,0.00,0.00,0.00,0.00,0.00,Matches,GK,False,nathan baxter,2025-2026,standard,62,Nathan Baxter,eng ENG,GK,26,1998,6.5,0.00,0.00,0.00,,0.00,0.00,,,0.00,0.00,Matches,GK,False,shooting,74,Nathan Baxter,eng ENG,GK,26,1998,7,585,84,14.1,6.5,0.92,90,0.92,0.15,45,5.85,1.57,1.69,1.38,0.31,+0.31,+0.66,Matches,GK,False,playing_time,62,Nathan Baxter,eng ENG,GK,26,1998,6.5,0.00,0.00,0.00,0.00,0.00,0.00,0.00,0.00,0.00,,,0.00,Matches,GK,False,misc,2,Nathan Baxter,eng ENG,GK,26,1998,7,6,585,6.5,1.38,1.38,3.08,1.69,55.0,0.46,0.31,0.15,0.00,0.0,0.00,0.00,0.00,0.00,,Matches,GK,False,goalkeeping
63,Gavin Bazunu,ie IRL,GK,Stoke City,23,2002,6,6,540,6.0,0.00,0.00,0.00,0.00,0.00,0.00,0.00,0.00,0.00,0.00,0.00,0.00,0.00,Matches,GK,False,gavin bazunu,2025-2026,standard,63,Gavin Bazunu,ie IRL,GK,23,2002,6.0,0.00,0.00,0.00,,0.00,0.00,,,0.00,0.00,Matches,GK,False,shooting,75,Gavin Bazunu,ie IRL,GK,23,2002,6,540,90,13.0,6.0,1.00,90,1.00,0.00,,0.00,0.83,0.67,1.33,-0.67,-0.67,-0.64,Matches,GK,False,playing_time,63,Gavin Bazunu,ie IRL,GK,23,2002,6.0,0.00,0.00,0.00,0.00,0.67,0.00,0.00,0.00,0.00,,,0.00,Matches,GK,False,misc,3,Gavin Bazunu,ie IRL,GK,23,2002,6,6,540,6.0,1.33,1.33,3.17,1.83,57.9,0.17,0.33,0.50,0.33,33.3,0.00,0.00,0.00,0.00,,Matches,GK,False,goalkeeping
64,Gavin Bazunu,ie IRL,GK,Southampton,23,2002,19,19,"1,710",19.0,0.00,0.00,0.00,0.00,0.00,0.00,0.05,0.00,0.00,0.00,0.00,0.00,0.00,Matches,GK,False,gavin bazunu,2025-2026,standard,64,Gavin Bazunu,ie IRL,GK,23,2002,19.0,0.00,0.00,0.00,,0.00,0.00,,,0.00,0.00,Matches,GK,False,shooting,76,Gavin Bazunu,ie IRL,GK,23,2002,19,"1,710",90,41.3,19.0,1.00,90,1.00,0.00,,0.37,1.42,1.68,1.47,0.21,+0.21,-0.60,Matches,GK,False,playing_time,64,Gavin Bazunu,ie IRL,GK,23,2002,19.0,0.05,0.00,0.00,0.05,0.42,0.00,0.00,0.00,0.00,,,0.00,Matches,GK,False,misc,4,Gavin Bazunu,ie IRL,GK,23,2002,19,19,"1,710",19.0,1.47,1.47,3.79,2.32,61.1,0.37,0.32,0.32,0.16,15.8,0.05,0.05,0.00,0.00,0.0,Matches,GK,False,goalkeeping
65,James Beadle,eng ENG,GK,Birmingham City,21,2004,35,35,"3,150",35.0,0.00,0.00,0.00,0.00,0.00,0.00,0.11,0.00,0.00,0.00,0.00,0.00,0.00,Matches,GK,False,james beadle,2025-2026,standard,65,James Beadle,eng ENG,GK,21,2004,35.0,0.00,0.03,0.00,0.0,0.03,0.00,0.00,,0.00,0.00,Matches,GK,False,shooting,77,James Beadle,eng ENG,GK,21,2004,35,"3,150",90,76.1,35.0,1.00,90,1.00,0.00,,0.23,1.49,1.40,1.17,0.23,+0.23,+0.86,Matches,GK,False,playing_time,65,James Beadle,eng ENG,GK,21,2004,35.0,0.11,0.00,0.00,0.03,0.17,0.00,0.00,0.03,0.00,,,0.00,Matches,GK,False,misc,5,James Beadle,eng ENG,GK,21,2004,35,35,"3,150",35.0,1.17,1.17,3.69,2.51,68.2,0.40,0.29,0.31,0.23,22.9,0.06,0.03,0.03,0.00,50.0,Matches,GK,False,goalkeeping
66,Asmir Begović,ba BIH,GK,Leicester City,38,1987,11,10,945,10.5,0.00,0.00,0.00,0.00,0.00,0.00,0.19,0.00,0.00,0.00,0.00,0.00,0.00,Matches,GK,False,asmir begovic,2025-2026,standard,66,Asmir Begović,ba BIH,GK,38,1987,10.5,0.00,0.00,0.00,,0.00,0.00,,,0.00,0.00,Matches,GK,False,shooting,78,Asmir Begović,ba BIH,GK,38,1987,11,945,86,22.8,10.5,0.95,90,0.95,0.10,45,2.86,0.91,1.43,2.00,-0.57,-0.57,-0.46,Matches,GK,False,playing_time,66,Asmir Begović,ba BIH,GK,38,1987,10.5,0.19,0.00,0.00,0.00,0.38,0.00,0.00,0.00,0.00,,,0.00,Matches,GK,False,misc,6,Asmir Begović,ba BIH,GK,38,1987,11,10,945,10.5,2.00,2.00,4.48,2.48,55.3,0.19,0.29,0.48,0.00,0.0,0.00,0.00,0.00,0.00,,Matches,GK,False,goalkeeping
71,Steven Benda,de GER,GK,Millwall,26,1998,9,9,810,9.0,0.00,0.00,0.00,0.00,0.00,0.00,0.00,0.00,0.00,0.00,0.00,0.00,0.00,Matches,GK,False,steven benda,2025-2026,standard,71,Steven Benda,de GER,GK,26,1998,9.0,0.00,0.00,0.00,,0.00,0.00,,,0.00,0.00,Matches,GK,False,shooting,83,Steven Benda,de GER,GK,26,1998,9,810,90,19.6,9.0,1.00,90,1.00,0.00,,1.22,1.56,1.00,1.33,-0.33,-0.33,-0.82,Matches,GK,False,playing_time,71,Steven Benda,de GER,GK,26,1998,9.0,0.00,0.00,0.00,0.00,0.67,0.00,0.00,0.00,0.00,,,0.00,Matches,GK,False,misc,7,Steven Benda,de GER,GK,26,1998,9,9,810,9.0,1.33,1.33,3.11,1.78,57.1,0.44,0.22,0.33,0.33,33.3,0.00,0.00,0.00,0.00,,Matches,GK,False,goalkeeping
112,Solomon Brynn,eng ENG,GK,Middlesbrough,24,2000,46,46,"4,140",46.0,0.00,0.02,0.02,0.00,0.00,0.00,0.02,0.00,0.00,0.02,0.02,0.00,0.02,Matches,GK,False,solomon brynn,2025-2026,standard,112,Solomon Brynn,eng ENG,GK,24,2000,46.0,0.00,0.00,0.00,,0.00,0.00,,,0.00,0.00,Matches,GK,False,shooting,132,Solomon Brynn,eng ENG,GK,24,2000,46,"4,140",90,100.0,46.0,1.00,90,1.00,0.00,,0.00,1.65,1.57,1.02,0.54,+0.54,,Matches,GK,False,playing_time,112,Solomon Brynn,eng ENG,GK,24,2000,46.0,0.02,0.00,0.00,0.07,0.15,0.00,0.00,0.00,0.04,,,0.00,Matches,GK,False,misc,8,Solomon Brynn,eng ENG,GK,24,2000,46,46,"4,140",46.0,1.02,1.02,3.26,2.20,68.7,0.48,0.30,0.22,0.28,28.3,0.17,0.15,0.02,0.00,12.5,Matches,GK,False,goalkeeping
120,Josef Bursik,eng ENG,GK,Portsmouth,25,2000,10,10,813,9.0,0.00,0.00,0.00,0.00,0.00,0.00,0.11,0.00,0.00,0.00,0.00,0.00,0.00,Matches,GK,False,josef bursik,2025-2026,standard,120,Josef Bursik,eng ENG,GK,25,2000,9.0,0.00,0.11,0.00,0.0,0.11,0.00,0.00,,0.00,0.00,Matches,GK,False,shooting,141,Josef Bursik,eng ENG,GK,25,2000,10,813,81,19.6,9.0,1.11,81,1.00,0.00,,3.33,0.90,0.89,1.67,-0.78,-0.77,-0.56,Matches,GK,False,playing_time,120,Josef Bursik,eng ENG,GK,25,2000,9.0,0.11,0.00,0.00,0.00,0.33,0.00,0.00,0.00,0.00,,,0.00,Matches,GK,False,misc,9,Josef Bursik,eng ENG,GK,25,2000,10,10,813,9.0,1.67,1.66,4.33,2.67,61.5,0.22,0.33,0.56,0.22,20.0,0.11,0.00,0.11,0.00,100.0,Matches,GK,False,goalkeeping
147,Pierce Charles,nir NIR,GK,Sheffield Weds,20,2005,19,19,"1,710",19.0,0.00,0.05,0.05,0.00,0.00,0.00,0.05,0.00,0.00,0.05,0.05,0.00,0.05,Matches,GK,False,pierce charles,2025-2026,standard,147,Pierce Charles,nir NIR,GK,20,2005,19.0,0.00,0.00,0.00,,0.00,0.00,,,0.00,0.00,Matches,GK,False,shooting,173,Pierce Charles,nir NIR,GK,20,2005,19,"1,710",90,41.3,19.0,1.00,90,1.00,0.00,,0.00,0.53,0.68,1.95,-1.26,-1.26,+0.07,Matches,GK,False,playing_time,147,Pierce Charles,nir NIR,GK,20,2005,19.0,0.05,0.00,0.00,0.00,0.26,0.00,0.00,0.00,0.00,,,0.00,Matches,GK,False,misc,10,Pierce Charles,nir NIR,GK,20,2005,19,19,"1,710",19.0,1.95,1.95,6.26,4.32,68.9,0.05,0.37,0.58,0.11,10.5,0.11,0.05,0.00,0.05,0.0,Matches,GK,False,goalkeeping
169,Michael Cooper,eng ENG,GK,Sheffield United,25,1999,34,34,"3,015",33.5,0.00,0.00,0.00,0.00,0.00,0.00,0.00,0.00,0.00,0.00,0.00,0.00,0.00,Matches,GK,False,michael cooper,2025-2026,standard,169,Michael Cooper,eng ENG,GK,25,1999,33.5,0.00,0.00,0.00,,0.00,0.00,,,0.00,0.00,Matches,GK,False,shooting,199,Michael Cooper,eng ENG,GK,25,1999,34,"3,015",89,72.8,33.5,1.01,89,0.99,0.00,,0.00,1.32,1.43,1.34,0.09,+0.09,+0.33,Matches,GK,False,playing_time,169,Michael Cooper,eng ENG,GK,25,1999,33.5,0.00,0.00,0.00,0.03,0.24,0.00,0.00,0.00,0.00,,,0.00,Matches,GK,False,misc,11,Michael Cooper,eng ENG,GK,25,1999,34,34,"3,015",33.5,1.34,1.34,4.12,2.78,67.4,0.42,0.09,0.51,0.24,23.5,0.12,0.09,0.00,0.03,0.0,Matches,GK,False,goalkeeping
170,Murphy Cooper,eng ENG,GK,Sheffield Weds,23,2001,8,8,720,8.0,0.00,0.00,0.00,0.00,0.00,0.00,0.00,0.00,0.00,0.00,0.00,0.00,0.00,Matches,GK,False,murphy cooper,2025-2026,standard,170,Murphy Cooper,eng ENG,GK,23,2001,8.0,0.00,0.00,0.00,,0.00,0.00,,,0.00,0.00,Matches,GK,False,shooting,200,Murphy Cooper,eng ENG,GK,23,2001,8,720,90,17.4,8.0,1.00,90,1.00,0.00,,0.38,0.00,0.13,1.75,-1.63,-1.62,-0.39,Matches,GK,False,playing_time,170,Murphy Cooper,eng ENG,GK,23,2001,8.0,0.00,0.00,0.00,0.00,0.00,0.00,0.00,0.13,0.13,,,0.00,Matches,GK,False,misc,12,Murphy Cooper,eng ENG,GK,23,2001,8,8,720,8.0,1.75,1.75,5.63,3.88,68.9,0.00,0.00,1.00,0.00,0.0,0.00,0.00,0.00,0.00,,Matches,GK,False,goalkeeping
173,David Cornell,wls WAL,GK,Preston,34,1991,8,7,675,7.5,0.00,0.13,0.13,0.00,0.00,0.00,0.13,0.00,0.00,0.13,0.13,0.00,0.13,Matches,GK,False,david cornell,2025-2026,standard,173,David Cornell,wls WAL,GK,34,1991,7.5,0.00,0.00,0.00,,0.00,0.00,,,0.00,0.00,Matches,GK,False,shooting,203,David Cornell,wls WAL,GK,34,1991,8,675,84,16.3,7.5,0.93,90,0.93,0.13,45,1.87,0.75,0.93,1.60,-0.67,-0.67,-0.61,Matches,GK,False,playing_time,173,David Cornell,wls WAL,GK,34,1991,7.5,0.13,0.00,0.00,0.00,0.27,0.00,0.00,0.00,0.00,,,0.00,Matches,GK,False,misc,13,David Cornell,wls WAL,GK,34,1991,8,7,675,7.5,1.60,1.60,4.53,2.93,64.7,0.13,0.40,0.40,0.13,14.3,0.13,0.13,0.00,0.00,0.0,Matches,GK,False,goalkeeping
180,Max Crocombe,nz NZL,GK,Millwall,31,1993,23,23,"2,070",23.0,0.00,0.00,0.00,0.00,0.00,0.00,0.00,0.00,0.00,0.00,0.00,0.00,0.00,Matches,GK,False,max crocombe,2025-2026,standard,180,Max Crocombe,nz NZL,GK,31,1993,23.0,0.00,0.00,0.00,,0.00,0.00,,,0.00,0.00,Matches,GK,False,shooting,211,Max Crocombe,nz NZL,GK,31,1993,23,"2,070",90,50.0,23.0,1.00,90,1.00,0.00,,1.00,1.83,1.39,1.09,0.30,+0.30,-0.04,Matches,GK,False,playing_time,180,Max Crocombe,nz NZL,GK,31,1993,23.0,0.00,0.00,0.00,0.00,0.17,0.00,0.00,0.00,0.09,,,0.00,Matches,GK,False,misc,14,Max Crocombe,nz NZL,GK,31,1993,23,23,"2,070",23.0,1.09,1.09,4.48,3.39,75.7,0.52,0.26,0.22,0.39,39.1,0.04,0.04,0.00,0.00,0.0,Matches,GK,False,goalkeeping
183,Jamie Cumming,eng ENG,GK,Oxford United,25,1999,46,46,"4,140",46.0,0.00,0.00,0.00,0.00,0.00,0.00,0.02,0.00,0.00,0.00,0.00,0.00,0.00,Matches,GK,False,jamie cumming,2025-2026,standard,183,Jamie Cumming,eng ENG,GK,25,1999,46.0,0.00,0.00,0.00,,0.00,0.00,,,0.00,0.00,Matches,GK,False,shooting,214,Jamie Cumming,eng ENG,GK,25,1999,46,"4,140",90,100.0,46.0,1.00,90,1.00,0.00,,0.00,1.02,0.98,1.28,-0.30,-0.30,,Matches,GK,False,playing_time,183,Jamie Cumming,eng ENG,GK,25,1999,46.0,0.02,0.00,0.00,0.02,0.11,0.00,0.00,0.00,0.00,,,0.00,Matches,GK,False,misc,15,Jamie Cumming,eng ENG,GK,25,1999,46,46,"4,140",46.0,1.28,1.28,4.20,2.89,69.4,0.24,0.30,0.46,0.17,17.4,0.04,0.04,0.00,0.00,0.0,Matches,GK,False,goalkeeping
189,Adam Davies,wls WAL,GK,Sheffield United,33,1992,13,12,"1,125",12.5,0.00,0.00,0.00,0.00,0.00,0.00,0.08,0.00,0.00,0.00,0.00,0.00,0.00,Matches,GK,False,adam davies,2025-2026,standard,189,Adam Davies,wls WAL,GK,33,1992,12.5,0.00,0.00,0.00,,0.00,0.00,,,0.00,0.00,Matches,GK,False,shooting,222,Adam Davies,wls WAL,GK,33,1992,13,"1,125",87,27.2,12.5,0.96,90,0.96,0.08,45,2.64,1.15,1.44,1.68,-0.24,-0.24,-0.33,Matches,GK,False,playing_time,189,Adam Davies,wls WAL,GK,33,1992,12.5,0.08,0.00,0.00,0.08,0.24,0.00,0.00,0.00,0.00,,,0.00,Matches,GK,False,misc,16,Adam Davies,wls WAL,GK,33,1992,13,12,"1,125",12.5,1.68,1.68,4.48,2.80,62.5,0.32,0.24,0.40,0.16,16.7,0.08,0.08,0.00,0.00,0.0,Matches,GK,False,goalkeeping
206,Seny Dieng,sn SEN,GK,Sheffield Weds,30,1994,3,3,270,3.0,0.00,0.00,0.00,0.00,0.00,0.00,0.00,0.00,0.00,0.00,0.00,0.00,0.00,Matches,GK,False,seny dieng,2025-2026,standard,206,Seny Dieng,sn SEN,GK,30,1994,3.0,0.00,0.00,0.00,,0.00,0.00,,,0.00,0.00,Matches,GK,False,shooting,242,Seny Dieng,sn SEN,GK,30,1994,3,270,90,6.5,3.0,1.00,90,1.00,0.00,,0.00,0.00,0.67,2.33,-1.67,-1.67,-0.39,Matches,GK,False,playing_time,206,Seny Dieng,sn SEN,GK,30,1994,3.0,0.00,0.00,0.00,0.00,0.67,0.00,0.00,0.00,0.00,,,0.00,Matches,GK,False,misc,17,Seny Dieng,sn SEN,GK,30,1994,3,3,270,3.0,2.33,2.33,5.33,3.00,56.3,0.00,0.00,1.00,0.00,0.0,0.00,0.00,0.00,0.00,,Matches,GK,False,goalkeeping
262,Andy Fisher,eng ENG,GK,Swansea City,27,1998,1,1,90,1.0,0.00,0.00,0.00,0.00,0.00,0.00,0.00,0.00,0.00,0.00,0.00,0.00,0.00,Matches,GK,False,andy fisher,2025-2026,standard,262,Andy Fisher,eng ENG,GK,27,1998,1.0,0.00,0.00,0.00,,0.00,0.00,,,0.00,0.00,Matches,GK,False,shooting,311,Andy Fisher,eng ENG,GK,27,1998,1,90,90,2.2,1.0,1.00,90,1.00,0.00,,45.0,3.00,3.00,1.00,2.00,+2.00,+2.09,Matches,GK,False,playing_time,262,Andy Fisher,eng ENG,GK,27,1998,1.0,0.00,0.00,0.00,0.00,0.00,0.00,0.00,0.00,0.00,,,0.00,Matches,GK,False,misc,18,Andy Fisher,eng ENG,GK,27,1998,1,1,90,1.0,1.00,1.00,3.00,2.00,66.7,1.00,0.00,0.00,0.00,0.0,0.00,0.00,0.00,0.00,,Matches,GK,False,goalkeeping
306,Joshua Griffiths,eng ENG,GK,West Brom,23,2001,24,23,"2,095",23.3,0.00,0.00,0.00,0.00,0.00,0.00,0.00,0.00,0.00,0.00,0.00,0.00,0.00,Matches,GK,False,joshua griffiths,2025-2026,standard,306,Joshua Griffiths,eng ENG,GK,23,2001,23.3,0.00,0.00,0.00,,0.00,0.00,,,0.00,0.00,Matches,GK,False,shooting,363,Joshua Griffiths,eng ENG,GK,23,2001,24,"2,095",87,50.6,23.3,0.99,90,0.99,0.04,25,0.82,1.33,1.20,1.46,-0.26,-0.26,-0.08,Matches,GK,False,playing_time,306,Joshua Griffiths,eng ENG,GK,23,2001,23.3,0.00,0.00,0.00,0.00,0.09,0.00,0.00,0.00,0.04,,,0.00,Matches,GK,False,misc,19,Joshua Griffiths,eng ENG,GK,23,2001,24,23,"2,095",23.3,1.46,1.46,3.65,2.15,60.0,0.34,0.21,0.43,0.26,26.1,0.04,0.00,0.04,0.00,100.0,Matches,GK,False,goalkeeping
308,Daniel Grimshaw,eng ENG,GK,Norwich City,27,1998,1,1,90,1.0,0.00,1.00,1.00,0.00,0.00,0.00,0.00,0.00,0.00,1.00,1.00,0.00,1.00,Matches,GK,False,daniel grimshaw,2025-2026,standard,308,Daniel Grimshaw,eng ENG,GK,27,1998,1.0,0.00,0.00,0.00,,0.00,0.00,,,0.00,0.00,Matches,GK,False,shooting,365,Daniel Grimshaw,eng ENG,GK,27,1998,1,90,90,2.2,1.0,1.00,90,1.00,0.00,,42.0,3.00,3.00,0.00,3.00,+3.00,+2.91,Matches,GK,False,playing_time,308,Daniel Grimshaw,eng ENG,GK,27,1998,1.0,0.00,0.00,0.00,0.00,0.00,0.00,0.00,0.00,0.00,,,0.00,Matches,GK,False,misc,20,Daniel Grimshaw,eng ENG,GK,27,1998,1,1,90,1.0,0.00,0.00,1.00,1.00,100.0,1.00,0.00,0.00,1.00,100.0,0.00,0.00,0.00,0.00,,Matches,GK,False,goalkeeping
315,Ben Hamer,eng ENG,GK,QPR,37,1987,7,7,558,6.2,0.00,0.00,0.00,0.00,0.00,0.00,0.00,0.00,0.00,0.00,0.00,0.00,0.00,Matches,GK,False,ben hamer,2025-2026,standard,315,Ben Hamer,eng ENG,GK,37,1987,6.2,0.00,0.00,0.00,,0.00,0.00,,,0.00,0.00,Matches,GK,False,shooting,373,Ben Hamer,eng ENG,GK,37,1987,7,558,80,13.5,6.2,1.13,80,0.97,0.00,,5.00,2.00,1.94,0.97,0.97,+0.97,+1.42,Matches,GK,False,playing_time,315,Ben Hamer,eng ENG,GK,37,1987,6.2,0.00,0.00,0.00,0.00,0.16,0.00,0.00,0.00,0.00,,,0.00,Matches,GK,False,misc,21,Ben Hamer,eng ENG,GK,37,1987,7,7,558,6.2,0.97,0.97,2.74,1.77,64.7,0.65,0.32,0.16,0.48,42.9,0.16,0.00,0.00,0.16,,Matches,GK,False,goalkeeping
337,Ethan Horvath,us USA,GK,Sheffield Weds,30,1995,14,14,"1,259",14.0,0.00,0.00,0.00,0.00,0.00,0.00,0.07,0.07,0.00,0.00,0.00,0.00,0.00,Matches,GK,False,ethan horvath,2025-2026,standard,337,Ethan Horvath,us USA,GK,30,1995,14.0,0.00,0.00,0.00,,0.00,0.00,,,0.00,0.00,Matches,GK,False,shooting,396,Ethan Horvath,us USA,GK,30,1995,14,"1,259",90,30.4,14.0,1.00,90,0.93,0.00,,0.50,0.57,0.86,2.00,-1.14,-1.14,+0.23,Matches,GK,False,playing_time,337,Ethan Horvath,us USA,GK,30,1995,14.0,0.07,0.07,0.00,0.07,0.21,0.00,0.00,0.00,0.00,,,0.00,Matches,GK,False,misc,22,Ethan Horvath,us USA,GK,30,1995,14,14,"1,259",14.0,2.00,2.00,5.57,3.57,64.1,0.07,0.36,0.57,0.14,14.3,0.07,0.07,0.00,0.00,0.0,Matches,GK,False,goalkeeping
354,Daniel Iversen,dk DEN,GK,Preston,28,1997,36,36,"3,195",35.5,0.00,0.03,0.03,0.00,0.00,0.00,0.08,0.00,0.00,0.03,0.03,0.00,0.03,Matches,GK,False,daniel iversen,2025-2026,standard,354,Daniel Iversen,dk DEN,GK,28,1997,35.5,0.00,0.00,0.00,,0.00,0.00,,,0.00,0.00,Matches,GK,False,shooting,417,Daniel Iversen,dk DEN,GK,28,1997,36,"3,195",89,77.2,35.5,1.01,89,0.99,0.00,,0.00,1.50,1.35,1.18,0.17,+0.17,+1.41,Matches,GK,False,playing_time,354,Daniel Iversen,dk DEN,GK,28,1997,35.5,0.08,0.00,0.00,0.00,0.08,0.00,0.00,0.00,0.00,,,0.00,Matches,GK,False,misc,23,Daniel Iversen,dk DEN,GK,28,1997,36,36,"3,195",35.5,1.18,1.18,4.00,2.79,70.4,0.39,0.34,0.28,0.23,22.2,0.08,0.06,0.03,0.00,33.3,Matches,GK,False,goalkeeping
366,Viktor Johansson,se SWE,GK,Stoke City,26,1998,25,25,"2,250",25.0,0.00,0.04,0.04,0.00,0.00,0.00,0.08,0.00,0.00,0.04,0.04,0.00,0.04,Matches,GK,False,viktor johansson,2025-2026,standard,366,Viktor Johansson,se SWE,GK,26,1998,25.0,0.00,0.00,0.00,,0.00,0.00,,,0.00,0.00,Matches,GK,False,shooting,429,Viktor Johansson,se SWE,GK,26,1998,25,"2,250",90,54.3,25.0,1.00,90,1.00,0.00,,0.00,1.36,1.16,1.00,0.16,+0.16,+0.59,Matches,GK,False,playing_time,366,Viktor Johansson,se SWE,GK,26,1998,25.0,0.08,0.00,0.00,0.00,0.44,0.00,0.00,0.00,0.04,,,0.00,Matches,GK,False,misc,24,Viktor Johansson,se SWE,GK,26,1998,25,25,"2,250",25.0,1.00,1.00,3.92,2.92,74.5,0.40,0.16,0.44,0.32,32.0,0.04,0.04,0.00,0.00,0.0,Matches,GK,False,goalkeeping
381,Thomas Kaminski,be BEL,GK,Charlton Athletic,32,1992,37,37,"3,330",37.0,0.00,0.00,0.00,0.00,0.00,0.00,0.08,0.00,0.00,0.00,0.00,0.00,0.00,Matches,GK,False,thomas kaminski,2025-2026,standard,381,Thomas Kaminski,be BEL,GK,32,1992,37.0,0.00,0.00,0.00,,0.00,0.00,,,0.00,0.00,Matches,GK,False,shooting,447,Thomas Kaminski,be BEL,GK,32,1992,37,"3,330",90,80.4,37.0,1.00,90,1.00,0.00,,0.11,1.19,1.00,1.32,-0.32,-0.32,-0.10,Matches,GK,False,playing_time,381,Thomas Kaminski,be BEL,GK,32,1992,37.0,0.08,0.00,0.00,0.00,0.24,0.00,0.00,0.00,0.00,,,0.00,Matches,GK,False,misc,25,Thomas Kaminski,be BEL,GK,32,1992,37,37,"3,330",37.0,1.32,1.32,4.14,2.81,68.0,0.30,0.30,0.41,0.30,29.7,0.14,0.08,0.03,0.03,25.0,Matches,GK,False,goalkeeping
393,Ben Killip,eng ENG,GK,Portsmouth,29,1995,4,2,332,3.7,0.00,0.00,0.00,0.00,0.00,0.00,0.00,0.00,0.00,0.00,0.00,0.00,0.00,Matches,GK,False,ben killip,2025-2026,standard,393,Ben Killip,eng ENG,GK,29,1995,3.7,0.00,0.00,0.00,,0.00,0.00,,,0.00,0.00,Matches,GK,False,shooting,459,Ben Killip,eng ENG,GK,29,1995,4,332,83,8.0,3.7,0.54,90,0.54,0.54,76,3.51,1.25,1.08,1.08,0.00,0.00,+0.35,Matches,GK,False,playing_time,393,Ben Killip,eng ENG,GK,29,1995,3.7,0.00,0.00,0.00,0.00,0.00,0.00,0.00,0.00,0.00,,,0.00,Matches,GK,False,misc,26,Ben Killip,eng ENG,GK,29,1995,4,2,332,3.7,1.08,1.08,4.59,3.51,76.5,0.00,0.27,0.27,0.27,50.0,0.00,0.00,0.00,0.00,,Matches,GK,False,goalkeeping
408,Vladan Kovačević,ba BIH,GK,Norwich City,27,1998,45,45,"4,050",45.0,0.00,0.00,0.00,0.00,0.00,0.00,0.13,0.00,0.00,0.00,0.00,0.00,0.00,Matches,GK,False,vladan kovacevic,2025-2026,standard,408,Vladan Kovačević,ba BIH,GK,27,1998,45.0,0.00,0.00,0.00,,0.00,0.00,,,0.00,0.00,Matches,GK,False,shooting,475,Vladan Kovačević,ba BIH,GK,27,1998,45,"4,050",90,97.8,45.0,1.00,90,1.00,0.00,,0.00,1.38,1.33,1.24,0.09,+0.09,-2.91,Matches,GK,False,playing_time,408,Vladan Kovačević,ba BIH,GK,27,1998,45.0,0.13,0.00,0.00,0.02,0.13,0.00,0.00,0.00,0.00,,,0.00,Matches,GK,False,misc,27,Vladan Kovačević,ba BIH,GK,27,1998,45,45,"4,050",45.0,1.24,1.24,3.82,2.58,67.4,0.40,0.18,0.42,0.18,17.8,0.11,0.07,0.04,0.00,40.0,Matches,GK,False,goalkeeping
440,Joe Lumley,eng ENG,GK,Sheffield Weds,30,1995,2,2,180,2.0,0.00,0.00,0.00,0.00,0.00,0.00,0.50,0.00,0.00,0.00,0.00,0.00,0.00,Matches,GK,False,joe lumley,2025-2026,standard,440,Joe Lumley,eng ENG,GK,30,1995,2.0,0.00,0.00,0.00,,0.00,0.00,,,0.00,0.00,Matches,GK,False,shooting,512,Joe Lumley,eng ENG,GK,30,1995,2,180,90,4.3,2.0,1.00,90,1.00,0.00,,0.00,0.00,0.50,1.50,-1.00,-1.00,+0.32,Matches,GK,False,playing_time,440,Joe Lumley,eng ENG,GK,30,1995,2.0,0.50,0.00,0.00,0.00,0.00,0.00,0.00,0.00,0.00,,,0.00,Matches,GK,False,misc,28,Joe Lumley,eng ENG,GK,30,1995,2,2,180,2.0,1.50,1.50,5.50,4.00,72.7,0.00,0.00,1.00,0.00,0.0,0.00,0.00,0.00,0.00,,Matches,GK,False,goalkeeping
455,William Mannion,eng ENG,GK,Charlton Athletic,27,1998,9,9,810,9.0,0.00,0.00,0.00,0.00,0.00,0.00,0.00,0.00,0.00,0.00,0.00,0.00,0.00,Matches,GK,False,william mannion,2025-2026,standard,455,William Mannion,eng ENG,GK,27,1998,9.0,0.00,0.00,0.00,,0.00,0.00,,,0.00,0.00,Matches,GK,False,shooting,527,William Mannion,eng ENG,GK,27,1998,9,810,90,19.6,9.0,1.00,90,1.00,0.00,,3.22,1.00,0.78,1.00,-0.22,-0.22,+0.10,Matches,GK,False,playing_time,455,William Mannion,eng ENG,GK,27,1998,9.0,0.00,0.00,0.00,0.00,0.22,0.00,0.00,0.00,0.00,,,0.00,Matches,GK,False,misc,29,William Mannion,eng ENG,GK,27,1998,9,9,810,9.0,1.00,1.00,4.56,3.56,78.0,0.22,0.33,0.44,0.22,22.2,0.11,0.11,0.00,0.00,0.0,Matches,GK,False,goalkeeping
476,Alex McCarthy,eng ENG,GK,Southampton,35,1989,7,7,630,7.0,0.00,0.00,0.00,0.00,0.00,0.00,0.00,0.00,0.00,0.00,0.00,0.00,0.00,Matches,GK,False,alex mccarthy,2025-2026,standard,476,Alex McCarthy,eng ENG,GK,35,1989,7.0,0.00,0.00,0.00,,0.00,0.00,,,0.00,0.00,Matches,GK,False,shooting,558,Alex McCarthy,eng ENG,GK,35,1989,7,630,90,15.2,7.0,1.00,90,1.00,0.00,,3.43,0.86,0.86,1.43,-0.57,-0.57,-1.34,Matches,GK,False,playing_time,476,Alex McCarthy,eng ENG,GK,35,1989,7.0,0.00,0.00,0.00,0.00,0.29,0.00,0.00,0.00,0.00,,,0.00,Matches,GK,False,misc,30,Alex McCarthy,eng ENG,GK,35,1989,7,7,630,7.0,1.43,1.43,3.57,2.14,60.0,0.14,0.43,0.43,0.14,14.3,0.00,0.00,0.00,0.00,,Matches,GK,False,goalkeeping
529,Paul Nardi,fr FRA,GK,QPR,31,1994,17,16,"1,512",16.8,0.00,0.00,0.00,0.00,0.00,0.00,0.06,0.00,0.00,0.00,0.00,0.00,0.00,Matches,GK,False,paul nardi,2025-2026,standard,529,Paul Nardi,fr FRA,GK,31,1994,16.8,0.00,0.00,0.00,,0.00,0.00,,,0.00,0.00,Matches,GK,False,shooting,626,Paul Nardi,fr FRA,GK,31,1994,17,"1,512",89,36.5,16.8,0.95,90,0.95,0.06,72,0.60,1.35,1.31,1.49,-0.18,-0.18,+0.13,Matches,GK,False,playing_time,529,Paul Nardi,fr FRA,GK,31,1994,16.8,0.06,0.00,0.00,0.00,0.30,0.00,0.00,0.00,0.12,,,0.00,Matches,GK,False,misc,31,Paul Nardi,fr FRA,GK,31,1994,17,16,"1,512",16.8,1.49,1.49,3.75,2.26,60.3,0.36,0.12,0.48,0.24,25.0,0.06,0.06,0.00,0.00,0.0,Matches,GK,False,goalkeeping
550,Richard O'Donnell,eng ENG,GK,Derby County,36,1988,8,7,635,7.1,0.00,0.00,0.00,0.00,0.00,0.00,0.00,0.00,0.00,0.00,0.00,0.00,0.00,Matches,GK,False,richard o'donnell,2025-2026,standard,550,Richard O'Donnell,eng ENG,GK,36,1988,7.1,0.00,0.00,0.00,,0.00,0.00,,,0.00,0.00,Matches,GK,False,shooting,654,Richard O'Donnell,eng ENG,GK,36,1988,8,635,79,15.3,7.1,0.99,90,0.99,0.14,5,1.69,1.88,1.97,0.85,1.13,+1.13,+1.13,Matches,GK,False,playing_time,550,Richard O'Donnell,eng ENG,GK,36,1988,7.1,0.00,0.00,0.00,0.00,0.28,0.00,0.00,0.00,0.00,,,0.00,Matches,GK,False,misc,32,Richard O'Donnell,eng ENG,GK,36,1988,8,7,635,7.1,0.85,0.85,3.66,2.82,76.9,0.70,0.00,0.28,0.56,57.1,0.00,0.00,0.00,0.00,,Matches,GK,False,goalkeeping
552,Max O'Leary,ie IRL,GK,West Brom,28,1996,16,16,"1,415",15.7,0.00,0.00,0.00,0.00,0.00,0.00,0.00,0.00,0.00,0.00,0.00,0.00,0.00,Matches,GK,False,max o'leary,2025-2026,standard,552,Max O'Leary,ie IRL,GK,28,1996,15.7,0.00,0.00,0.00,,0.00,0.00,,,0.00,0.00,Matches,GK,False,shooting,656,Max O'Leary,ie IRL,GK,28,1996,16,"1,415",88,34.2,15.7,1.02,88,0.96,0.00,,0.06,1.13,0.76,0.83,-0.06,-0.06,+0.23,Matches,GK,False,playing_time,552,Max O'Leary,ie IRL,GK,28,1996,15.7,0.00,0.00,0.00,0.00,0.13,0.00,0.00,0.00,0.00,,,0.00,Matches,GK,False,misc,34,Max O'Leary,ie IRL,GK,28,1996,16,16,"1,415",15.7,0.83,0.83,2.80,1.97,70.5,0.19,0.57,0.25,0.51,50.0,0.00,0.00,0.00,0.00,,Matches,GK,False,goalkeeping
553,Max O'Leary,ie IRL,GK,Bristol City,28,1996,5,5,450,5.0,0.00,0.00,0.00,0.00,0.00,0.00,0.00,0.00,0.00,0.00,0.00,0.00,0.00,Matches,GK,False,max o'leary,2025-2026,standard,553,Max O'Leary,ie IRL,GK,28,1996,5.0,0.00,0.00,0.00,,0.00,0.00,,,0.00,0.00,Matches,GK,False,shooting,657,Max O'Leary,ie IRL,GK,28,1996,5,450,90,10.9,5.0,1.00,90,1.00,0.00,,2.40,1.80,2.00,1.00,1.00,+1.00,+1.12,Matches,GK,False,playing_time,553,Max O'Leary,ie IRL,GK,28,1996,5.0,0.00,0.00,0.00,0.00,0.00,0.00,0.00,0.00,0.00,,,0.00,Matches,GK,False,misc,33,Max O'Leary,ie IRL,GK,28,1996,5,5,450,5.0,1.00,1.00,2.60,1.60,61.5,0.60,0.00,0.40,0.40,40.0,0.00,0.00,0.00,0.00,,Matches,GK,False,goalkeeping
562,Arthur Okonkwo,ng NGA,GK,Wrexham,23,2001,39,38,"3,421",38.0,0.00,0.00,0.00,0.00,0.00,0.00,0.03,0.00,0.00,0.00,0.00,0.00,0.00,Matches,GK,False,arthur okonkwo,2025-2026,standard,562,Arthur Okonkwo,ng NGA,GK,23,2001,38.0,0.00,0.00,0.00,,0.00,0.00,,,0.00,0.00,Matches,GK,False,shooting,669,Arthur Okonkwo,ng NGA,GK,23,2001,39,"3,421",88,82.6,38.0,1.00,90,1.00,0.03,1,0.18,1.62,1.50,1.39,0.11,+0.11,+0.11,Matches,GK,False,playing_time,562,Arthur Okonkwo,ng NGA,GK,23,2001,38.0,0.03,0.00,0.00,0.00,0.08,0.00,0.00,0.03,0.00,,,0.00,Matches,GK,False,misc,35,Arthur Okonkwo,ng NGA,GK,23,2001,39,38,"3,421",38.0,1.39,1.39,4.32,2.92,67.7,0.42,0.32,0.26,0.26,26.3,0.05,0.03,0.03,0.00,50.0,Matches,GK,False,goalkeeping
576,Alex Palmer,eng ENG,GK,Ipswich Town,28,1996,10,10,833,9.3,0.00,0.00,0.00,0.00,0.00,0.00,0.00,0.00,0.00,0.00,0.00,0.00,0.00,Matches,GK,False,alex palmer,2025-2026,standard,576,Alex Palmer,eng ENG,GK,28,1996,9.3,0.00,0.00,0.00,,0.00,0.00,,,0.00,0.00,Matches,GK,False,shooting,684,Alex Palmer,eng ENG,GK,28,1996,10,833,83,20.1,9.3,1.08,83,0.97,0.00,,2.90,1.30,1.72,1.08,0.65,+0.65,-0.09,Matches,GK,False,playing_time,576,Alex Palmer,eng ENG,GK,28,1996,9.3,0.00,0.00,0.00,0.00,0.32,0.00,0.00,0.00,0.11,,,0.00,Matches,GK,False,misc,36,Alex Palmer,eng ENG,GK,28,1996,10,10,833,9.3,1.08,1.08,3.01,1.94,64.3,0.32,0.43,0.32,0.11,10.0,0.22,0.22,0.00,0.00,0.0,Matches,GK,False,goalkeeping
579,Ivor Pandur,hr CRO,GK,Hull City,25,2000,45,45,"4,050",45.0,0.00,0.00,0.00,0.00,0.00,0.00,0.18,0.00,0.00,0.00,0.00,0.00,0.00,Matches,GK,False,ivor pandur,2025-2026,standard,579,Ivor Pandur,hr CRO,GK,25,2000,45.0,0.00,0.00,0.00,,0.00,0.00,,,0.00,0.00,Matches,GK,False,shooting,687,Ivor Pandur,hr CRO,GK,25,2000,45,"4,050",90,97.8,45.0,1.00,90,1.00,0.00,,0.02,1.65,1.53,1.44,0.09,+0.09,+0.09,Matches,GK,False,playing_time,579,Ivor Pandur,hr CRO,GK,25,2000,45.0,0.18,0.00,0.00,0.02,0.13,0.00,0.00,0.00,0.02,,,0.00,Matches,GK,False,misc,37,Ivor Pandur,hr CRO,GK,25,2000,45,45,"4,050",45.0,1.44,1.44,4.60,3.16,68.6,0.47,0.20,0.33,0.24,24.4,0.11,0.07,0.04,0.00,40.0,Matches,GK,False,goalkeeping
582,Anthony Patterson,eng ENG,GK,Millwall,25,2000,14,14,"1,260",14.0,0.00,0.00,0.00,0.00,0.00,0.00,0.00,0.00,0.00,0.00,0.00,0.00,0.00,Matches,GK,False,anthony patterson,2025-2026,standard,582,Anthony Patterson,eng ENG,GK,25,2000,14.0,0.00,0.00,0.00,,0.00,0.00,,,0.00,0.00,Matches,GK,False,shooting,691,Anthony Patterson,eng ENG,GK,25,2000,14,"1,260",90,30.4,14.0,1.00,90,1.00,0.00,,0.14,1.75,1.64,0.86,0.79,+0.79,+0.66,Matches,GK,False,playing_time,582,Anthony Patterson,eng ENG,GK,25,2000,14.0,0.00,0.00,0.00,0.00,0.07,0.00,0.00,0.00,0.00,,,0.00,Matches,GK,False,misc,38,Anthony Patterson,eng ENG,GK,25,2000,14,14,"1,260",14.0,0.86,0.86,3.14,2.29,72.7,0.57,0.21,0.21,0.43,42.9,0.00,0.00,0.00,0.00,,Matches,GK,False,goalkeeping
583,Aynsley Pears,eng ENG,GK,Blackburn,27,1998,13,12,"1,082",12.0,0.00,0.00,0.00,0.00,0.00,0.00,0.08,0.00,0.00,0.00,0.00,0.00,0.00,Matches,GK,False,aynsley pears,2025-2026,standard,583,Aynsley Pears,eng ENG,GK,27,1998,12.0,0.00,0.00,0.00,,0.00,0.00,,,0.00,0.00,Matches,GK,False,shooting,694,Aynsley Pears,eng ENG,GK,27,1998,13,"1,082",83,26.1,12.0,1.00,90,1.00,0.08,2,1.33,1.15,0.92,1.08,-0.17,-0.17,+0.19,Matches,GK,False,playing_time,583,Aynsley Pears,eng ENG,GK,27,1998,12.0,0.08,0.00,0.00,0.00,0.17,0.00,0.00,0.08,0.00,,,0.00,Matches,GK,False,misc,39,Aynsley Pears,eng ENG,GK,27,1998,13,12,"1,082",12.0,1.08,1.08,2.83,1.75,61.8,0.17,0.50,0.33,0.33,33.3,0.08,0.08,0.00,0.00,0.0,Matches,GK,False,goalkeeping
589,Daniel Peretz,il ISR,GK,Southampton,25,2000,20,20,"1,800",20.0,0.00,0.00,0.00,0.00,0.00,0.00,0.10,0.00,0.00,0.00,0.00,0.00,0.00,Matches,GK,False,daniel peretz,2025-2026,standard,589,Daniel Peretz,il ISR,GK,25,2000,20.0,0.00,0.00,0.00,,0.00,0.00,,,0.00,0.00,Matches,GK,False,shooting,700,Daniel Peretz,il ISR,GK,25,2000,20,"1,800",90,43.5,20.0,1.00,90,1.00,0.00,,0.00,2.32,2.20,0.90,1.30,+1.30,+1.30,Matches,GK,False,playing_time,589,Daniel Peretz,il ISR,GK,25,2000,20.0,0.10,0.00,0.00,0.00,0.25,0.00,0.00,0.00,0.00,,,0.00,Matches,GK,False,misc,40,Daniel Peretz,il ISR,GK,25,2000,20,20,"1,800",20.0,0.90,0.90,3.80,2.90,76.3,0.70,0.25,0.05,0.35,35.0,0.05,0.05,0.00,0.00,0.0,Matches,GK,False,goalkeeping
592,Dillon Phillips,eng ENG,GK,Hull City,30,1995,1,1,90,1.0,0.00,0.00,0.00,0.00,0.00,0.00,0.00,0.00,0.00,0.00,0.00,0.00,0.00,Matches,GK,False,dillon phillips,2025-2026,standard,592,Dillon Phillips,eng ENG,GK,30,1995,1.0,0.00,0.00,0.00,,0.00,0.00,,,0.00,0.00,Matches,GK,False,shooting,704,Dillon Phillips,eng ENG,GK,30,1995,1,90,90,2.2,1.0,1.00,90,1.00,0.00,,45.0,1.00,1.00,1.00,0.00,0.00,-0.09,Matches,GK,False,playing_time,592,Dillon Phillips,eng ENG,GK,30,1995,1.0,0.00,0.00,0.00,0.00,1.00,0.00,0.00,0.00,0.00,,,0.00,Matches,GK,False,misc,41,Dillon Phillips,eng ENG,GK,30,1995,1,1,90,1.0,1.00,1.00,4.00,3.00,75.0,0.00,1.00,0.00,0.00,0.0,1.00,1.00,0.00,0.00,0.0,Matches,GK,False,goalkeeping
636,Carl Rushworth,eng ENG,GK,Coventry City,24,2001,46,46,"4,140",46.0,0.00,0.02,0.02,0.00,0.00,0.00,0.04,0.00,0.00,0.02,0.02,0.00,0.02,Matches,GK,False,carl rushworth,2025-2026,standard,636,Carl Rushworth,eng ENG,GK,24,2001,46.0,0.00,0.00,0.00,,0.00,0.00,,,0.00,0.00,Matches,GK,False,shooting,752,Carl Rushworth,eng ENG,GK,24,2001,46,"4,140",90,100.0,46.0,1.00,90,1.00,0.00,,0.00,2.07,2.11,0.98,1.13,+1.13,,Matches,GK,False,playing_time,636,Carl Rushworth,eng ENG,GK,24,2001,46.0,0.04,0.00,0.00,0.04,0.20,0.00,0.00,0.00,0.04,,,0.00,Matches,GK,False,misc,42,Carl Rushworth,eng ENG,GK,24,2001,46,46,"4,140",46.0,0.98,0.98,3.63,2.63,73.1,0.61,0.24,0.15,0.37,37.0,0.07,0.07,0.00,0.00,0.0,Matches,GK,False,goalkeeping
649,Nicolas Schmid,at AUT,GK,Portsmouth,28,1997,34,34,"2,995",33.3,0.00,0.00,0.00,0.00,0.00,0.00,0.00,0.00,0.00,0.00,0.00,0.00,0.00,Matches,GK,False,nicolas schmid,2025-2026,standard,649,Nicolas Schmid,at AUT,GK,28,1997,33.3,0.00,0.00,0.00,,0.00,0.00,,,0.00,0.00,Matches,GK,False,shooting,768,Nicolas Schmid,at AUT,GK,28,1997,34,"2,995",88,72.3,33.3,1.02,88,0.99,0.00,,0.03,1.32,1.11,1.35,-0.24,-0.24,+0.31,Matches,GK,False,playing_time,649,Nicolas Schmid,at AUT,GK,28,1997,33.3,0.00,0.00,0.00,0.00,0.27,0.00,0.00,0.00,0.00,,,0.00,Matches,GK,False,misc,43,Nicolas Schmid,at AUT,GK,28,1997,34,34,"2,995",33.3,1.35,1.35,3.72,2.37,63.7,0.36,0.27,0.39,0.24,23.5,0.06,0.06,0.00,0.00,0.0,Matches,GK,False,goalkeeping
654,Egil Selvik,no NOR,GK,Watford,28,1997,40,40,"3,555",39.5,0.00,0.00,0.00,0.00,0.00,0.00,0.08,0.00,0.00,0.00,0.00,0.00,0.00,Matches,GK,False,egil selvik,2025-2026,standard,654,Egil Selvik,no NOR,GK,28,1997,39.5,0.00,0.00,0.00,,0.00,0.00,,,0.00,0.00,Matches,GK,False,shooting,773,Egil Selvik,no NOR,GK,28,1997,40,"3,555",89,85.9,39.5,1.01,89,0.99,0.00,,0.00,1.15,1.06,1.42,-0.35,-0.35,-0.66,Matches,GK,False,playing_time,654,Egil Selvik,no NOR,GK,28,1997,39.5,0.08,0.00,0.00,0.00,0.13,0.00,0.00,0.00,0.00,,,0.00,Matches,GK,False,misc,44,Egil Selvik,no NOR,GK,28,1997,40,40,"3,555",39.5,1.42,1.42,4.23,2.81,66.5,0.28,0.33,0.41,0.18,17.5,0.05,0.03,0.03,0.00,50.0,Matches,GK,False,goalkeeping
666,Tommy Simkin,eng ENG,GK,Stoke City,20,2004,15,15,"1,350",15.0,0.00,0.00,0.00,0.00,0.00,0.00,0.13,0.00,0.00,0.00,0.00,0.00,0.00,Matches,GK,False,tommy simkin,2025-2026,standard,666,Tommy Simkin,eng ENG,GK,20,2004,15.0,0.00,0.00,0.00,,0.00,0.00,,,0.00,0.00,Matches,GK,False,shooting,788,Tommy Simkin,eng ENG,GK,20,2004,15,"1,350",90,32.6,15.0,1.00,90,1.00,0.00,,0.47,1.07,1.20,1.53,-0.33,-0.33,-0.33,Matches,GK,False,playing_time,666,Tommy Simkin,eng ENG,GK,20,2004,15.0,0.13,0.00,0.00,0.00,0.13,0.00,0.00,0.00,0.00,,,0.00,Matches,GK,False,misc,45,Tommy Simkin,eng ENG,GK,20,2004,15,15,"1,350",15.0,1.53,1.53,3.93,2.40,61.0,0.27,0.27,0.47,0.20,20.0,0.00,0.00,0.00,0.00,,Matches,GK,False,goalkeeping
690,Jakub Stolarczyk,pl POL,GK,Leicester City,24,2000,36,36,"3,195",35.5,0.00,0.00,0.00,0.00,0.00,0.00,0.03,0.00,0.00,0.00,0.00,0.00,0.00,Matches,GK,False,jakub stolarczyk,2025-2026,standard,690,Jakub Stolarczyk,pl POL,GK,24,2000,35.5,0.00,0.00,0.00,,0.00,0.00,,,0.00,0.00,Matches,GK,False,shooting,818,Jakub Stolarczyk,pl POL,GK,24,2000,36,"3,195",89,77.2,35.5,1.01,89,0.99,0.00,,0.17,1.19,1.21,1.32,-0.11,-0.11,+0.46,Matches,GK,False,playing_time,690,Jakub Stolarczyk,pl POL,GK,24,2000,35.5,0.03,0.00,0.00,0.00,0.20,0.00,0.00,0.03,0.00,,,0.00,Matches,GK,False,misc,46,Jakub Stolarczyk,pl POL,GK,24,2000,36,36,"3,195",35.5,1.32,1.32,3.97,2.62,66.7,0.28,0.37,0.37,0.17,16.7,0.08,0.03,0.06,0.00,66.7,Matches,GK,False,goalkeeping
726,Balázs Tóth,hu HUN,GK,Blackburn,27,1997,34,34,"3,058",34.0,0.00,0.00,0.00,0.00,0.00,0.00,0.00,0.00,0.00,0.00,0.00,0.00,0.00,Matches,GK,False,balazs toth,2025-2026,standard,726,Balázs Tóth,hu HUN,GK,27,1997,34.0,0.00,0.00,0.00,,0.00,0.00,,,0.00,0.00,Matches,GK,False,shooting,862,Balázs Tóth,hu HUN,GK,27,1997,34,"3,058",90,73.9,34.0,1.00,90,0.97,0.00,,0.09,1.18,0.91,1.26,-0.35,-0.35,-0.19,Matches,GK,False,playing_time,726,Balázs Tóth,hu HUN,GK,27,1997,34.0,0.00,0.00,0.00,0.00,0.09,0.00,0.00,0.03,0.06,,,0.00,Matches,GK,False,misc,47,Balázs Tóth,hu HUN,GK,27,1997,34,34,"3,058",34.0,1.26,1.27,4.15,2.85,69.5,0.32,0.21,0.47,0.26,26.5,0.06,0.06,0.00,0.00,0.0,Matches,GK,False,goalkeeping
743,Josh Vickers,eng ENG,GK,Derby County,29,1995,7,7,625,6.9,0.00,0.00,0.00,0.00,0.00,0.00,0.00,0.00,0.00,0.00,0.00,0.00,0.00,Matches,GK,False,josh vickers,2025-2026,standard,743,Josh Vickers,eng ENG,GK,29,1995,6.9,0.00,0.00,0.00,,0.00,0.00,,,0.00,0.00,Matches,GK,False,shooting,884,Josh Vickers,eng ENG,GK,29,1995,7,625,89,15.1,6.9,1.01,89,0.87,0.00,,4.06,1.29,1.45,1.59,-0.14,-0.14,-0.37,Matches,GK,False,playing_time,743,Josh Vickers,eng ENG,GK,29,1995,6.9,0.00,0.00,0.00,0.00,0.43,0.00,0.00,0.00,0.00,,,0.00,Matches,GK,False,misc,48,Josh Vickers,eng ENG,GK,29,1995,7,7,625,6.9,1.59,1.58,4.49,2.90,64.5,0.43,0.00,0.58,0.14,14.3,0.00,0.00,0.00,0.00,,Matches,GK,False,goalkeeping
744,Lawrence Vigouroux,cl CHI,GK,Swansea City,31,1993,45,45,"4,050",45.0,0.00,0.00,0.00,0.00,0.00,0.00,0.02,0.00,0.00,0.00,0.00,0.00,0.00,Matches,GK,False,lawrence vigouroux,2025-2026,standard,744,Lawrence Vigouroux,cl CHI,GK,31,1993,45.0,0.00,0.00,0.00,,0.00,0.00,,,0.00,0.00,Matches,GK,False,shooting,886,Lawrence Vigouroux,cl CHI,GK,31,1993,45,"4,050",90,97.8,45.0,1.00,90,1.00,0.00,,0.00,1.36,1.20,1.29,-0.09,-0.09,-2.09,Matches,GK,False,playing_time,744,Lawrence Vigouroux,cl CHI,GK,31,1993,45.0,0.02,0.00,0.00,0.02,0.13,0.00,0.00,0.00,0.00,,,0.00,Matches,GK,False,misc,49,Lawrence Vigouroux,cl CHI,GK,31,1993,45,45,"4,050",45.0,1.29,1.29,4.51,3.22,71.4,0.38,0.22,0.40,0.27,26.7,0.09,0.09,0.00,0.00,0.0,Matches,GK,False,goalkeeping
746,Radek Vítek,,GK,Bristol City,21,2003,41,41,"3,690",41.0,0.00,0.00,0.00,0.00,0.00,0.00,0.05,0.00,0.00,0.00,0.00,0.00,0.00,Matches,GK,False,radek vitek,2025-2026,standard,746,Radek Vítek,,GK,21,2003,41.0,0.00,0.00,0.00,,0.00,0.00,,,0.00,0.00,Matches,GK,False,shooting,888,Radek Vítek,,GK,21,2003,41,"3,690",90,89.1,41.0,1.00,90,1.00,0.00,,0.00,1.29,1.20,1.32,-0.12,-0.12,-1.12,Matches,GK,False,playing_time,746,Radek Vítek,,GK,21,2003,41.0,0.05,0.00,0.00,0.00,0.37,0.00,0.00,0.02,0.05,,,0.02,Matches,GK,False,misc,50,Radek Vítek,,GK,21,2003,41,41,"3,690",41.0,1.32,1.32,4.59,3.24,71.3,0.34,0.27,0.39,0.29,29.3,0.05,0.05,0.00,0.00,0.0,Matches,GK,False,goalkeeping
754,Joe Walsh,eng ENG,GK,QPR,23,2002,23,23,"2,070",23.0,0.00,0.00,0.00,0.00,0.00,0.00,0.00,0.00,0.00,0.00,0.00,0.00,0.00,Matches,GK,False,joe walsh,2025-2026,standard,754,Joe Walsh,eng ENG,GK,23,2002,23.0,0.00,0.00,0.00,,0.00,0.00,,,0.00,0.00,Matches,GK,False,shooting,897,Joe Walsh,eng ENG,GK,23,2002,23,"2,070",90,50.0,23.0,1.00,90,1.00,0.00,,0.09,1.04,1.17,1.83,-0.65,-0.65,-0.78,Matches,GK,False,playing_time,754,Joe Walsh,eng ENG,GK,23,2002,23.0,0.00,0.00,0.00,0.00,0.17,0.00,0.00,0.00,0.00,,,0.00,Matches,GK,False,misc,51,Joe Walsh,eng ENG,GK,23,2002,23,23,"2,070",23.0,1.83,1.83,4.74,2.91,61.5,0.26,0.26,0.48,0.17,17.4,0.09,0.09,0.00,0.00,0.0,Matches,GK,False,goalkeeping
756,Christian Walton,eng ENG,GK,Ipswich Town,29,1995,37,36,"3,307",36.7,0.00,0.00,0.00,0.00,0.00,0.00,0.11,0.00,0.00,0.00,0.00,0.00,0.00,Matches,GK,False,christian walton,2025-2026,standard,756,Christian Walton,eng ENG,GK,29,1995,36.7,0.00,0.00,0.00,,0.00,0.00,,,0.00,0.00,Matches,GK,False,shooting,899,Christian Walton,eng ENG,GK,29,1995,37,"3,307",89,79.9,36.7,0.98,90,0.98,0.03,67,0.25,1.92,1.74,1.01,0.74,+0.73,+0.09,Matches,GK,False,playing_time,756,Christian Walton,eng ENG,GK,29,1995,36.7,0.11,0.00,0.00,0.03,0.14,0.00,0.00,0.00,0.00,,,0.00,Matches,GK,False,misc,52,Christian Walton,eng ENG,GK,29,1995,37,36,"3,307",36.7,1.01,1.01,3.60,2.59,72.0,0.54,0.30,0.14,0.44,44.4,0.08,0.05,0.03,0.00,33.3,Matches,GK,False,goalkeeping
757,Jack Walton,eng ENG,GK,Preston,27,1998,3,3,270,3.0,0.00,0.00,0.00,0.00,0.00,0.00,0.00,0.00,0.00,0.00,0.00,0.00,0.00,Matches,GK,False,jack walton,2025-2026,standard,757,Jack Walton,eng ENG,GK,27,1998,3.0,0.00,0.00,0.00,,0.00,0.00,,,0.00,0.00,Matches,GK,False,shooting,900,Jack Walton,eng ENG,GK,27,1998,3,270,90,6.5,3.0,1.00,90,1.00,0.00,,12.0,0.00,0.00,2.67,-2.67,-2.67,-2.69,Matches,GK,False,playing_time,757,Jack Walton,eng ENG,GK,27,1998,3.0,0.00,0.00,0.00,0.00,0.00,0.00,0.00,0.00,0.00,,,0.00,Matches,GK,False,misc,53,Jack Walton,eng ENG,GK,27,1998,3,3,270,3.0,2.67,2.67,7.33,4.67,63.6,0.00,0.00,1.00,0.00,0.0,0.00,0.00,0.00,0.00,,Matches,GK,False,goalkeeping
758,Danny Ward,wls WAL,GK,Wrexham,32,1993,8,8,719,8.0,0.00,0.00,0.00,0.00,0.00,0.00,0.00,0.00,0.00,0.00,0.00,0.00,0.00,Matches,GK,False,danny ward,2025-2026,standard,758,Danny Ward,wls WAL,GK,32,1993,8.0,0.00,0.00,0.00,,0.00,0.00,,,0.00,0.00,Matches,GK,False,shooting,901,Danny Ward,wls WAL,GK,32,1993,8,719,90,17.4,8.0,1.00,90,0.88,0.00,,1.50,1.38,1.50,1.50,0.00,0.00,-0.11,Matches,GK,False,playing_time,758,Danny Ward,wls WAL,GK,32,1993,8.0,0.00,0.00,0.00,0.00,0.00,0.00,0.00,0.00,0.00,,,0.00,Matches,GK,False,misc,54,Danny Ward,wls WAL,GK,32,1993,8,8,719,8.0,1.50,1.50,4.63,3.13,67.6,0.38,0.25,0.38,0.38,37.5,0.00,0.00,0.00,0.00,,Matches,GK,False,goalkeeping
770,Jacob Widell Zetterström,se SWE,GK,Derby County,27,1998,32,32,"2,880",32.0,0.00,0.00,0.00,0.00,0.00,0.00,0.03,0.00,0.00,0.00,0.00,0.00,0.00,Matches,GK,False,jacob widell zetterstrom,2025-2026,standard,770,Jacob Widell Zetterström,se SWE,GK,27,1998,32.0,0.00,0.00,0.00,,0.00,0.00,,,0.00,0.00,Matches,GK,False,shooting,915,Jacob Widell Zetterström,se SWE,GK,27,1998,32,"2,880",90,69.6,32.0,1.00,90,1.00,0.00,,0.00,1.41,1.34,1.31,0.03,+0.03,-0.47,Matches,GK,False,playing_time,770,Jacob Widell Zetterström,se SWE,GK,27,1998,32.0,0.03,0.00,0.00,0.00,0.41,0.00,0.00,0.06,0.00,,,0.00,Matches,GK,False,misc,55,Jacob Widell Zetterström,se SWE,GK,27,1998,32,32,"2,880",32.0,1.31,1.31,4.53,3.13,71.0,0.38,0.28,0.34,0.22,21.9,0.16,0.13,0.03,0.00,20.0,Matches,GK,False,goalkeeping
771,Joe Wildsmith,eng ENG,GK,West Brom,29,1995,7,7,630,7.0,0.00,0.00,0.00,0.00,0.00,0.00,0.00,0.00,0.00,0.00,0.00,0.00,0.00,Matches,GK,False,joe wildsmith,2025-2026,standard,771,Joe Wildsmith,eng ENG,GK,29,1995,7.0,0.00,0.00,0.00,,0.00,0.00,,,0.00,0.00,Matches,GK,False,shooting,916,Joe Wildsmith,eng ENG,GK,29,1995,7,630,90,15.2,7.0,1.00,90,1.00,0.00,,3.00,0.86,1.14,1.57,-0.43,-0.43,-0.25,Matches,GK,False,playing_time,771,Joe Wildsmith,eng ENG,GK,29,1995,7.0,0.00,0.00,0.00,0.00,0.29,0.00,0.00,0.00,0.00,,,0.00,Matches,GK,False,misc,56,Joe Wildsmith,eng ENG,GK,29,1995,7,7,630,7.0,1.57,1.57,2.86,1.29,45.0,0.29,0.00,0.71,0.14,14.3,0.14,0.14,0.00,0.00,0.0,Matches,GK,False,goalkeeping
